Recipe URL,Recipe Title,Description/Summary,Cover Image URL,Prep Time (minutes),Cook Time (minutes),Servings/Serves,Difficulty Level,Ingredients List,Step-by-Step Instructions,Calories,Protein,Carbs,Fat,Fiber,Cuisine Type,Meal Type,Tags,Rating (Average),Rating (Count)
https://www.allrecipes.com/recipe/8508776/homemade-pasta-roni/,Homemade Pasta Roni,Homemade pasta roni is a quick and easy midweek meal.,https://www.allrecipes.com/thmb/4usy3EsYHA5mKgh07rGuARO9NLM=/1500x0/filters:no_upscale():max_bytes(150000):strip_icc()/8508776-Pasta-Roni-thedailygourmet-8508778-4x3-1-7639cecbf2794dc8a57f237b25ef9ec1.jpg,5,10,2 servings,,"2 cups chicken broth; 3 ounces angel hair pasta; 1 tablespoon butter; 1 clove garlic, minced; 0.5 teaspoon Italian seasoning; 0.25 cup heavy cream; 0.75 cup finely shredded Parmesan cheese; 1 teaspoon minced fresh parsley, or to taste","Bring chicken broth in a saucepan to a boil over medium-high heat. Cook angel hair pasta in the boiling broth, stirring occasionally, until tender yet firm to the bite, 4 to 5 minutes.
Drain pasta, reserving 1/4 cup of chicken broth.
Melt butter in a saucepan over medium-low heat; add garlic and cook until fragrant, about 30 seconds. Stir in Italian seasoning, reserved 1/4 cup chicken broth, and whipping cream. Add Parmesan cheese and stir until melted.
Stir in angel hair pasta; toss to coat. Garnish with freshly minced parsley.",423 kcal,18 g,28 g,27 g,2 g,,,"Rate, Share, Keep Screen Awake, Show Full Nutrition Label, Hide Full Nutrition Label, Servings Per Recipe, Calories, Total Fat, Saturated Fat, Cholesterol, Sodium, Total Carbohydrate, Dietary Fiber, Protein, Potassium, Shrimp Pasta with Lemon-Butter Sauce1Rating, Greek Yogurt Carbonara10Ratings, Quick and Easy Chicken Spaghetti258Ratings, Old Bay Shrimp and Pasta Alfredo8Ratings, Lemon Shrimp Pasta5Ratings, Pasta with Asparagus301Ratings, Easy Ranch Spaghetti Carbonara, Pasta Con Sarde (Pasta with Sardines)45Ratings, Spaghetti Carbonara I49Ratings, Delicious Angel Hair Pasta13Ratings, Avocado Carbonara for Two1Rating, Champagne Shrimp and Pasta644Ratings, Easy Chicken and Broccoli Alfredo159Ratings, Chef John's Spaghetti alla Carbonara275Ratings, Healthy",4.5,13
https://www.allrecipes.com/recipe/47015/quick-and-easy-pancit/,Quick and Easy Pancit,"This pancit recipe is easy to make with stir-fried chicken, shredded cabbage, and sliced carrots tossed with rice noodles and flavored with soy sauce.",https://www.allrecipes.com/thmb/Cdbkvquzs3vm1sdHMWOFmhZF2FA=/1500x0/filters:no_upscale():max_bytes(150000):strip_icc()/RM-47015-quick-and-easy-pancit-ddmfs-3x4-2671-a0c27b0ad0da4b33ab7fc736cd7e7d7c.jpg,15,15,6 servings,,"1 (12 ounce) package dried rice noodles; 1 teaspoon vegetable oil; 1 onion, finely diced; 3 cloves garlic, minced; 2 cups diced cooked chicken breast meat; 1 small head cabbage, thinly sliced; 4 carrot, thinly sliced; 0.25 cup soy sauce; 2 lemons - cut into wedges, for garnish","Gather all ingredients.
Place rice noodles in a large bowl; cover with warm water and let soften for 8 to 10 minutes. Drain and set aside.
Meanwhile, heat oil in a wok or large skillet over medium-low heat. Add onion and garlic; cook and stir until onion is tender, about 3 to 5 minutes. Stir in chicken, cabbage, carrots, and soy sauce. Cook until cabbage begins to soften.
Toss in noodles and cook, stirring constantly, until heated through.
Transfer pancit to a serving dish and garnish with lemon wedges.",369 kcal,18 g,65 g,5 g,7 g,"Filipino,American",Dinner,"Rate, Share, Keep Screen Awake, Show Full Nutrition Label, Hide Full Nutrition Label, Servings Per Recipe, Calories, Total Fat, Saturated Fat, Cholesterol, Sodium, Total Carbohydrate, Dietary Fiber, Total Sugars, Protein, Vitamin C, Calcium, Iron, Potassium, Authentic Filipino Pancit12Ratings, Filipino Pancit Bihon with Canton, Classic Pad Thai31Ratings, Pancit Molo (Filipino Wonton Soup)4Ratings, Thai Stir-Fried Noodles (Pad See Ew)2Ratings, Chicken Stir-Fry with Ramen5Ratings, Pancit Sotanghon2Ratings, Grandma Nena's Lumpia and Pancit34Ratings, Authentic Pad Thai297Ratings, A Pad Thai Worth Making206Ratings, Mild Thai Beef with a Tangerine Sauce6Ratings, Spicy Kimchi Chicken Rotini2Ratings, Quick and Easy Chicken and Tomato Pasta57Ratings, Healthy",4.4,523
https://www.allrecipes.com/recipe/23431/to-die-for-fettuccine-alfredo/,To Die For Fettuccine Alfredo,"Fettuccine Alfredo with Romano and Parmesan cheeses, cream, and butter. This delicious sauce for fettuccine pasta is rich in taste yet simple to make.",https://www.allrecipes.com/thmb/ey5aal-JHk7PoNP92is_VCambmA=/1500x0/filters:no_upscale():max_bytes(150000):strip_icc()/AR-23431-to-die-for-fettuccine-alfredo-DDMFS-beauty-3x4-b64d36c7ff314cb39774e261c5b18352.jpg,15,15,6 servings,,24 ounces dry fettuccine pasta; 1 cup butter; 0.75 pint heavy cream; salt and pepper to taste; 1 dash garlic salt; 0.75 cup grated Romano cheese; 0.5 cup grated Parmesan cheese,"Gather all ingredients.
Bring a large pot of lightly salted water to a boil. Add fettuccine pasta and cook for 8 to 10 minutes or until al dente; drain.
Melt butter into cream in a large saucepan over low heat; add salt, pepper, and garlic salt.
Increase the heat to medium; stir in grated Romano and Parmesan cheese until melted and sauce has thickened.
Add cooked pasta to sauce and toss until thoroughly coated; serve immediately.",964 kcal,24 g,84 g,61 g,4 g,Italian,Dinner,"Rate, Share, Keep Screen Awake, Show Full Nutrition Label, Hide Full Nutrition Label, Servings Per Recipe, Calories, Total Fat, Saturated Fat, Cholesterol, Sodium, Total Carbohydrate, Dietary Fiber, Total Sugars, Protein, Vitamin C, Calcium, Iron, Potassium, Mushroom Tortellini Alfredo2Ratings, Lighter Mushroom Tortellini Alfredo2Ratings, Homemade Chicken Fettuccine258Ratings, Creamy Ham and Asparagus Fettuccine139Ratings, Lighter Chicken Fettuccine Alfredo140Ratings, Instant Pot® Angel Hair Alfredo Pasta1Rating, Cajun Shrimp and Sausage Alfredo2Ratings, Steak and Mushroom Tortellini Alfredo4Ratings, Chicken Fettuccine Alfredo, Instant Pot Chicken Alfredo5Ratings, Creamy Sun-Dried Tomato Fettuccine2Ratings, Quick One-Pot Chicken Alfredo30Ratings, Skinny Alfredo Sauce42Ratings, Cream Cheese Alfredo Sauce133Ratings, Three-Ingredient Keto Alfredo Sauce8Ratings, Healthy, Three-Ingredient Keto Alfredo Sauce",4.7,2331
https://www.allrecipes.com/recipe/228823/quick-beef-stir-fry/,Quick Beef Stir-Fry,This beef stir-fry recipe is quick and easy for busy weeknights. Thin slices of beef sirloin are stir-fried with colorful vegetables and soy sauce.,https://www.allrecipes.com/thmb/7N-Xq1XMMJw8G0KJv2e0ETUYB2I=/1500x0/filters:no_upscale():max_bytes(150000):strip_icc()/228823-quick-beef-stir-fry-DDMFS-4x3-1f79b031d3134f02ac27d79e967dfef5.jpg,15,10,4 servings,,"2 tablespoons vegetable oil; 1 pound beef sirloin, cut into 2-inch strips; 1.5 cups fresh broccoli florets; 1 red bell pepper, cut into matchsticks; 2 carrots, thinly sliced; 1 green onion, chopped; 1 teaspoon minced garlic; 2 tablespoons soy sauce; 2 tablespoons sesame seeds, toasted","Gather all ingredients.
Heat vegetable oil in a large wok or skillet over medium-high heat; add beef and stir-fry until browned, 3 to 4 minutes.
Move beef to the side of the wok and add broccoli, bell pepper, carrots, green onion, and garlic to the center of the wok; stir-fry vegetables for 2 minutes.
Stir beef into vegetables and season with soy sauce and sesame seeds. Continue to cook and stir until vegetables are tender, about 2 more minutes.
Serve hot and enjoy!",268 kcal,23 g,9 g,16 g,3 g,Chinese,Dinner,"Rate, Share, Keep Screen Awake, Show Full Nutrition Label, Hide Full Nutrition Label, Servings Per Recipe, Calories, Total Fat, Saturated Fat, Cholesterol, Sodium, Total Carbohydrate, Dietary Fiber, Total Sugars, Protein, Vitamin C, Calcium, Iron, Potassium, Black Pepper Beef and Cabbage Stir Fry785Ratings, Beef with Green Onion37Ratings, Broccoli Beef I1,112Ratings, Mongolian Beef and Spring Onions1,199Ratings, Chicken Yaki Udon11Ratings, Orange Peel Beef56Ratings, Easy Keto Korean Beef with Cauli Rice43Ratings, Healthy Steak Stir-Fry13Ratings, Fake Sukiyaki6Ratings, Beef with Vegetables91Ratings, Quick and Easy Teriyaki Beef Stir-Fry16Ratings, Thai Stir-Fried Noodles (Pad See Ew)2Ratings, Japanese Minced Beef4Ratings, Air Fryer Mini Italian Meatloaves for Two, Chinese Pepper Steak1,074Ratings, Sweet and Sour Chicken Stir-Fry611Ratings, Healthy, Healthy Steak Stir-Fry, Easy Keto Korean Beef with Cauli Rice",4.5,472
https://www.allrecipes.com/recipe/11887/pesto-pasta/,Pesto Pasta,"This pesto pasta dish is a deliciously easy midweek meal you can make in just 15 minutes with any pasta, basil pesto sauce, and Parmesan cheese.",https://www.allrecipes.com/thmb/SPv966QBGw3pYJveVLwrW8m-QfY=/1500x0/filters:no_upscale():max_bytes(150000):strip_icc()/AR-RM-11887-pesto-pasta-ddmfs-3x4-deed54c61faa4c95a4cd467e5f4066ab.jpg,5,10,8 servings,,1 (16 ounce) package pasta; 2 tablespoons olive oil; 0.5 cup chopped onion; 2.5 tablespoons pesto; salt to taste; ground black pepper to taste; 2 tablespoons grated Parmesan cheese,"Gather all ingredients.
Fill a large pot with lightly salted water and bring to a rolling boil. Stir in pasta and return to a boil. Cook pasta uncovered, stirring occasionally, until tender yet firm to the bite, about 8 to 10 minutes. Drain and transfer into a large bowl.
Meanwhile, heat oil in a frying pan over medium-low heat. Add onion; cook and stir until softened, about 3 minutes.
Stir in pesto, salt, and pepper until warmed through.
Add pesto mixture to hot pasta; stir in grated cheese and toss well to coat.",225 kcal,8 g,32 g,7 g,3 g,"Italian Inspired,Italian",Dinner,"Rate, Share, Keep Screen Awake, Show Full Nutrition Label, Hide Full Nutrition Label, Servings Per Recipe, Calories, Total Fat, Saturated Fat, Cholesterol, Sodium, Total Carbohydrate, Dietary Fiber, Total Sugars, Protein, Vitamin C, Calcium, Iron, Potassium, Garlicky Pesto Salmon with Penne, Noodles64Ratings, Pesto Cavatappi, Lemon Orzo Primavera202Ratings, Quick and Easy Chicken Spaghetti258Ratings, Chicken Milano2,813Ratings, Vegetarian Bolognese with Soy Chorizo1Rating, Spaghetti alla Carbonara108Ratings, Presto Pesto Hamburger Mac102Ratings, Ziti with Tomato-Pesto Sauce36Ratings, Easy Meatballs33Ratings, Cavatappi with Roasted Broccoli and Pesto1Rating, Creamy Chicken and Tomatillo Verde Pasta, Lemon-Pepper Chicken Pasta3Ratings, Healthy, Vegetarian Bolognese with Soy Chorizo",4.5,218
https://www.allrecipes.com/recipe/257938/spicy-thai-basil-chicken-pad-krapow-gai/,Spicy Thai Basil Chicken (Pad Krapow Gai),"Chef John's version of this classic Thai dish, made with freshly chopped chicken thighs and fresh basil, has a rich sauce that cooks down into a caramelized glaze.",https://www.allrecipes.com/thmb/NimapCyPk8WQ1gcO-4J5Y6SQgLk=/1500x0/filters:no_upscale():max_bytes(150000):strip_icc()/257938-spicy-thai-basil-chicken-chef-john-4x3-84457b900e2e4ec5823e8ace55df7b34.jpg,15,10,2 servings,,"0.33333334326744 cup chicken broth; 1 tablespoon oyster sauce; 1 tablespoon soy sauce, or as needed; 2 teaspoons fish sauce; 1 teaspoon white sugar; 1 teaspoon brown sugar; 2 tablespoons vegetable oil; 1 pound skinless, boneless chicken thighs, coarsely chopped; 0.25 cup sliced shallots; 4 cloves garlic, minced; 2 tablespoons minced Thai chilies, Serrano, or other hot pepper; 1 cup very thinly sliced fresh basil leaves; 2 cups hot cooked rice","Gather ingredients.
Whisk chicken broth, oyster sauce, soy sauce, fish sauce, white sugar, and brown sugar together in a bowl until well blended.
Heat large skillet over high heat. Drizzle in oil. Add chicken and stir fry until it loses its raw color, 2 to 3 minutes.
Stir in shallots, garlic, and sliced chilies. Continue cooking on high heat until some of the juices start to caramelize in the bottom of the pan, about 2 or 3 more minutes.
Add about a tablespoon of the sauce mixture to the skillet; cook and stir until sauce begins to caramelize, about 1 minute.
Pour in the rest of the sauce. Cook and stir until sauce has deglazed the bottom of the pan. Continue to cook until sauce glazes onto the meat, 1 or 2 more minutes. Remove from heat.
Stir in basil. Cook and stir until basil is wilted, about 20 seconds. Serve with rice.
Serve hot and enjoy!",715 kcal,50 g,59 g,30 g,1 g,Thai,Dinner,"Rate, Share, Keep Screen Awake, Show Full Nutrition Label, Hide Full Nutrition Label, Servings Per Recipe, Calories, Total Fat, Saturated Fat, Cholesterol, Sodium, Total Carbohydrate, Dietary Fiber, Total Sugars, Protein, Vitamin C, Calcium, Iron, Potassium, Pad Se Eew47Ratings, Thai Ground Chicken Basil139Ratings, Thai Chicken Thighs4Ratings, Thai Tamarind Chicken2Ratings, Thai Chicken with Basil Stir Fry445Ratings, A Pad Thai Worth Making206Ratings, Thai Chicken197Ratings, Gkai Kamin14Ratings, Thai Spicy Basil Chicken Fried Rice201Ratings, Authentic Thai Cashew Chicken101Ratings, Thai Curry Chicken25Ratings, Spicy Thai Peanut Noodles6Ratings, Classic Pad Thai31Ratings, Thai Cashew Chicken117Ratings, Becky's Slow Cooker Gluten-Free Thai Chicken Curry, Healthy, Khao Man Gai Thai Chicken and Rice (Healthy Version)",4.8,1253
https://www.allrecipes.com/recipe/72068/chicken-katsu/,Chicken Katsu,Chicken katsu is a Japanese-style fried chicken cutlet coated with crispy panko. Serve with hot rice and tonkatsu sauce for a restaurant-worthy dish.,https://www.allrecipes.com/thmb/6-GMzVI_cA_5HqdfG8jXXAANPo0=/1500x0/filters:no_upscale():max_bytes(150000):strip_icc()/image-2000-1-ed10b562f0a34901b18e8f931f0782ef.jpg,15,10,4 servings,,"4 skinless, boneless chicken breast halves - pounded to 1/2 inch thickness; salt and pepper to taste; 2 tablespoons all-purpose flour; 1 egg, beaten; 1 cup panko bread crumbs; 1 cup oil for frying, or as needed","Gather all ingredients.
Season chicken breasts on both sides with salt and pepper.
Place flour, beaten egg, and panko crumbs into separate shallow dishes.
Coat chicken breasts in flour, shaking off any excess; dip into egg, and then press into panko crumbs until well coated on both sides.
Heat oil in a large skillet over medium-high heat. Place chicken in the hot oil, and fry until golden brown, 3 or 4 minutes per side. Transfer to a paper towel-lined plate to drain.
Serve and enjoy.",297 kcal,31 g,22 g,11 g,0 g,Japanese,Dinner,"Rate, Share, Keep Screen Awake, Show Full Nutrition Label, Hide Full Nutrition Label, Servings Per Recipe, Calories, Total Fat, Saturated Fat, Cholesterol, Sodium, Total Carbohydrate, Dietary Fiber, Total Sugars, Protein, Calcium, Iron, Potassium, Baked Chicken Schnitzel313Ratings, Juicy Chicken32Ratings, Baked Garlic Parmesan Chicken3,328Ratings, Kid-Friendly Chicken Katsu, Angela's Easy Breaded Chicken374Ratings, Yakisoba Chicken539Ratings, Muenster Chicken and Mushrooms149Ratings, Japanese-Style Deep Fried Chicken77Ratings, 6 Katsu Recipes to Try ASAP, Chicken Supreme IV59Ratings, Lemon Chicken Tenders356Ratings, Chicken Monterey257Ratings, Buffalo Chicken Sushi Roll2Ratings, Healthy",4.7,931
https://www.allrecipes.com/recipe/16311/simple-beef-stroganoff/,Simple Beef Stroganoff,This easy beef stroganoff recipe with ground beef is made rich and creamy with sour cream and mushroom soup and ready to serve in under 30 minutes.,https://www.allrecipes.com/thmb/Rh2NialypvMY-ory6lY4_6cFPvE=/1500x0/filters:no_upscale():max_bytes(150000):strip_icc()/16311-simple-beef-stroganoff-DDMFS-4x3-1e966286eef54c0f96c882e569926eb3.jpg,5,15,4 servings,,1 (8 ounce) package egg noodles; 1 pound ground beef; 1 (10.5 ounce) can fat-free condensed cream of mushroom soup; 1 tablespoon garlic powder; 0.5 cup sour cream; salt and ground black pepper to taste,"Gather all ingredients.
Sauté ground beef in a large skillet over medium heat until browned and crumbly; 5 to 10 minutes.
Meanwhile, fill a large pot with lightly salted water and bring to a rapid boil. Cook egg noodles at a boil until tender yet firm to the bite, 7 to 9 minutes. Drain and set aside.
Drain and discard any fat from the cooked beef. Stir condensed soup and garlic powder into the beef. Simmer for 10 minutes, stirring occasionally.
Remove beef from the heat. Add egg noodles and stir to combine. Stir in sour cream and season with salt and pepper.
Serve hot and enjoy!",679 kcal,29 g,48 g,41 g,3 g,American,Dinner,"Rate, Share, Keep Screen Awake, Show Full Nutrition Label, Hide Full Nutrition Label, Servings Per Recipe, Calories, Total Fat, Saturated Fat, Cholesterol, Sodium, Total Carbohydrate, Dietary Fiber, Total Sugars, Protein, Vitamin C, Calcium, Iron, Potassium, Simple Hamburger Stroganoff1,124Ratings, Easy Ground Beef Stroganoff436Ratings, Asian Ground Beef Noodle Bowls39Ratings, Cheese and Hamburger Macaroni172Ratings, Dad's Spaghetti44Ratings, Presto Pesto Hamburger Mac102Ratings, Quick and Easy Hamburger Stroganoff329Ratings, Penne with Cauliflower and Beef Sauce, Speedy Chili Mac and Cheese, Buttered Noodles278Ratings, Spaghetti alla Carbonara108Ratings, Noodles64Ratings, Healthy",4.4,1051
https://www.allrecipes.com/recipe/8887/chicken-marsala/,Chicken Marsala,Chicken Marsala is an Italian-style dish of tender pan-fried chicken breasts in a sweet Marsala wine and mushroom sauce.,https://www.allrecipes.com/thmb/3Wlwc5yDGFPIFPTj_PdWTYDqTL8=/1500x0/filters:no_upscale():max_bytes(150000):strip_icc()/8887-chicken-marsala-DDMFS-4x3-a0be8776efe74429a586af0ac1d7c1dd.jpg,10,20,4 servings,,"0.25 cup all-purpose flour for coating; 0.5 teaspoon salt; 0.25 teaspoon ground black pepper; 0.5 teaspoon dried oregano; 4 medium skinless, boneless chicken breast halves - pounded 1/4 inch thick; 4 tablespoons butter; 4 tablespoons olive oil; 1 cup sliced mushrooms; 0.5 cup Marsala wine; 0.25 cup cooking sherry","Gather all ingredients.
In a shallow dish or bowl, mix together the flour, salt, pepper and oregano.
Coat chicken pieces in flour mixture.
In a large skillet, melt butter in olive oil over medium heat. Place chicken in the pan, and lightly brown.
Turn over chicken pieces, and add mushrooms. Pour in wine and sherry.
Cover skillet; simmer chicken 10 minutes, turning once, until no longer pink and juices run clear.
Serve hot and enjoy!",448 kcal,29 g,13 g,27 g,1 g,Italian,Dinner,"Rate, Share, Keep Screen Awake, Show Full Nutrition Label, Hide Full Nutrition Label, Servings Per Recipe, Calories, Total Fat, Saturated Fat, Cholesterol, Sodium, Total Carbohydrate, Dietary Fiber, Total Sugars, Protein, Vitamin C, Calcium, Iron, Potassium, Garlic Wine Chicken70Ratings, Easy Tomato Chicken Marsala18Ratings, Creamy Chicken Marsala93Ratings, Easier Chicken Marsala849Ratings, Chicken and Broccoli Pasta235Ratings, Instant Pot® Chicken Marsala6Ratings, Quick Chicken Piccata1,782Ratings, Easy Paleo Chicken Marsala6Ratings, Easy Chicken Saltimbocca101Ratings, Chicken Milanese86Ratings, Chicken Marsala Florentine525Ratings, Italian Beer Marinated Chicken13Ratings, Tender Italian Baked Chicken1,490Ratings, Boneless Chicken Cacciatore4Ratings, Healthy",4.6,6024
https://www.allrecipes.com/recipe/201934/pan-seared-tilapia/,Pan-Seared Tilapia,"Learn how to cook tilapia with this simple, 15-minute recipe for pan-seared tilapia. This easy method produces delicious, flavorful fillets the whole family will enjoy.",https://www.allrecipes.com/thmb/qvJciCvMkIkaEotJTHHA3jHkEDo=/1500x0/filters:no_upscale():max_bytes(150000):strip_icc()/201934-pan-seared-tilapia-DDMFS-4x3-1dd0e315faf2477397af2a235e2c3ade.jpg,5,10,4 servings,,"4 (4 ounce) tilapia fillets; salt and ground black pepper to taste; 0.5 cup all-purpose flour; 1 tablespoon olive oil; 2 tablespoons unsalted butter, melted; 1 tablespoon lemon juice, or to taste; 1 teaspoon chopped fresh flat-leaf parsley, or to taste; 0.5 teaspoon chopped fresh thyme, or to taste","Gather the ingredients.
Rinse tilapia fillets in cold water and pat dry with paper towels. Season both sides of each fillet with salt and pepper.
Place flour in a shallow dish. Gently press each fillet into the flour to coat and shake off any excess.
Heat olive oil in a large skillet over medium-high heat. Cook tilapia fillets in the hot oil, in batches if necessary, until fish flakes easily with a fork, about 4 minutes per side.
Brush melted butter onto the tilapia fillets in the last minute before removing from the skillet. Drizzle fillets with lemon juice and garnish with parsley and thyme.",249 kcal,25 g,12 g,11 g,0 g,American,Dinner,"Rate, Share, Keep Screen Awake, Show Full Nutrition Label, Hide Full Nutrition Label, Servings Per Recipe, Calories, Total Fat, Saturated Fat, Cholesterol, Sodium, Total Carbohydrate, Dietary Fiber, Protein, Vitamin C, Calcium, Iron, Potassium, Tilapia in Stewed Tomatoes9Ratings, Broiled Lemon-Pepper Tilapia3Ratings, Simple Ranchy Breaded Fish Fillets449Ratings, Tamra's Microwave Tilapia36Ratings, Parmesan Crusted Tilapia Fillets812Ratings, Crispy Breaded Tilapia14Ratings, Tilapia Fillets with Mango Salsa1Rating, Grilled Tilapia with Smoked Paprika52Ratings, Shepherd's Family Favorite Broiled Tilapia1Rating, Easy Pan-Fried Tilapia1Rating, Coconut-Crusted Tilapia (Paleo)27Ratings, Potato-Crusted Tilapia2Ratings, Panko-Crusted Tilapia6Ratings, Grilled Herbed Tilapia in Foil Packets3Ratings, Broiled Parmesan-Lemon Tilapia296Ratings, Healthy, Super easy, tasty and healthy!",4.7,852
https://www.allrecipes.com/recipe/230857/easy-tuna-patties/,Easy Tuna Patties,"These tuna patties, seasoned with Italian breadcrumbs and Parmesan, are tender inside and crisp outside. They make a great appetizer or hot sandwich.",https://www.allrecipes.com/thmb/TuNcpqnA0UlxyEz6aCbpjC3Bnqw=/1500x0/filters:no_upscale():max_bytes(150000):strip_icc()/230857-easy-tuna-patties-ddmfs-hero-3x4-1295-98fc7607ff654c41ad8ecc2544a87ef1.jpg,15,10,4 servings,,"2 eggs; 2 teaspoons lemon juice; 10 tablespoons Italian-seasoned bread crumbs; 3 tablespoons grated Parmesan cheese; 3 (5 ounce) cans tuna, drained; 3 tablespoons diced onion; 1 pinch ground black pepper; 3 tablespoons vegetable oil","Gather all ingredients.
Beat eggs and lemon juice in a bowl; stir in bread crumbs and Parmesan cheese to make a paste. Fold in tuna and onion until well combined; season with black pepper.
Use your hands to shape tuna mixture into 8 (1-inch-thick) patties.
Heat vegetable oil in a skillet over medium heat. Fry patties in the hot oil until golden brown, about 5 minutes per side.
Serve and enjoy!",325 kcal,31 g,14 g,16 g,1 g,American,Dinner,"Rate, Share, Keep Screen Awake, Show Full Nutrition Label, Hide Full Nutrition Label, Servings Per Recipe, Calories, Total Fat, Saturated Fat, Cholesterol, Sodium, Total Carbohydrate, Dietary Fiber, Total Sugars, Protein, Vitamin C, Calcium, Iron, Potassium, Spicy Canned Tuna Fish Cakes15Ratings, Bisnonna's Tuna Parmesan2Ratings, Super Easy Salmon Cakes122Ratings, Salmon Cakes for One34Ratings, Easy Salmon Cakes146Ratings, Simple Salmon Cakes Made with Oatmeal11Ratings, Pretzel-Crusted Salmon Patties2Ratings, Easy Salmon Patties13Ratings, Tasty Tuna Burgers583Ratings, Salmon Tuna Patties15Ratings, Thirty-Minute Baked Tuna Burgers14Ratings, Scrumptious Salmon Cakes539Ratings, Tangy Tuna Black Bean Quesadillas72Ratings, Air Fryer Salmon Croquettes30Ratings, NSNG Keto Salmon Patties4Ratings, Tuna on Toast20Ratings, Healthy, NSNG Keto Salmon Patties",4.6,652
https://www.allrecipes.com/recipe/132358/easy-garlic-lemon-scallops/,Easy Garlic-Lemon Scallops,This scallop recipe makes deliciously tender sautéed scallops with a buttery lemon-garlic pan sauce for a restaurant-worthy meal that's easy to make!,https://www.allrecipes.com/thmb/WeY2b6mYpg5Kufnd7Cny0qb8fZY=/1500x0/filters:no_upscale():max_bytes(150000):strip_icc()/132358-easy-garlic-lemon-scallops-DDMFS-4x3-c16552f08e6345c696745447e7c36832.jpg,10,5,6 servings,,0.75 cup butter; 3 tablespoons minced garlic; 2 pounds large sea scallops; 2 tablespoons fresh lemon juice; 1 teaspoon salt; 0.125 teaspoon pepper,"Gather all ingredients.
Melt butter in a large skillet over medium heat. Stir in garlic and cook for a few seconds until fragrant.
Arrange scallops in a single layer in the skillet; cook until golden brown on one side, about 2 minutes. Turn scallops over using tongs and continue cooking until firm and opaque, about 2 minutes more.
Transfer scallops to a platter, reserving butter in the skillet.
Whisk lemon juice, salt, and pepper into butter; pour sauce over scallops to serve.
Enjoy.",408 kcal,39 g,9 g,24 g,0 g,American,Dinner,"Rate, Share, Keep Screen Awake, Show Full Nutrition Label, Hide Full Nutrition Label, Servings Per Recipe, Calories, Total Fat, Saturated Fat, Cholesterol, Sodium, Total Carbohydrate, Dietary Fiber, Total Sugars, Protein, Vitamin C, Calcium, Iron, Potassium, Sautéed Scallops162Ratings, Sizzling Sherry Shrimp with Garlic63Ratings, Quick Pan-Seared Scallops21Ratings, Lemon-Garlic Air Fryer Salmon23Ratings, Grilled Bay Scallops3Ratings, Lemon Garlic Salmon127Ratings, Awesome Baked Sea Scallops675Ratings, Tarragon Lover's Scallops81Ratings, Simply Seared Scallops22Ratings, Easy Lemon Pepper Blackened Salmon78Ratings, Breaded and Fried Scallops15Ratings, Healthy",4.6,676
https://www.allrecipes.com/recipe/15559/black-beans-and-rice/,Black Beans and Rice,"Black beans and rice flavored with garlic, cumin, and cayenne pepper makes a wholesome, budget-friendly, vegetarian meal or tasty side dish.",https://www.allrecipes.com/thmb/7zEfHX6X-gZSIDg896G75NWUPXY=/1500x0/filters:no_upscale():max_bytes(150000):strip_icc()/AR-15559-Black-Beans-and-Rice-ddmfs-4x3-f8461d6ea2eb4fc3b20dc2184d0fbe6e.jpg,5,25,6 servings,,"1 teaspoon olive oil; 1 onion, chopped; 0.75 cup uncooked white rice; 2 cloves garlic, minced; 1 teaspoon salt; 1 teaspoon ground cumin; 0.25 teaspoon cayenne pepper; 1.5 cups low sodium, low fat vegetable broth; 3.5 cups canned black beans, drained","Gather all ingredients.
Heat oil in a saucepan over medium-high heat. Add onion; cook and stir until onion has softened, about 3 minutes.
Add rice, garlic, salt, cumin, and cayenne. Cook and stir for 2 to 3 minutes to lightly toast the rice and warm the spices until fragrant.
Add vegetable broth and bring to a boil. Reduce heat to low, cover, and simmer until liquid is absorbed and rice is tender, about 20 minutes.
Stir in black beans and cook until warmed through, 2 to 3 minutes.
Serve and enjoy!",140 kcal,6 g,27 g,1 g,6 g,"Latin,Mexican","Dinner,Side Dish","Rate, Share, Keep Screen Awake, Show Full Nutrition Label, Hide Full Nutrition Label, Servings Per Recipe, Calories, Total Fat, Saturated Fat, Sodium, Total Carbohydrate, Dietary Fiber, Total Sugars, Protein, Vitamin C, Calcium, Iron, Potassium, Quick Black Beans and Rice303Ratings, Millet-Stuffed Peppers28Ratings, Campfire Curried Vegetable Packs, Vegan Bean Taco Filling434Ratings, Black Bean and Soy Veggie Burgers3Ratings, Cuban Beans and Rice218Ratings, Rice with Black Beans190Ratings, Quinoa Chard Pilaf114Ratings, Mexican Pasta333Ratings, Lentil Rice and Veggie Bake175Ratings, Chickpea Curry649Ratings, Mexicana Veggie Burgers4Ratings, Cuban Black Beans98Ratings, Vegetarian Shepherd's Pie111Ratings, Healthy, Black beans and rice make a great 30-minute vegetarian meal that's filling, delicious, and cheap! Great as a side dish or in a burrito bowl, too., Vegetarian Shepherd's Pie, Vegan Bean Taco Filling",4.5,1287
https://www.allrecipes.com/recipe/9025/bourbon-chicken/,Bourbon Chicken,"Bourbon chicken is a delicious dish of tender chicken thigh pieces coated in a sweet brown sugar, ginger, soy, and bourbon glaze for a New Orleans favorite.",https://www.allrecipes.com/thmb/QAZ7QzbK5b4drQlAaUvYy4xpqsE=/1500x0/filters:no_upscale():max_bytes(150000):strip_icc()/9025-bourbon-chicken-ddmfs-3x4-1291-a7891c2a33e04b7dbf1f1112d2fb74d0.jpg,15,15,4 servings,,"1 ½ pounds skinless, boneless chicken thighs; 2 tablespoons cornstarch; 2 tablespoons olive oil; 2 tablespoons dried minced onion; 0.5 teaspoon garlic powder; 1 teaspoon ground ginger; 1/3 cup reduced sodium soy sauce; 1/3 cup reduced-sodium chicken broth; 1/4 cup bourbon; 0.5 cup packed brown sugar; 1 tablespoon cider vinegar; 1/4 teaspoon crushed red pepper; 2 cups hot cooked rice; 2 green onions, sliced","Gather Ingredients.
Toss chicken with 1 tablespoon cornstarch in a medium bowl.
Heat 1 tablespoon oil in a 12-inch skillet over medium-high heat; add chicken. Cook and stir until browned; transfer to a plate using a slotted spoon.
Heat remaining 1 tablespoon oil in same skillet. Add onion, garlic, and ginger; cook and stir until softened and fragrant, 1 to 3 minutes.
Stir remaining 1 tablespoon cornstarch, soy sauce, broth, bourbon, brown sugar, vinegar, and crushed red pepper together in a small bowl.
Add sauce mixture to skillet; cook and stir until thickened and bubbly.
Return chicken to skillet. Cook and stir until coated in sauce and heated through, about 2 minutes.
Serve over rice. Top with green onions.",543 kcal,46 g,38 g,20 g,1 g,American,Dinner,"Rate, Share, Keep Screen Awake, Show Full Nutrition Label, Hide Full Nutrition Label, Servings Per Recipe, Calories, Total Fat, Saturated Fat, Cholesterol, Sodium, Total Carbohydrate, Dietary Fiber, Total Sugars, Protein, Vitamin C, Calcium, Iron, Potassium, Ginger-Chicken Stir-Fry25Ratings, Quick Lemon Dijon Chicken215Ratings, Chicago-Style Hot Dog310Ratings, Fab Summer Blackened Chicken Salad25Ratings, Sweet and Sour Chicken Stir-Fry611Ratings, Thai Chicken Larb11Ratings, Sauteed Chicken with Apples1Rating, Chicken Stir-Fry with Ramen5Ratings, Chicken Yaki Udon11Ratings, Easy Garlic and Rosemary Chicken241Ratings, Healthier Pan-Fried Honey-Sesame Chicken14Ratings, Healthy",4.7,580
https://www.allrecipes.com/recipe/20225/creamed-chipped-beef-on-toast/,Creamed Chipped Beef on Toast,Chipped beef is a classic military dish made with dried beef in a thick and creamy white sauce seasoned with cayenne pepper that's served over toast.,https://www.allrecipes.com/thmb/vJcwE9QT9CRPGE_2NBoCUcciPQ4=/1500x0/filters:no_upscale():max_bytes(150000):strip_icc()/AR-20225-creamed-chipped-beef-toast-ddmfs-hero-4x3-586656205e8a40fcaa832780d56fe13a.jpg,10,10,4 servings,,"2 tablespoons butter; 2 tablespoons all-purpose flour; 1.5 cups warm milk; 1 (8 ounce) jar dried beef, chopped; 1 pinch cayenne pepper; bread, toasted","Gather all ingredients.
Melt butter in a medium saucepan over low heat. Add flour and whisk until smooth.
Add milk a little at a time, whisking well after each addition. Bring to a boil over medium-high heat and cook, stirring, until thickened.
Stir in beef and cayenne; cook until warmed through.
Serve over toast.",197 kcal,21 g,9 g,9 g,0 g,American,Dinner,"Rate, Share, Keep Screen Awake, Show Full Nutrition Label, Hide Full Nutrition Label, Servings Per Recipe, Calories, Total Fat, Saturated Fat, Cholesterol, Sodium, Total Carbohydrate, Dietary Fiber, Total Sugars, Protein, Vitamin C, Calcium, Iron, Potassium, Sirloin Steak with Garlic Butter1,024Ratings, Easy Keto Korean Beef with Cauli Rice43Ratings, Filet Mignons with Pepper Cream Sauce151Ratings, Spicy Serrano Burgers2Ratings, Beef Tagliata1Rating, Flat Iron Steak Grilled to a 'Tea'2Ratings, Feta-Stuffed Hamburgers85Ratings, Juicy Steak97Ratings, Flat Iron, Grilled16Ratings, Broccoli Beef I1,112Ratings, Lemon Pepper Cod174Ratings, Sautéed Scallops162Ratings, Pan-Seared Salmon260Ratings, Pan-Fried Salmon in Curry Cream Sauce20Ratings, Cardamom Maple Salmon66Ratings, Meyer Lemon Cream Sauce for Salmon10Ratings, Healthy, Easy Keto Korean Beef with Cauli Rice",4.5,900
https://www.allrecipes.com/recipe/244458/buttered-noodles/,Buttered Noodles,These saucy buttered noodles with Parmesan cheese are simple to make and perfect to serve as-is for a main dish or as a delicious side for meatballs.,https://www.allrecipes.com/thmb/IAP81Be7Nyly6t_Wkq1uYKzH-qo=/1500x0/filters:no_upscale():max_bytes(150000):strip_icc()/244458-buttered-noodles-DDMFS-4x3-b9931662efa64b37883c0f73b296b124.jpg,5,15,8 servings,,"1 (16 ounce) package fettuccine noodles; 6 tablespoons butter, cut into pieces; 0.33333334326744 cup grated Parmesan cheese; salt and ground black pepper to taste","Gather all ingredients.
Fill a large pot with lightly salted water and bring to a rolling boil.
Stir in fettuccine, bring back to a boil, and cook pasta over medium heat until tender yet firm to the bite, 8 to 10 minutes.
Drain and return pasta to pot. Mix butter, Parmesan cheese, salt, and pepper into pasta until evenly combined.
Serve hot and enjoy!",294 kcal,9 g,41 g,11 g,2 g,American,Dinner,"Rate, Share, Keep Screen Awake, Show Full Nutrition Label, Hide Full Nutrition Label, Servings Per Recipe, Calories, Total Fat, Saturated Fat, Cholesterol, Sodium, Total Carbohydrate, Dietary Fiber, Total Sugars, Protein, Calcium, Iron, Potassium, Speedy Chili Mac and Cheese, Spaghetti Carbonara I49Ratings, Fettuccine Alfredo with Ham57Ratings, Kids Favorite Easy Cheesy 'Busketti'7Ratings, Bow Ties with Veggies34Ratings, Easy Creamy Mac 'N Cheese16Ratings, Tortellini Alfredo with Peas, Buffalo Chicken Pasta7Ratings, Pan-Fried Salmon6Ratings, Fettuccine Alfredo538Ratings, Spaghetti alla Carbonara108Ratings, Ready Pasta Rotini with Broccoli and Cheese, One-Pan White Cheddar Mac and Cheese30Ratings, Thai Stir-Fried Noodles (Pad See Ew)2Ratings, Chicken Milano2,813Ratings, Healthy",4.7,278
https://www.allrecipes.com/recipe/140930/southern-fried-catfish/,Southern Fried Catfish,"This fried catfish recipe is made with fish fillets marinated in buttermilk and coated with Old Bay cornmeal, deep-fried until crisp and golden brown.",https://www.allrecipes.com/thmb/4Zilyeyqtz4shmiKprMpRdnm_cM=/1500x0/filters:no_upscale():max_bytes(150000):strip_icc()/AR-140930-Southern-Fried-Catfish-Beauty-4x3-70c5e0d8071248afbe4184fb4f33f6dc.jpg,20,10,2 servings,,"0.5 cup buttermilk; 0.5 cup water; salt and pepper, to taste; 1 pound catfish fillets, cut in strips; 1.5 cups fine cornmeal; 0.5 cup all-purpose flour; 1 teaspoon seafood seasoning, such as Old Bay™; 1 quart vegetable oil for deep frying","Gather all ingredients.
Mix buttermilk, water, salt, and pepper in a small bowl. Pour mixture into a flat pan large enough to hold fillets.
Arrange fillets in a single layer in the pan, turning to coat each side. Set aside to marinate.
Combine cornmeal, flour, and seafood seasoning in a 2-gallon resealable plastic bag.
Add fillets to the bag, a few at a time, and tumble gently until evenly coated.
Heat oil in a deep fryer to 365 degrees F (185 degrees C). Fry fillets in hot oil until crisp and golden brown, about 3 minutes. Work in batches to avoid overcrowding, so fillets have room to brown properly.
Drain on paper towels.
Serve and enjoy!",1427 kcal,46 g,132 g,79 g,6 g,Southern,Dinner,"Rate, Share, Keep Screen Awake, Show Full Nutrition Label, Hide Full Nutrition Label, Servings Per Recipe, Calories, Total Fat, Saturated Fat, Cholesterol, Sodium, Total Carbohydrate, Dietary Fiber, Total Sugars, Protein, Vitamin C, Calcium, Iron, Potassium, Air Fryer Blackened Catfish Fillets2Ratings, Oven-Fried Catfish342Ratings, Blackened Catfish and Spicy Rice40Ratings, Quick Catfish Fillets16Ratings, Onion Dijon Crusted Catfish82Ratings, Cajun Blackened Catfish76Ratings, Seared Catfish Creole40Ratings, Dijon Mustard Baked Catfish10Ratings, Herb Baked Catfish50Ratings, Pan-Fried Blackened Red Snapper23Ratings, Shelli's Lemon Pepper Catfish18Ratings, Southern-Style Oven-Fried Catfish94Ratings, Accidental Fish177Ratings, Pan-Fried Tilapia Sandwich42Ratings, Lemon-Pepper Catfish78Ratings, Healthy",4.5,189
https://www.allrecipes.com/recipe/272858/air-fryer-chicken-thighs/,Air Fryer Chicken Thighs,"These air fryer chicken thighs are incredibly juicy with crispy skin. Ready in 30 minutes, these tasty paprika-rubbed chicken thighs are always a hit!",https://www.allrecipes.com/thmb/hmJM5rfj6jYz268a00xLv-sC0nw=/1500x0/filters:no_upscale():max_bytes(150000):strip_icc()/272858-air-fryer-chicken-thighs-4x3-671aea4bb6aa436bbd29d6e1fbd69f98.jpg,10,20,4 servings,,"4 skin-on, boneless chicken thighs; 2 teaspoons extra-virgin olive oil; 1 teaspoon smoked paprika; 0.75 teaspoon garlic powder; 0.5 teaspoon salt; 0.5 teaspoon ground black pepper","Gather all ingredients and preheat an air fryer to 400 degrees F (200 degrees C).
Pat chicken thighs dry with a paper towel and brush skins with olive oil. Place chicken thighs, skin-side down, in a single layer on a plate.
Combine smoked paprika, garlic powder, salt, and pepper in a bowl. Sprinkle 1/2 of the seasoning mixture evenly over thighs. Turn thighs over and evenly sprinkle with remaining seasoning. Arrange thighs, skin-side up, in a single layer in the air fryer basket.
Cook in the preheated air fryer until thighs are brown and the juices run clear, about 18 minutes. An instant-read thermometer inserted into the center should read at least 165 degrees F (74 degrees C).
Serve and enjoy!",213 kcal,19 g,1 g,14 g,0 g,American,Dinner,"Rate, Share, Keep Screen Awake, Show Full Nutrition Label, Hide Full Nutrition Label, Servings Per Recipe, Calories, Total Fat, Saturated Fat, Cholesterol, Sodium, Total Carbohydrate, Dietary Fiber, Total Sugars, Protein, Vitamin C, Calcium, Iron, Potassium, Air Fryer Keto Chicken Wings6Ratings, Air Fryer Chicken Thigh Schnitzel17Ratings, Lemon-Garlic Air Fryer Salmon23Ratings, Air Fryer Popcorn-Crusted Popcorn Chicken, Air Fryer Korean Fried Chicken3Ratings, Cajun Chicken Drumsticks9Ratings, Air Fryer Blackened Chicken Breasts96Ratings, Cajun Air Fryer Salmon55Ratings, Crumbed Chicken Tenderloins (Air Fried)203Ratings, Lucky's Quickie Chickie295Ratings, Easy Garlic and Rosemary Chicken241Ratings, Chicken Lazone4Ratings, Quick and Easy Chicken Lazone58Ratings, A Good and Easy Garlic Chicken1,694Ratings, Healthy, Air Fryer Keto Chicken Wings, Keto Pecan-Crusted Pork Chops in the Air Fryer",4.8,178
https://www.allrecipes.com/recipe/232906/simple-broiled-haddock/,Simple Broiled Haddock,"This haddock recipe uses a simple spice blend of paprika, cayenne pepper, and garlic powder for an easy and deliciously light, quick weeknight dinner.",https://www.allrecipes.com/thmb/qGl9AdZkpSdNZd3catCF4bw9mww=/1500x0/filters:no_upscale():max_bytes(150000):strip_icc()/232906-Simple-Broiled-Haddock-DDMFS-4x3-1572-b4c3107f0c0544c2b8ca386aadabe42a.jpg,10,10,4 servings,,"2 pounds haddock fillets; 0.5 teaspoon onion powder; 0.5 teaspoon paprika; 0.5 teaspoon garlic powder; 0.5 teaspoon ground black pepper; 0.5 teaspoon salt; 0.25 teaspoon cayenne pepper; 1 tablespoon butter, cut in small pieces; 1 lemon, cut into wedges","Gather all ingredients.
Set an oven rack about 6 inches from the heat source and preheat the oven's broiler. Line a baking sheet with aluminum foil; spray with cooking spray.
Arrange haddock fillets on the prepared baking sheet.
Mix onion powder, paprika, garlic powder, black pepper, salt, and cayenne pepper in a small bowl; sprinkle seasoning over fish, then dot with butter.
Broil in the preheated oven until fish flakes easily with a fork, 6 to 8 minutes.
Serve with lemon wedges. Enjoy!",229 kcal,43 g,1 g,5 g,0 g,American,Dinner,"Rate, Share, Keep Screen Awake, Show Full Nutrition Label, Hide Full Nutrition Label, Servings Per Recipe, Calories, Total Fat, Saturated Fat, Cholesterol, Sodium, Total Carbohydrate, Dietary Fiber, Total Sugars, Protein, Vitamin C, Calcium, Iron, Potassium, Broiled Spanish Mackerel28Ratings, Easy Orange Roughy164Ratings, Catfish Tuscany114Ratings, Broiled Miso Salmon Fillets7Ratings, Broiled Sesame Cod37Ratings, Lemon-Pepper Salmon320Ratings, Soy Honey-Glazed Salmon and Asparagus29Ratings, Herb Baked Catfish50Ratings, Crispy Baked Walleye144Ratings, Pecan-Crusted Trout66Ratings, Parmesan Crusted Tilapia Fillets812Ratings, Baked Amberjack5Ratings, Honey Steelhead Trout50Ratings, Oven-Baked Cod with Bread Crumbs42Ratings, Potato-Crusted Tilapia2Ratings, Flavorful Flounder for the Oven291Ratings, Healthy",4.6,278
https://www.allrecipes.com/recipe/12011/easy-lasagna-ii/,Easy Lasagna,"This easy lasagna recipe is made with lean ground beef, three types of cheese, and a jar of spaghetti sauce for a hearty, family-pleasing meal.",https://www.allrecipes.com/thmb/d2zczTh4SmD8yuj4o8C8cKVL0Uk=/1500x0/filters:no_upscale():max_bytes(150000):strip_icc()/12011-Easy-Lasagna-DDMFS-4x3-1491-62dd050e31b849f1bb54e13becf5cb98.jpg,10,70,12 servings,,"1 pound lean ground beef; 1 (32 ounce) jar spaghetti sauce; 32 ounces cottage cheese; 3 cups shredded mozzarella cheese, divided; 2 eggs; 0.5 cup grated Parmesan cheese; 2 teaspoons dried parsley; salt to taste; ground black pepper to taste; 9 lasagna noodles; 0.5 cup water","Gather all ingredients and preheat the oven to 350 degrees F (175 degrees C).
Heat a large skillet over medium-high heat. Cook and stir ground beef in the hot skillet until browned and crumbly, 8 to 10 minutes. Drain and discard grease. Stir in spaghetti sauce and simmer for 5 minutes.
Combine cottage cheese, 2 cups of mozzarella cheese, eggs, 1/2 of the grated Parmesan cheese, dried parsley, salt, and pepper in a large bowl.
Spread 3/4 cup of sauce in a 9x13-inch baking dish. Cover with 3 uncooked lasagna noodles, 1 3/4 cups of cheese mixture, and 1/4 cup sauce; repeat layers once more. Top with remaining 3 noodles, sauce, mozzarella, and Parmesan cheese. Pour 1/2 cup water along the edges of the dish. Cover tightly with aluminum foil.
Bake in the preheated oven for 45 minutes. Uncover and bake for an additional 10 minutes. Let stand 10 minutes before serving.
Serve and enjoy!",377 kcal,29 g,26 g,17 g,3 g,"Italian Inspired,American",Dinner,"Rate, Share, Keep Screen Awake, Show Full Nutrition Label, Hide Full Nutrition Label, Servings Per Recipe, Calories, Total Fat, Saturated Fat, Cholesterol, Sodium, Total Carbohydrate, Dietary Fiber, Total Sugars, Protein, Vitamin C, Calcium, Iron, Potassium, Classic and Simple Meat Lasagna236Ratings, Slow Cooker Lasagna1,083Ratings, World's Best Lasagna20,906Ratings, Easy Lasagna with Uncooked Noodles575Ratings, Homemade Lasagna399Ratings, Easy Spaghetti Pie475Ratings, Grammy's Overnight Lasagna83Ratings, Leftover Spaghetti Lasagna71Ratings, Simple Spinach Lasagna561Ratings, Cheesy Vegetable Lasagna217Ratings, Spaghetti Pie92Ratings, American Lasagna2,744Ratings, Skillet Lasagna11Ratings, Best Lasagna with Ricotta Bechamel53Ratings, Classic Lasagna275Ratings, Easy Lasagna Without Ricotta8Ratings, “Amazing recipe,” raves one Allrecipes community member. “Loved the simplicity. [I] was able to use gluten-free Barilla noodles and lactose-free cottage cheese to suit our dietary needs. Superb!”, Healthy",4.6,1204
https://www.allrecipes.com/recipe/21306/fish-in-foil/,Fish in Foil,"Baked fish in foil is foolproof for tender, tasty fish every time. Try it with trout and jalapenos: Flavor and juices stay in, no fishy odor leaks out!",https://www.allrecipes.com/thmb/Qx3fTgqy-nvUP8FHGOIEMe4qmj0=/1500x0/filters:no_upscale():max_bytes(150000):strip_icc()/AR-21306-fish-in-foil-ddmfs-4x3-3fea5bf84c9b404f9c64506f996d8ee8.jpg,10,15,2 servings,,"2 rainbow trout fillets; 1 tablespoon olive oil; 2 teaspoons garlic salt; 1 teaspoon ground black pepper; 2 sheets heavy-duty aluminum foil; 1 fresh jalapeno pepper, sliced; 1 lemon, sliced","Gather all ingredients. Preheat the oven to 400 degrees F (200 degrees C).
Rinse and pat fillets dry. Rub fillets with olive oil, and season with garlic salt and black pepper.
Place each fillet on a large sheet of aluminum foil. Top with jalapeno slices, and squeeze the juice from the ends of the lemon over fillets.
Arrange remaining lemon slices on top of fillets.
Carefully seal all edges of the foil to form enclosed packets. Place packets on a baking sheet.
Bake in the preheated oven until fish flakes easily with a fork, 15 to 20 minutes depending on size of fillets.",213 kcal,24 g,8 g,11 g,3 g,American,Dinner,"Rate, Share, Keep Screen Awake, Show Full Nutrition Label, Hide Full Nutrition Label, Servings Per Recipe, Calories, Total Fat, Saturated Fat, Cholesterol, Sodium, Total Carbohydrate, Dietary Fiber, Total Sugars, Protein, Vitamin C, Calcium, Iron, Potassium, Lemon-Orange Orange Roughy257Ratings, Lemon Pepper Cod174Ratings, Mediterranean-Twist Salmon21Ratings, Light and Spicy Fish95Ratings, Onion Salmon21Ratings, Simply Swordfish92Ratings, Baked Fresh Rainbow Trout127Ratings, Sea Bass Barbecue9Ratings, Lemon-Rosemary Salmon423Ratings, Cardamom Maple Salmon66Ratings, Tomato Basil Salmon316Ratings, Grilled Steelhead Trout28Ratings, Salmon with Dill799Ratings, Spicy Lime and Dill Grilled Fish15Ratings, Baked Orange Roughy, Italian-Style508Ratings, Healthy",4.4,436
https://www.allrecipes.com/recipe/269500/creamy-garlic-pasta/,Creamy Garlic Pasta,"Looking for creamy pasta recipes? Look no further. This is the best, with garlic, cream, and Parmesan cheese — a dish that is easy and delicious.",https://www.allrecipes.com/thmb/IrY572TXic4UXXVn8EetsarI3S0=/1500x0/filters:no_upscale():max_bytes(150000):strip_icc()/AR-269500-creamy-garlic-pasta-Beauties-4x3-f404628aad2a435a9985b2cf764209b5.jpg,10,20,4 servings,,"2 teaspoons olive oil; 4 garlic cloves, minced; 2 tablespoons butter; 3 cups chicken broth, or more as needed; 0.5 teaspoon ground black pepper; 0.25 teaspoon salt; 0.5 pound spaghetti; 1 cup grated Parmesan cheese; 0.75 cup heavy cream; 1.5 tablespoons dried parsley","Gather all ingredients.
Heat olive oil in a medium pan over medium heat. Add garlic and stir until fragrant, 1 to 2 minutes. Add butter and stir constantly until melted.
Pour in 3 cups chicken broth; add pepper and salt. Bring to a boil. Add spaghetti and cook, stirring occasionally, until tender yet firm to the bite, about 12 minutes. Add more chicken broth if pasta starts to stick to the pan.
Add Parmesan cheese, cream, and parsley and mix until thoroughly combined. Serve immediately.",543 kcal,17 g,47 g,32 g,2 g,American,Dinner,"Rate, Share, Keep Screen Awake, Show Full Nutrition Label, Hide Full Nutrition Label, Servings Per Recipe, Calories, Total Fat, Saturated Fat, Cholesterol, Sodium, Total Carbohydrate, Dietary Fiber, Total Sugars, Protein, Vitamin C, Calcium, Iron, Potassium, Garlic Mushroom Pasta26Ratings, Spaghetti Tacos80Ratings, Pasta with Swiss Chard50Ratings, Spaghetti Aglio, Olio, e Peperoncini4Ratings, Pasta with Arugula and Tomatoes10Ratings, Ricotta Spaghetti30Ratings, Traditional Spaghetti all'Amatriciana11Ratings, Shrimp Spaghetti1Rating, Spaghetti Olio44Ratings, Dad's Spaghetti44Ratings, Spaghetti with Garlic and Basil121Ratings, Spaghetti alla Gricia10Ratings, Six-Minute, Single-Serving ""Spaghetti""1Rating, Chicken Milano2,813Ratings, Healthy",4.8,383
https://www.allrecipes.com/recipe/220597/simple-garlic-shrimp/,Simple Garlic Shrimp,"This garlic shrimp recipe from Chef John is tasty and easy; shrimp are pan-seared with lots of garlic and topped with a perfectly lemony, buttery sauce.",https://www.allrecipes.com/thmb/us00EX6PHgu4Dwfq9xfH6SyliA0=/1500x0/filters:no_upscale():max_bytes(150000):strip_icc()/220597-Simple-garlic-shrimp-beauty3x4_38539-63f687e1ec6a41e88dfb5a9c9021e194.jpg,15,10,4 servings,,"1.5 tablespoons olive oil; 1 pound shrimp, peeled and deveined; salt to taste; 6 cloves garlic, finely minced; 0.25 teaspoon red pepper flakes; 3 tablespoons lemon juice; 1 tablespoon caper brine; 2 tablespoons cold butter, cut into 4 equal pieces, divided; 0.33333334326744 cup chopped flat-leaf parsley, divided; 1 teaspoon water, or as needed","Gather all ingredients.
Heat olive oil in a heavy skillet over high heat until it just begins to smoke. Place shrimp in an even layer on the bottom of the pan and cook for 1 minute without stirring.
Season shrimp with salt; cook and stir until shrimp begin to turn pink, about 1 minute.
Add garlic and red pepper flakes; cook and stir for 1 minute.
Stir in lemon juice, caper brine, 1 piece of butter, and 1/2 of the parsley; cook until butter has melted, about 1 minute.
Reduce heat to low and stir in remaining 3 pieces butter. Cook and stir until butter has melted, sauce is thick, and shrimp are pink and opaque, 2 to 3 minutes.
Remove shrimp with a slotted spoon and transfer to a bowl; continue to cook butter sauce, adding water, 1 teaspoon at a time, if too thick, about 2 minutes.
Season with salt to taste; serve shrimp topped with the pan sauce and remaining parsley. Enjoy!",196 kcal,19 g,3 g,12 g,0 g,American,Dinner,"Rate, Share, Keep Screen Awake, Show Full Nutrition Label, Hide Full Nutrition Label, Servings Per Recipe, Calories, Total Fat, Saturated Fat, Cholesterol, Sodium, Total Carbohydrate, Dietary Fiber, Total Sugars, Protein, Vitamin C, Calcium, Iron, Potassium, Sizzling Sherry Shrimp with Garlic63Ratings, Garlic Shrimp Linguine933Ratings, Hawaiian Garlic Shrimp Scampi38Ratings, Honey Walnut Shrimp574Ratings, Baked Lemon-Pepper Shrimp3Ratings, Drunken Mussels230Ratings, Japanese-Style Deep-Fried Shrimp352Ratings, Shrimp Scampi1,181Ratings, Easy Garlic-Lemon Scallops676Ratings, Garlicky Appetizer Shrimp Scampi184Ratings, Shrimp with Broccoli in Garlic Sauce104Ratings, Szechwan Shrimp3,303Ratings, Lighter Baked Shrimp Scampi10Ratings, Healthy",4.8,1677
https://www.allrecipes.com/recipe/46982/pesto-pasta-with-chicken/,Pesto Pasta with Chicken,"Easy chicken pesto pasta recipe made with sautéed garlic chicken tossed with bow tie pasta, sun-dried tomatoes, and pesto sauce, ready in 30 minutes.",https://www.allrecipes.com/thmb/ALYcbI-A_YYn5jiboWYPE2rt310=/1500x0/filters:no_upscale():max_bytes(150000):strip_icc()/AR-46982-pesto-pasta-with-chicken-DDMFS-4x3-5e043df9d5174cf4ac53612ee0f5b56e.jpg,10,20,8 servings,,"1 (16 ounce) package bow tie pasta; 1 teaspoon olive oil; 2 cloves garlic, minced; 2 skinless, boneless chicken breasts, cut into bite-sized pieces; 1 pinch crushed red pepper flakes, or to taste; 0.5 cup pesto sauce; 0.33333334326744 cup oil-packed sun-dried tomatoes, drained and cut into strips","Gather all ingredients.
Bring a large pot of lightly salted water to a boil. Add pasta and cook until al dente, 8 to 10 minutes; drain.
Heat oil in a large skillet over medium heat. Sauté garlic until tender.
Stir in chicken and season with red pepper flakes. Cook until chicken is golden and cooked through.
Combine pasta, chicken, pesto, and sun-dried tomatoes in a large bowl; toss to coat evenly.",328 kcal,17 g,43 g,10 g,3 g,Italian Inspired,Dinner,"Rate, Share, Keep Screen Awake, Show Full Nutrition Label, Hide Full Nutrition Label, Servings Per Recipe, Calories, Total Fat, Saturated Fat, Cholesterol, Sodium, Total Carbohydrate, Dietary Fiber, Total Sugars, Protein, Vitamin C, Calcium, Iron, Potassium, Pesto Chicken Florentine1,875Ratings, Teena's Spicy Pesto Chicken and Pasta485Ratings, Creamy Pesto Chicken and Bow Ties230Ratings, Penne with Chicken and Pesto871Ratings, Amazing Italian Lemon Butter Chicken679Ratings, Lemon Pasta with Chicken5Ratings, Spicy Chicken Orecchiette2Ratings, Chicken Milano2,813Ratings, Brian's Chicken Sausage Pesto Pasta7Ratings, Easy Chicken and Broccoli Alfredo159Ratings, Lemon-Pepper Chicken Pasta3Ratings, Spicy Chicken Spaghetti II14Ratings, Grandma Nena's Lumpia and Pancit34Ratings, Spence's Pesto Chicken Pasta145Ratings, Thai Stir-Fried Noodles (Pad See Ew)2Ratings, Healthy",4.5,1105
https://www.allrecipes.com/recipe/8571/blackened-chicken/,Blackened Chicken,"Blackened chicken is a Cajun favorite, and this recipe is so easy. The blackening spice rub comes together in seconds, and the chicken sears in minutes.",https://www.allrecipes.com/thmb/k0DE0MJdtf27vm62tcjx9T2ydvs=/1500x0/filters:no_upscale():max_bytes(150000):strip_icc()/AR-8571-Blackened-Chicken-DDMFS-4x3-56fcd2c186064dbfb19b316895f3e9a3.jpg,10,15,2 servings,,"0.5 teaspoon paprika; 0.25 teaspoon cayenne pepper; 0.25 teaspoon ground cumin; 0.25 teaspoon dried thyme; 0.125 teaspoon onion powder; 0.125 teaspoon ground white pepper; 0.125 teaspoon salt; 2 skinless, boneless chicken breast halves; cooking spray","Gather all ingredients. Preheat the oven to 350 degrees F (175 degrees C). Spray a baking sheet with cooking spray.
Heat a cast iron skillet over high heat until it is smoking hot, about 3 to 5 minutes.
While the skillet is heating, mix paprika, cayenne, cumin, thyme, onion powder, white pepper, and salt together in a small bowl.
Spray chicken breasts on both sides with cooking spray, then coat evenly with spice mixture.
Place chicken in the hot pan and cook for 1 minute. Turn, and cook 1 minute on other side. Transfer chicken to the prepared baking sheet.
Bake in the preheated oven until chicken is no longer pink in the center and the juices run clear, about 5 to 10 minutes. An instant-read thermometer inserted into the center should read at least 165 degrees F (74 degrees C).
Serve and enjoy!",135 kcal,25 g,1 g,3 g,0 g,American,Dinner,"Rate, Share, Keep Screen Awake, Show Full Nutrition Label, Hide Full Nutrition Label, Servings Per Recipe, Calories, Total Fat, Saturated Fat, Cholesterol, Sodium, Total Carbohydrate, Dietary Fiber, Total Sugars, Protein, Vitamin C, Calcium, Iron, Potassium, Spicy Chicken Breasts706Ratings, Easy Garlic and Rosemary Chicken241Ratings, Gina's Lemon Pepper Chicken211Ratings, Chili-Lime Chicken Kebabs1,008Ratings, Cinnamon Chicken111Ratings, Paprika Chicken28Ratings, Indian Tomato Chicken323Ratings, Baked Honey Mustard Chicken2,754Ratings, Braised Balsamic Chicken4,638Ratings, Mediterranean Lemon Chicken480Ratings, Jamaican Jerked Chicken86Ratings, Lemon Pepper Cod174Ratings, Parchment Baked Salmon95Ratings, Lucky's Quickie Chickie295Ratings, Italian Chicken with Garlic and Lemon181Ratings, Chicken in a Pot621Ratings, Healthy",4.6,1133
https://www.allrecipes.com/recipe/11951/linguine-with-clam-sauce/,Linguine with Clam Sauce,"Linguini with clam sauce is a quick and easy Italian dinner. The garlicky sauce is made with canned clams in butter, oil, parsley, and basil.",https://www.allrecipes.com/thmb/Js03kQnCj9Y4cnQiy-kGPjzuIQ4=/1500x0/filters:no_upscale():max_bytes(150000):strip_icc()/AR-11951-linguine-with-clam-sauce-DDMFS-4x3-b07754d1e48742e8bac1e4edcf96bcba.jpg,5,15,4 servings,,"1 (16 ounce) package linguini pasta; 2 (6.5 ounce) cans minced clams, with juice; 0.5 cup vegetable oil; 0.25 cup butter; 1 tablespoon dried parsley; 0.25 tablespoon dried basil; 0.5 teaspoon minced garlic; ground black pepper to taste","Gather all ingredients.
Bring a large pot of lightly salted water to a boil. Cook linguine at a boil until tender yet firm to the bite, about 11 minutes. Drain.
While the pasta is cooking, combine clams with juice, oil, butter, parsley, basil, garlic, and pepper in a large saucepan.
Cook over medium heat until boiling.
Serve warm clam sauce over pasta.",878 kcal,37 g,85 g,43 g,5 g,U.S.,Dinner,"Rate, Share, Keep Screen Awake, Show Full Nutrition Label, Hide Full Nutrition Label, Servings Per Recipe, Calories, Total Fat, Saturated Fat, Cholesterol, Sodium, Total Carbohydrate, Dietary Fiber, Protein, Vitamin C, Calcium, Iron, Potassium, Clam Sauce with Linguine396Ratings, Linguine and Clam Sauce132Ratings, Linguini with White Clam Sauce98Ratings, Easy Linguine with White Clam Sauce113Ratings, Seafood Linguine45Ratings, Clam Linguine64Ratings, Lemon Shrimp Pasta5Ratings, The Best Clam Sauce326Ratings, Cajun Shrimp and Sausage Alfredo2Ratings, Camping Pasta with Clam Sauce5Ratings, Lemon Pasta with Shrimp, Tropical Shrimp Scampi16Ratings, Scott Ure's Clams and Garlic443Ratings, Quinoa Chard Pilaf114Ratings, Shrimp and Sugar Snap Peas157Ratings, Healthy",4.5,408
https://www.allrecipes.com/recipe/100195/baked-haddock/,Baked Haddock,This baked haddock recipe is quick and easy to prepare with a Parmesan bread crumb coating for a kid-friendly dinner in less than 30 minutes!,https://www.allrecipes.com/thmb/jWIHVlM1bGEylpNGfybNRB_xN28=/1500x0/filters:no_upscale():max_bytes(150000):strip_icc()/100195-BakedHaddock-mfs-4x3-1441-867e32979a2b409bb7445f59f8c170bb.jpg,10,15,4 servings,,"0.75 cup milk; 2 teaspoons salt; 0.75 cup bread crumbs; 0.25 cup grated Parmesan cheese; 0.25 teaspoon ground dried thyme; 4 haddock fillets; 0.25 cup butter, melted","Preheat oven to 500 degrees F (260 degrees C).
In a small bowl, combine the milk and salt. In a separate bowl, mix together the bread crumbs, Parmesan cheese, and thyme.
Dip the haddock fillets in the milk, then press into the crumb mixture to coat. Place haddock fillets in a glass baking dish, and drizzle with melted butter.
Bake on the top rack of the preheated oven until the fish flakes easily, about 15 minutes.",325 kcal,28 g,17 g,16 g,1 g,American,Dinner,"Rate, Share, Keep Screen Awake, Show Full Nutrition Label, Hide Full Nutrition Label, Servings Per Recipe, Calories, Total Fat, Saturated Fat, Cholesterol, Sodium, Total Carbohydrate, Dietary Fiber, Total Sugars, Protein, Vitamin C, Calcium, Iron, Potassium, Simple Broiled Haddock278Ratings, Goat Cheese Salmon144Ratings, Baked Fish Fillets28Ratings, Buttery Broiled Salmon with Lemon2Ratings, Pan-Fried Salmon6Ratings, Baked Pollock38Ratings, Easy Orange Roughy164Ratings, Broiled Grouper Parmesan302Ratings, Almond-Crusted Tilapia513Ratings, Parmesan Crusted Tilapia Fillets812Ratings, Smoked Salmon Dill Eggs Benedict51Ratings, Crispy Fish276Ratings, Beth's Baked Fish15Ratings, Oven-Baked Cod with Bread Crumbs42Ratings, Flash Baked Walleye Fillets31Ratings, Healthy",4.6,1104
https://www.allrecipes.com/recipe/231939/honey-glazed-chicken/,Honey Glazed Chicken,"Delicious honey chicken made with pan-fried chicken breast cubes glazed with a sticky-sweet sauce of honey, soy sauce, and red pepper flakes.",https://www.allrecipes.com/thmb/H2ZYyqOsPFLv1WTQhx_cZOJQE-c=/1500x0/filters:no_upscale():max_bytes(150000):strip_icc()/231939_Honey-Glazed-Chicken_Adam-Vaccarezza_4564886_original-4x3-1-acb1de801b6541b69e06bf7b731c1b60.jpg,10,10,4 servings,,"0.25 cup honey; 2 tablespoons soy sauce; 0.125 teaspoon red pepper flakes; 1.5 tablespoons olive oil; 2 skinless, boneless chicken breast halves, cut into bite-size pieces","Gather all ingredients.
Whisk honey, soy sauce, and red pepper flakes in a bowl; set aside.
Heat olive oil in a skillet over medium heat; cook and stir chicken in hot oil until lightly brown, about 5 minutes.
Pour honey mixture into the skillet; continue to cook and stir until chicken is no longer pink in the center and sauce is thickened, about 5 minutes more.
Serve hot and enjoy!",179 kcal,13 g,18 g,7 g,0 g,American,Dinner,"Rate, Share, Keep Screen Awake, Show Full Nutrition Label, Hide Full Nutrition Label, Servings Per Recipe, Calories, Total Fat, Saturated Fat, Cholesterol, Sodium, Total Carbohydrate, Dietary Fiber, Total Sugars, Protein, Vitamin C, Calcium, Iron, Potassium, Garam Masala Chicken24Ratings, BBQ Chicken Pouches6Ratings, Simple Lemon Chicken19Ratings, Quick Meal-Prep Chicken1Rating, Sharyl's Spicy Chicken15Ratings, Simple Broiled Chicken Breasts1Rating, Lucky's Quickie Chickie295Ratings, Easy Baked Chicken Tenders84Ratings, Sriracha Honey Chicken58Ratings, Lighter Chicken Egg Foo Young11Ratings, Easy Garlic Ginger Chicken110Ratings, Easy Pasta Chicken49Ratings, A Good and Easy Garlic Chicken1,694Ratings, Apple Honey Glazed Chicken78Ratings, Crumbed Chicken Tenderloins (Air Fried)203Ratings, Healthy",4.6,573
https://www.allrecipes.com/recipe/16305/sweet-and-sour-meatballs-ii/,Sweet and Sour Meatballs,Sweet and sour meatballs made with ground beef are simmered in a deliciously thick sweet-sour sauce. Serve over rice for a quick and easy dinner!,https://www.allrecipes.com/thmb/TEligpfM37wkxEK1-VH8xg4jZbk=/1500x0/filters:no_upscale():max_bytes(150000):strip_icc()/16305-sweet-and-sour-meatballs-ii-DDMFS-4x3-769722012b39461f9a1ab59a6343ccdf.jpg,5,15,5 servings,,"1 pound ground beef; 1 cup dry bread crumbs; 1 onion, chopped; 1 egg; salt and pepper to taste; 1 cup brown sugar; 1 cup water; 0.5 cup ketchup; 0.5 cup cider vinegar; 2 tablespoons soy sauce; 2 tablespoons cornstarch","To make the meatballs: Mix beef, bread crumbs, onion, egg, salt, and pepper together in a large bowl until well combined.
Shape mixture into 1 ½-inch diameter balls.
Cook meatballs in a large nonstick skillet over medium heat until evenly browned and cooked through.
To make the sauce: Mix brown sugar, water, ketchup, vinegar, soy sauce, and cornstarch together in a medium bowl until smooth.
Pour sauce over meatballs. Reduce heat to low and simmer until sauce is thick, 3 to 5 minutes.
Serve hot and enjoy!",601 kcal,20 g,71 g,26 g,2 g,American,Dinner,"Rate, Share, Keep Screen Awake, Show Full Nutrition Label, Hide Full Nutrition Label, Servings Per Recipe, Calories, Total Fat, Saturated Fat, Cholesterol, Sodium, Total Carbohydrate, Dietary Fiber, Total Sugars, Protein, Vitamin C, Calcium, Iron, Potassium, Porcupines522Ratings, American Chop Suey II394Ratings, Gyros Burgers297Ratings, The Best Meatballs You'll Ever Have525Ratings, The Best Sweet and Sour Meatballs808Ratings, Easy Porcupine Meatballs124Ratings, Pepperoncini Beef1,176Ratings, Cranberry Pot Roast93Ratings, Kafta (BBQ)154Ratings, Swedish Meatballs I508Ratings, Cocktail Meatballs IV226Ratings, The Best Meatballs1,680Ratings, Slow Cooker Roast Beef709Ratings, How to Make Pico de Gallo536Ratings, Aunt Fannie's Dinner242Ratings, Slow Cooker Pot Roast2,562Ratings, Healthy",4.6,473
https://www.allrecipes.com/recipe/93234/honey-walnut-shrimp/,Honey Walnut Shrimp,"This honey walnut shrimp is a Chinese-style recipe for crispy fried shrimp in a creamy honey-mayonnaise sauce, topped with homemade candied walnuts.",https://www.allrecipes.com/thmb/hcSCcS-JOWGgj2f5-FYd6yen_R4=/1500x0/filters:no_upscale():max_bytes(150000):strip_icc()/AR-93234-honey-walnut-shrimp-DDMFS-4x3-0bc9a6731f864200b63d050e0e222d0a.jpg,15,20,4 servings,,"1 cup water; 0.66666668653488 cup white sugar; 0.5 cup walnuts; 4 large egg whites; 0.66666668653488 cup mochiko (glutinous rice flour); 1 cup vegetable oil for frying; 1 pound large shrimp, peeled and deveined; 0.25 cup mayonnaise; 2 tablespoons honey; 1 tablespoon canned sweetened condensed milk","Gather all ingredients.
Stir water and sugar together in a small saucepan over high heat. Bring to a boil and add walnuts. Boil for 2 minutes, then drain and place walnuts on a cookie sheet to dry.
Whip egg whites in a medium bowl until foamy. Stir in mochiko until it has a pasty consistency.
Heat oil in a heavy deep skillet over medium-high heat. Dip shrimp in mochiko batter, then fry in batches in hot oil until golden brown, about 5 minutes.
Remove with a slotted spoon and drain on paper towels.
Stir together mayonnaise, honey, and sweetened condensed milk in a medium serving bowl.
Add fried shrimp and toss to coat with sauce. Sprinkle candied walnuts on top and serve.",605 kcal,26 g,68 g,26 g,2 g,Chinese,Dinner,"Rate, Share, Keep Screen Awake, Show Full Nutrition Label, Hide Full Nutrition Label, Servings Per Recipe, Calories, Total Fat, Saturated Fat, Cholesterol, Sodium, Total Carbohydrate, Dietary Fiber, Total Sugars, Protein, Vitamin C, Calcium, Iron, Potassium, Shrimp Egg Foo Young132Ratings, Bánh Xèo (Vietnamese Crêpes)6Ratings, Szechwan Shrimp3,303Ratings, Chinese Take-Out Shrimp with Garlic46Ratings, Shrimp Stir Fry With Egg Noodles11Ratings, Egg Foo Young41Ratings, Shrimp with Lobster Sauce172Ratings, Steamed Garlic Prawns, Chinese Style12Ratings, Simple Garlic Shrimp1,677Ratings, Japanese-Style Deep-Fried Shrimp352Ratings, Chinese Honey-Walnut Shrimp3Ratings, Baked Lemon-Pepper Shrimp3Ratings, Hawaiian Garlic Shrimp Scampi38Ratings, Shrimp with Broccoli in Garlic Sauce104Ratings, Shrimp Lo Mein with Broccoli107Ratings, Steamed Fish with Ginger110Ratings, Healthy",4.7,574
https://www.allrecipes.com/recipe/14554/sirloin-steak-with-garlic-butter/,Sirloin Steak with Garlic Butter,This grilled sirloin steak recipe includes a super garlicky melted butter that's made with freshly minced garlic and garlic powder. Simply delicious!,https://www.allrecipes.com/thmb/OJ28fIFte6Pyg93ML8IM-APbu1Y=/1500x0/filters:no_upscale():max_bytes(150000):strip_icc()/AR-14554-sirloin-steak-with-garlic-butter-hero-4x3-d12fa79836754fcf850388e4677bbf55.jpg,20,10,8 servings,,"0.5 cup butter; 4 cloves garlic, minced; 2 teaspoons garlic powder; 4 pounds beef top sirloin steaks; salt and pepper to taste","Gather all ingredients. Preheat an outdoor grill for high heat and lightly oil the grate.
Melt butter in a small saucepan over medium-low heat.
Stir in minced garlic and garlic powder. Set aside.
Season both sides of each steak with salt and pepper.
Place steaks on preheated grill and cook 4 to 5 minutes per side. An instant-read thermometer inserted into the center should read 140 degrees F (60 degrees C) for medium doneness.
Transfer steaks to warmed plates; brush the tops liberally with garlic butter and allow to rest for 2 to 3 minutes before serving.",453 kcal,38 g,1 g,32 g,0 g,American,Dinner,"Rate, Share, Keep Screen Awake, Show Full Nutrition Label, Hide Full Nutrition Label, Servings Per Recipe, Calories, Total Fat, Saturated Fat, Cholesterol, Sodium, Total Carbohydrate, Dietary Fiber, Total Sugars, Protein, Vitamin C, Calcium, Iron, Potassium, Flat Iron Steak Grilled to a 'Tea'2Ratings, Beef Tagliata1Rating, Sirloin Steak with Mushrooms35Ratings, Juicy Steak97Ratings, Filet Mignons with Pepper Cream Sauce151Ratings, Beer and Brown Sugar Steak Marinade449Ratings, Steak Using the Fast-Flip Method9Ratings, Star Fruit Steak12Ratings, Flat Iron Steak with Balsamic Reduction105Ratings, Irish Steaks81Ratings, Jalapeño Steak188Ratings, Flat Iron, Grilled16Ratings, Overnight-Marinated Flank Steak40Ratings, Barbequed Steak33Ratings, Spicy Serrano Burgers2Ratings, Healthy",4.6,1024
https://www.allrecipes.com/recipe/134483/chicago-style-hot-dog/,Chicago-Style Hot Dog,"All-beef hot dog on a poppy seed bun with mustard, relish, onion, tomato, pickle, sport peppers, and celery salt, made Chicago-style with no ketchup.",https://www.allrecipes.com/thmb/III5nwFFJgJUUNocTUAUcxY5tnE=/1500x0/filters:no_upscale():max_bytes(150000):strip_icc()/134483-chicago-style-hot-dog-DDMFS-4x3-046e7cb4c2c34b1899211bc78fcc1e31.jpg,10,5,1 serving,,1 all-beef hot dog; 1 poppy seed hot dog roll; 1 tablespoon yellow mustard; 1 tablespoon sweet green pickle relish; 1 tablespoon chopped onion; 4 tomato wedges; 1 dill pickle spear; 2 sport peppers; 1 dash celery salt,"Bring a pot of water to a boil over high heat. Reduce heat to low, place hot dog in water, and cook until warmed through, about 5 minutes. Remove hot dog from water and set aside.
Place a steamer basket into the pot and steam poppy seed bun until warm, about 2 minutes.
Place hot dog in steamed bun. Pile on toppings in this order: mustard, relish, onion, tomato, pickle, peppers, and celery salt. The tomato wedges should be nestled between hot dog and top of bun on one side. Place pickle between hot dog and bottom of bun on the other side. Don't even think about ketchup!",682 kcal,25 g,73 g,33 g,6 g,American,"Lunch,Dinner","Rate, Share, Keep Screen Awake, Show Full Nutrition Label, Hide Full Nutrition Label, Servings Per Recipe, Calories, Total Fat, Saturated Fat, Cholesterol, Sodium, Total Carbohydrate, Dietary Fiber, Total Sugars, Protein, Vitamin C, Calcium, Iron, Potassium, Sharon's Awesome Chicago Chili61Ratings, Chris' Bay Area Burger905Ratings, Philly Cheese Steak41Ratings, Chicago Hot Dog-Style Salmon1Rating, Mary Pat's Tuna Melt14Ratings, Flatlander Chili2,497Ratings, Chicken Chili Soup145Ratings, Easy Barbeque Beef Tenderloin Steak15Ratings, German Texas Chili5Ratings, Wisconsin Blue Ribbon Chili24Ratings, Slow Cooker Philly Steak Sandwich Meat112Ratings, Cincinnati Skyline Chili56Ratings, Brick-Oven Pizza (Brooklyn Style)217Ratings, Brown Bean Chowder39Ratings, Pittsburgh Football Party Cilantro Salsa15Ratings, Healthy",4.8,310
https://www.allrecipes.com/recipe/189058/super-simple-salmon/,Easy 5-Ingredient Salmon,This easy salmon recipe delivers big flavor with just a few pantry and fridge staples. Pan-searing in butter browns the fillets but keeps them moist.,https://www.allrecipes.com/thmb/buCGXV3UdtSZRZDREyjv0RDW_0c=/1500x0/filters:no_upscale():max_bytes(150000):strip_icc()/AR-189058-super-simple-salmon-ddmfs-4x3-8650d795b3504c0bb360b150ed02a0ac.jpg,5,10,4 servings,,1 tablespoon garlic powder; 1 tablespoon dried basil; 0.5 teaspoon salt; 4 (6 ounce) fillets salmon; 2 tablespoons butter; 4 lemon wedges,"Gather all ingredients.
Stir garlic powder, basil, and salt together in a small bowl.
Rub the mixture evenly over salmon.
Melt butter in a large skillet over medium heat. Add salmon and cook until browned and flaky, about 5 minutes per side.
Serve salmon with lemon wedges.",304 kcal,37 g,3 g,16 g,1 g,American,Dinner,"Rate, Share, Keep Screen Awake, Show Full Nutrition Label, Hide Full Nutrition Label, Servings Per Recipe, Calories, Total Fat, Saturated Fat, Cholesterol, Sodium, Total Carbohydrate, Dietary Fiber, Total Sugars, Protein, Vitamin C, Calcium, Iron, Potassium, Meyer Lemon Cream Sauce for Salmon10Ratings, Blackened Salmon Fillets1,226Ratings, Cardamom Maple Salmon66Ratings, Pan Seared Salmon II39Ratings, Steamed Salmon with Olives and Capers2Ratings, Pan-Fried Salmon with Cream-Dill Sauce8Ratings, Pan-Poached Alaskan Salmon Piccata148Ratings, Pan-Seared Salmon260Ratings, Lemon-Garlic Air Fryer Salmon23Ratings, Poached Salmon111Ratings, Mediterranean-Twist Salmon21Ratings, Grilled Salmon with Dill Sauce86Ratings, Lemon Garlic Salmon127Ratings, Pan-Fried Salmon in Curry Cream Sauce20Ratings, Cajun Air Fryer Salmon55Ratings, Healthy",4.7,661
https://www.allrecipes.com/recipe/12775/spicy-grilled-shrimp/,Spicy Grilled Shrimp,"Grilled shrimp flavored with a simple lemon, garlic, and paprika paste cook quickly on the grill until juicy, tender, and perfect for sharing at any BBQ party!",https://www.allrecipes.com/thmb/FbwHjQ-IKd4mvhpbbfja7ye41x8=/1500x0/filters:no_upscale():max_bytes(150000):strip_icc()/AR-12775-Spicy-Grilled-Shrimp-DDMFS-4x3-beauty-8ed5ea13f67841c39c12341bacfeb466.jpg,15,5,6 servings,,"1 large clove garlic; 1 teaspoon coarse salt; 1 teaspoon paprika; 0.5 teaspoon cayenne pepper; 2 tablespoons olive oil; 2 teaspoons lemon juice; 2 pounds large shrimp, peeled and deveined; 8 wedges lemon, for garnish","Gather the ingredients. Preheat a grill for medium heat.
Crush garlic and salt together in a small bowl with a fork.
Mix in paprika and cayenne. Stir in olive oil and lemon juice to form a paste.
Combine garlic paste and shrimp in a large bowl and toss until shrimp are evenly coated.
Lightly oil the grill grate. Grill shrimp until opaque, 2 to 3 minutes per side.
Transfer to a serving dish, garnish with lemon wedges, and serve.",164 kcal,25 g,3 g,6 g,1 g,American,Dinner,"Rate, Share, Keep Screen Awake, Show Full Nutrition Label, Hide Full Nutrition Label, Servings Per Recipe, Calories, Total Fat, Saturated Fat, Cholesterol, Sodium, Total Carbohydrate, Dietary Fiber, Total Sugars, Protein, Vitamin C, Calcium, Iron, Potassium, Maui Wowie Shrimp68Ratings, Garlicky Appetizer Shrimp Scampi184Ratings, Firecracker Grilled Alaska Salmon1,356Ratings, Grilled Salmon Sandwich with Dill Sauce41Ratings, Amazing Spicy Grilled Shrimp295Ratings, Easy Grilled Shrimp2Ratings, Shrimp Foil Packets4Ratings, The Juiciest Hamburgers Ever78Ratings, Grilled Garlic and Herb Shrimp370Ratings, Grilled Greek Yogurt Marinated Chicken217Ratings, Grilled Scampi42Ratings, Fire and Ice Smoked Salmon13Ratings, Chef John's Grilled Jerk Pork Tenderloin44Ratings, Simply Glazed Steak, Sweet Hickory Steak1Rating, Healthy",4.8,1091
https://www.allrecipes.com/recipe/236814/baked-fresh-rainbow-trout/,Baked Fresh Rainbow Trout,"This rainbow trout recipe uses dill, thyme, and lemon to season whole fish that's baked in the oven until tender and moist for a quick and easy meal.",https://www.allrecipes.com/thmb/mcwYGQb-8APMrjcsOFOhSV8ouDo=/1500x0/filters:no_upscale():max_bytes(150000):strip_icc()/236814-baked-fresh-rainbow-trout-DDMFS-4x3-5937dc3aadd74f25a85ef131cfed480f.jpg,10,20,6 servings,,"2 teaspoons olive oil, divided; 2 whole rainbow trout, gutted and cleaned, heads and tails still on; 0.25 teaspoon dried dill weed; 0.25 teaspoon dried thyme; salt to taste; 0.5 large onion, sliced; 2 thin slices lemon; 2 tablespoons hot water; ground black pepper to taste","Preheat the oven to 400 degrees F (200 degrees C). Grease a 9x13-inch baking dish with 1 teaspoon olive oil.
Place trout in the prepared baking dish and coat with remaining olive oil. Gather the seasoning ingredients.
Season inside and outside of fish with dill, thyme, and salt. Stuff each fish with onion slices; grind pepper on top. Place 1 lemon slice on each fish.
Bake in the preheated oven for 10 minutes; add 2 tablespoons hot water to the dish (cold water could cause the dish to crack) to prevent the fish from drying out. Continue baking until fish flakes easily with a fork, about 10 minutes more.
Serve hot and enjoy!",373 kcal,54 g,2 g,15 g,0 g,American,Dinner,"Rate, Share, Keep Screen Awake, Show Full Nutrition Label, Hide Full Nutrition Label, Servings Per Recipe, Calories, Total Fat, Saturated Fat, Cholesterol, Sodium, Total Carbohydrate, Dietary Fiber, Total Sugars, Protein, Vitamin C, Calcium, Iron, Potassium, Fish in Foil436Ratings, Cardamom Maple Salmon66Ratings, Mediterranean-Twist Salmon21Ratings, Onion Salmon21Ratings, Grilled Steelhead Trout28Ratings, Whole Grilled Trout52Ratings, Lemon Pepper Cod174Ratings, Lemon-Orange Orange Roughy257Ratings, Garlic Alfredo Tilapia459Ratings, Grilled Salmon Steaks Italian-Style25Ratings, Pan-Seared Salmon260Ratings, Baked Salmon Fillets Dijon1,587Ratings, Tomato Basil Salmon316Ratings, Easy Lemon Pepper Blackened Salmon78Ratings, Salmon with Dill799Ratings, Dill-Tarragon Salmon23Ratings, Healthy",4.7,127
https://www.allrecipes.com/recipe/155375/crab-legs-with-garlic-butter-sauce/,Crab Legs with Garlic Butter Sauce,This crab legs recipe couldn't be easier! Don't pay marked-up restaurant prices when you can make crab legs in a tasty butter sauce at home for much less.,https://www.allrecipes.com/thmb/Yqt1zeMSgXsOs4whVSNtW3eKWi4=/1500x0/filters:no_upscale():max_bytes(150000):strip_icc()/155375-CrabLegsWithGarlicButterSauce-mfs-beauty-1682-4x3-643d88a79a0044918784a0f75f27f6b2.jpg,5,15,2 servings,,"1 pound Snow Crab clusters, thawed if necessary; 0.25 cup butter; 1 clove garlic, minced; 1.5 teaspoons dried parsley; 0.25 teaspoon freshly ground black pepper; 0.125 teaspoon salt","Cut a slit, length-wise, into the shell of each piece of crab.
Melt butter in a large skillet over medium heat. Add garlic and cook until translucent, 1 to 2 minutes. Stir in parsley, pepper, and salt. Continue to heat mixture until bubbling.
Add crab legs to the skillet; toss to coat with butter mixture. Simmer until completely heated through, 5 to 6 minutes.
Serve hot and enjoy!",520 kcal,44 g,1 g,38 g,0 g,American,Dinner,"Rate, Share, Keep Screen Awake, Show Full Nutrition Label, Hide Full Nutrition Label, Servings Per Recipe, Calories, Total Fat, Saturated Fat, Cholesterol, Sodium, Total Carbohydrate, Dietary Fiber, Total Sugars, Protein, Vitamin C, Calcium, Iron, Potassium, Crab-Stuffed Lobster Tail77Ratings, Instant Pot Simple Steamed Crab Legs21Ratings, Grilled King Crab Legs Recipe12Ratings, The World's Greatest Crab Recipe101Ratings, Salmon Patties with Dill Sauce74Ratings, Chesapeake Bay Stuffed Rockfish26Ratings, Butter-Baked Tilapia and Coconut Rice, Spicy Salmon with Tomatoes and Garlic, Sirloin Steak with Mushrooms35Ratings, Crab Newburg15Ratings, Crab and Jack Pretzel14Ratings, Spicy Crab Pasta67Ratings, Smoked Salmon Dill Eggs Benedict51Ratings, Crab Croissants10Ratings, Pan-Fried Soft-Shell Crabs, Healthy",4.8,237
https://www.allrecipes.com/recipe/244950/baked-chicken-schnitzel/,Baked Chicken Schnitzel,"Chicken schnitzel is a breeze to make in the oven. Baking the breaded chicken breasts makes them golden and crispy on the outside, but they're tender and juicy inside.",https://www.allrecipes.com/thmb/n5TbAYtBLCU3cVk0LfApLts10Z0=/1500x0/filters:no_upscale():max_bytes(150000):strip_icc()/244950-baked-chicken-schnitzel-step-4-35-eb70480d775c4f0eb97309eb4107da32.jpg,20,10,6 servings,,"1 tablespoon olive oil, or as desired; 6 chicken breasts, cut in half lengthwise (butterflied); salt and ground black pepper to taste; 0.75 cup all-purpose flour; 1 tablespoon ground paprika; 2 large eggs, beaten; 2 cups seasoned bread crumbs; 1 large lemon, zested","Gather all ingredients.
Preheat the oven to 425 degrees F (220 degrees C). Line a large baking sheet with aluminum foil and drizzle olive oil over foil. Place the baking sheet in the oven as it preheats.
Meanwhile, place chicken breasts between 2 sheets of plastic wrap on a solid, level surface. Firmly pound with the smooth side of a meat mallet to 1/4-inch thickness. Season both sides with salt and pepper.
Mix flour and paprika together in a shallow bowl. Whisk eggs, salt, and pepper together in a second shallow bowl. Mix bread crumbs and lemon zest together in a third shallow bowl.
Dredge one piece of chicken in flour; shake off excess. Dip into beaten egg. Lift up so excess egg drips back in the bowl. Press into bread crumbs to coat both sides. Place the breaded chicken, unstacked, onto a plate. Repeat with remaining chicken.
Remove the baking sheet from the oven. Arrange chicken in a single layer on the hot sheet. Drizzle more olive oil over each piece.
Bake in the preheated oven for 5 to 6 minutes. Flip chicken and continue baking until no longer pink in the center and the breading is lightly browned, 5 to 6 minutes more. An instant-read thermometer inserted into the center should read at least 165 degrees F (74 degrees C).",383 kcal,33 g,40 g,9 g,3 g,Eastern European,Dinner,"Rate, Share, Keep Screen Awake, Show Full Nutrition Label, Hide Full Nutrition Label, Servings Per Recipe, Calories, Total Fat, Saturated Fat, Cholesterol, Sodium, Total Carbohydrate, Dietary Fiber, Total Sugars, Protein, Vitamin C, Calcium, Iron, Potassium, Angela's Easy Breaded Chicken374Ratings, Easy Baked Chicken Tenders84Ratings, Buffalo Chicken Strips1Rating, BBQ Chicken Pouches6Ratings, Crunchy French Onion Chicken359Ratings, Easy Chicken Breast Wrapped in Bacon33Ratings, Sichuan Hot Chicken Tenders, Crispy Chicken Tenders3Ratings, Garlic-Brown Sugar Chicken Breasts2Ratings, Blackened Chicken Strips3Ratings, Enchanted Sour Cream Chicken Enchiladas241Ratings, Air Fryer Honey Chicken5Ratings, Baked Lemon-Rosemary Chicken3Ratings, Healthy",4.5,313
https://www.allrecipes.com/recipe/76659/heavenly-halibut/,Heavenly Halibut,A quick and easy broiled halibut recipe includes a rich cheesy topping that pairs perfectly with mild-flavored halibut for a heavenly weeknight dinner.,https://www.allrecipes.com/thmb/k6VvGAk1Z-cDVfxVgTJLvlUdjmY=/1500x0/filters:no_upscale():max_bytes(150000):strip_icc()/76659-heavenly-halibut-DDMFS-4x3-b24ebfc3c51e413eaa60e2b2fe7cd00d.jpg,5,10,4 servings,,"0.5 cup grated Parmesan cheese; 0.25 cup butter, softened; 3 tablespoons mayonnaise; 3 tablespoons chopped green onions; 2 tablespoons lemon juice; 0.25 teaspoon salt; 1 dash hot pepper sauce; 2 pounds skinless halibut fillets","Set an oven rack about 6 inches from the heat source and preheat the oven's broiler. Grease a rimmed baking sheet; place halibut fillets on the sheet.
Broil in the preheated oven until fish flakes easily with a fork, about 8 minutes.
Meanwhile, mix Parmesan cheese, butter, mayonnaise, green onions, lemon juice, salt, and hot pepper sauce in a bowl.
Remove fillets from the oven; spread Parmesan mixture over top. Return to the oven and broil until topping is bubbly and lightly browned, about 2 more minutes.
Serve hot and enjoy!",235 kcal,26 g,1 g,14 g,0 g,American,Dinner,"Rate, Share, Keep Screen Awake, Show Full Nutrition Label, Hide Full Nutrition Label, Servings Per Recipe, Calories, Total Fat, Saturated Fat, Cholesterol, Sodium, Total Carbohydrate, Dietary Fiber, Total Sugars, Protein, Vitamin C, Calcium, Iron, Potassium, Halibut Cheeks with Ginger Orange Sauce50Ratings, Baked Orange Roughy, Italian-Style508Ratings, Salmon with Dill799Ratings, Lemon-Pepper Salmon320Ratings, Broiled Parmesan-Lemon Tilapia296Ratings, Baked Halibut with Crispy Panko77Ratings, Lemon-Rosemary Salmon423Ratings, Easy Pan-Fried Halibut7Ratings, Capers and Halibut542Ratings, Easy Halibut Fillets2Ratings, Catfish Tuscany114Ratings, Easy Pan-Fried Fish Fillet9Ratings, Lemon Pepper Cod174Ratings, Broiled Spanish Mackerel28Ratings, Healthy",4.7,1189
https://www.allrecipes.com/recipe/231549/baked-flounder-with-panko-and-parmesan/,Baked Flounder with Panko and Parmesan,"This flounder recipe is simple and made with tender flounder fillets coated with a crispy, buttery panko Parmesan topping that bakes in 15 minutes.",https://www.allrecipes.com/thmb/mc-QPwwMs6NK5hXiZrKeNhzflQY=/1500x0/filters:no_upscale():max_bytes(150000):strip_icc()/231549-baked-flounder-with-panko-and-parmesan-DDMFS-4x3-a3bb6742ae7642efab93d18ac8f6649d.jpg,10,15,4 servings,,"4 (4 ounce) flounder fillets; 4 tablespoons butter, melted, divided; 1 cup panko bread crumbs; 0.66666668653488 cup grated Parmesan cheese; 0.5 teaspoon salt; 1 pinch dried thyme; ground black pepper to taste","Preheat the oven to 400 degrees F (200 degrees C). Lightly grease a large, shallow baking dish.
Lay flounder fillets in the prepared baking dish and brush with 1 tablespoon butter.
Combine remaining 3 tablespoons butter with bread crumbs, Parmesan cheese, salt, thyme, and pepper in a bowl; sprinkle over flounder and pat down lightly.
Bake in the preheated oven until fish flakes easily with a fork, 15 to 20 minutes.
Carefully transfer fillets to a plate with a thin spatula.",331 kcal,29 g,20 g,18 g,0 g,American,Dinner,"Rate, Share, Keep Screen Awake, Show Full Nutrition Label, Hide Full Nutrition Label, Servings Per Recipe, Calories, Total Fat, Saturated Fat, Cholesterol, Sodium, Total Carbohydrate, Dietary Fiber, Total Sugars, Protein, Vitamin C, Calcium, Iron, Potassium, Flavorful Flounder for the Oven291Ratings, Lemon-Pepper Fresh Flounder Fillets3Ratings, Air-Fried Crumbed Fish141Ratings, Lemon Panko-Crusted Salmon41Ratings, Crispy Fish Fillets504Ratings, Panko Parmesan Salmon41Ratings, Parmesan Crusted Tilapia Fillets812Ratings, Easy Orange Roughy164Ratings, Crispy Baked Walleye144Ratings, Baked Amberjack5Ratings, Herb Baked Catfish50Ratings, Beth's Baked Fish15Ratings, Sweet Dijon Basa Fillet86Ratings, Oh My Arctic Char!78Ratings, Honey Steelhead Trout50Ratings, Pecan-Crusted Trout66Ratings, Healthy",4.6,508
https://www.allrecipes.com/recipe/220164/classic-cuban-style-picadillo/,Classic Cuban-Style Picadillo,"This classic Cuban picadillo dish with ground beef is quick and easy, and is great over rice. It can also be used as a filling for tacos or empanadas.",https://www.allrecipes.com/thmb/JCtMEJy1-JFGEX8Ut17WWocpSMM=/1500x0/filters:no_upscale():max_bytes(150000):strip_icc()/220164-ClassicCubanStylePicadilloi-ddmfs-4x3-0256-3249c2dd20e4448d8f1ef78a0a14819a.jpg,10,20,4 servings,,"1 tablespoon olive oil; 1 small onion, chopped; 0.5 green bell pepper, chopped; 1 clove garlic, minced, or more to taste; 1 pound lean ground beef; 1 (8 ounce) can tomato sauce; 6 large pitted green olives, quartered; 0.5 cup raisins; 1 tablespoon capers; 2 (1.41 ounce) packages sazon seasoning (such as Goya®); 1 tablespoon ground cumin; 1 teaspoon white sugar; salt to taste","Gather all ingredients.
Heat olive oil in a skillet over medium heat; cook and stir onion, bell pepper, and garlic, onion in the hot oil until softened, 5 to 7 minutes.
Add ground beef into the skillet; cook and stir until crumbly and completely browned, 7 to 10 minutes.
Stir tomato sauce, olives, raisins, capers, cumin, sazon seasoning, sugar, and salt into the ground beef mixture. Cover the skillet, reduce heat to low, and cook until the mixture is heated through, 5 to 10 minutes.",350 kcal,24 g,24 g,19 g,2 g,American,Dinner,"Rate, Share, Keep Screen Awake, Show Full Nutrition Label, Hide Full Nutrition Label, Servings Per Recipe, Calories, Total Fat, Saturated Fat, Cholesterol, Sodium, Total Carbohydrate, Dietary Fiber, Total Sugars, Protein, Vitamin C, Calcium, Iron, Potassium, Cuban Pork79Ratings, Cuban Marinated Steak141Ratings, Philly Cheese Steak41Ratings, Chicago-Style Hot Dog310Ratings, Baked Cuban Chicken5Ratings, Island-Style Sardines and Rice17Ratings, Korean Fusion Chicken Burrito10Ratings, Shipwreck Casserole397Ratings, Maui Wowie Shrimp68Ratings, Grilled Bay Scallops3Ratings, Cajun Blackened Catfish76Ratings, Cuban Picadillo89Ratings, Cuban Chicken76Ratings, Jibarito27Ratings, Air Fryer Blackened Fish Tacos3Ratings, Healthy",4.6,192
https://www.allrecipes.com/recipe/239428/crispy-panko-chicken-breasts/,Crispy Panko Chicken Breasts,This easy panko chicken recipe results in deliciously crispy pan-fried chicken breasts that are ready to serve in less than 15 minutes!,https://www.allrecipes.com/thmb/H6WZudlkKqfnTCxK5syiE4cxQPM=/1500x0/filters:no_upscale():max_bytes(150000):strip_icc()/239428crispy-panko-chicken-breastsChefMo4x3-8295d05593e94a06b93d831786256f14.jpg,10,5,4 servings,,1 pound boneless skinless chicken breasts; 1 egg; 1 cup panko crumbs; 0.5 teaspoon Spice Islands® Garlic Powder; 0.5 teaspoon Spice Islands® Onion Powder; 0.5 teaspoon Spice Islands® Fine Grind Sea Salt; 0.25 teaspoon Spice Islands® Fine Grind Black Pepper; 0.25 cup Mazola® Corn Oil,"Pound chicken breasts, one at a time, in a resealable plastic bag until about 1/2-inch thick.
Lightly beat egg in a shallow bowl. Combine panko crumbs, garlic powder, onion powder, salt, and pepper in a separate shallow bowl.
Dip chicken breasts in egg until coated, then dip in panko mixture, pressing chicken into the crumbs until fully coated. Arrange in a single layer on a plate.
Heat oil in a large skillet over medium-high heat. Add chicken and cook until golden brown and cooked through, about 2 to 3 minutes per side.",335 kcal,31 g,20 g,18 g,0 g,American,Dinner,"Rate, Share, Keep Screen Awake, Show Full Nutrition Label, Hide Full Nutrition Label, Servings Per Recipe, Calories, Total Fat, Saturated Fat, Cholesterol, Sodium, Total Carbohydrate, Dietary Fiber, Total Sugars, Protein, Vitamin C, Calcium, Iron, Potassium, Bang Bang Chicken122Ratings, Air Fryer Chicken Piccata10Ratings, Potato Crunchy Tenders121Ratings, Spicy Fried Chicken Strips1Rating, Easy Fried Chicken, Easy Moist Chipotle Chicken8Ratings, Lemon Garlic Chicken175Ratings, Gluten-Free Chicken Nuggets13Ratings, Air Fryer Chicken Katsu8Ratings, Air Fryer Korean Fried Chicken3Ratings, Air Fryer Apricot-Glazed Chicken Breasts16Ratings, Cocoa Fried Chicken10Ratings, Easy Tex-Mex Fried Chicken22Ratings, Simple Lemon Chicken19Ratings, This panko chicken recipe uses pounded chicken breasts making it quick and easy to cook. Use crushed, crisp rice cereal squares instead of panko crumbs for a gluten-free version!, Gluten-Free Chicken Nuggets, Healthy",4.6,190
https://www.allrecipes.com/recipe/82347/best-ever-crab-cakes/,Best Ever Crab Cakes,"These crab cakes are quick and easy to make with crabmeat, crushed crackers, and lemon juice fried in butter until golden, crispy, and delicious.",https://www.allrecipes.com/thmb/od977MeNRhY9c2PXZwMc-Fx0B-4=/1500x0/filters:no_upscale():max_bytes(150000):strip_icc()/AR-82347-best-ever-crab-cake-ddmfs-4x3-49e5c323ae1d4d758648bc654d24aa58.jpg,15,10,4 servings,,1 egg; 3 tablespoons mayonnaise; 1 tablespoon minced green onions; 4 teaspoons lemon juice; 1 teaspoon dried tarragon; 0.125 teaspoon red pepper flakes; 8 ounces crabmeat; 0.5 cup crushed buttery round crackers; 1 tablespoon butter,"Gather all ingredients.
Whisk egg, mayonnaise, green onions, lemon juice, tarragon, and pepper flakes together in a medium bowl.
Gently stir in crabmeat, being careful not to break up meat.
Gradually mix in cracker crumbs, adding until desired consistency is achieved.
Form crab mixture into 4 patties.
Heat butter in a skillet over medium heat. Cook patties in the skillet until golden brown, 5 to 6 minutes on each side.
Serve and enjoy!",216 kcal,14 g,6 g,15 g,0 g,"U.S.,American",Dinner,"Rate, Share, Keep Screen Awake, Show Full Nutrition Label, Hide Full Nutrition Label, Servings Per Recipe, Calories, Total Fat, Saturated Fat, Cholesterol, Sodium, Total Carbohydrate, Dietary Fiber, Total Sugars, Protein, Vitamin C, Calcium, Iron, Potassium, Crushed Pretzel Crab Cakes, Dorsey's Fish & Oyster House Crab Cakes42Ratings, Aunt Ruth's Crab Cakes39Ratings, Easy Crab Cakes1Rating, Lori's Famous Crab Cakes309Ratings, Perfect Crab Cakes With Green Onions74Ratings, Mini Crab Cakes with Curried Tartar Sauce, Air Fryer Cajun Crab Cakes5Ratings, Easy Crab Cakes with Panko15Ratings, Laura's Maryland Crab Cakes7Ratings, Grammy's Crab Cakes, Quick Oven-Baked Shrimp2Ratings, Super Easy Salmon Cakes122Ratings, Air Fryer Crab Cakes3Ratings, Paleo Maryland Crab Cakes26Ratings, Maryland Crab Cakes229Ratings, Healthy",4.6,623
https://www.allrecipes.com/recipe/69471/baby-spinach-omelet/,Baby Spinach Omelet,"Make this delicious spinach omelet with baby greens, Parmesan cheese, and a little nutmeg for a simple and quick meal—perfect for any time of day.",https://www.allrecipes.com/thmb/xPSphQUyrNBb_DIAVBS1NcvxtKY=/1500x0/filters:no_upscale():max_bytes(150000):strip_icc()/69471-baby-spinach-omelet-hero-4x3-5e7db70704f141edb6aee119a1d750c6.jpg,5,10,1 serving,,2 eggs; 1 cup torn baby spinach leaves; 1.5 tablespoons grated Parmesan cheese; 0.25 teaspoon onion powder; 0.125 teaspoon ground nutmeg; salt and pepper to taste,"Gather all ingredients.
Beat eggs in a bowl, and stir in baby spinach and Parmesan cheese.
Season with onion powder, nutmeg, salt, and pepper.
Spray a small skillet with cooking spray and place over medium heat. Once warm, add in the egg mixture and cook until partially set, about 3 minutes.
Flip with a spatula, and continue cooking, 2 to 3 minutes.
Reduce heat to low and continue cooking, 2 to 3 minutes, or until omelet reaches desired doneness. Serve warm and enjoy!",186 kcal,16 g,3 g,12 g,1 g,American,Breakfast,"Rate, Share, Keep Screen Awake, Show Full Nutrition Label, Hide Full Nutrition Label, Servings Per Recipe, Calories, Total Fat, Saturated Fat, Cholesterol, Sodium, Total Carbohydrate, Dietary Fiber, Total Sugars, Protein, Vitamin C, Calcium, Iron, Potassium, Cheese Omelette with Herbs1Rating, Mini Frittatas106Ratings, Eggs Florentine37Ratings, Asparagus Omelet8Ratings, Zucchini and Eggs118Ratings, Tasty Low-Carb Egg and Vegetable Saute, Egyptian Feta Cheese Omelet Roll47Ratings, Western Omelet4Ratings, Air Fryer Souffle Egg Cups3Ratings, Egg White Bites2Ratings, Egg White Breakfast Bites59Ratings, Scrambled Tofu83Ratings, Low-Carb Bacon Spinach Egg Cups123Ratings, Air Fryer Spinach-Feta Frittata1Rating, Healthy, Ultimate Low-Carb Ham and Cheese Omelet for Two, Low-Carb Bacon Spinach Egg Cups",4.5,384
https://www.allrecipes.com/recipe/26286/quick-and-easy-chicken-spaghetti/,Quick and Easy Chicken Spaghetti,"This chicken spaghetti recipe is quick and easy to make with cooked chicken, mushrooms, and pasta simmered in a creamy cheese sauce with tomatoes.",https://www.allrecipes.com/thmb/blSlV5ojjUZgdFqxoxmkL5H5TgU=/1500x0/filters:no_upscale():max_bytes(150000):strip_icc()/26286-QuickAndEasyChickenSpaghetti-ddmfs-1X1-0843-619f804ef1764e84a30a947276424ca4.jpg,10,15,6 servings,,"1 (12 ounce) package angel hair pasta; 2 cups chopped cooked chicken breast; 1 (10.75 ounce) can condensed cream of chicken soup; 1 (10 ounce) can diced tomatoes with green chile peppers; 0.75 (8 ounce) package processed cheese, cubed; 0.5 (4 ounce) jar sliced mushrooms, drained; salt and pepper to taste","Bring a large pot of lightly salted water to a boil. Cook angel hair pasta in the boiling water, stirring occasionally, until tender yet firm to the bite, 4 to 5 minutes. Drain pasta and return it to the pot.
Add chopped chicken, condensed soup, diced tomatoes with chile peppers, processed cheese, mushrooms, salt, and pepper.
Cook and stir over low heat until cheese is melted and mixture is heated through, about 5 minutes.
Serve hot and enjoy!",376 kcal,26 g,39 g,13 g,3 g,American,"Dinner,Pasta","Rate, Share, Keep Screen Awake, Show Full Nutrition Label, Hide Full Nutrition Label, Servings Per Recipe, Calories, Total Fat, Saturated Fat, Cholesterol, Sodium, Total Carbohydrate, Dietary Fiber, Total Sugars, Protein, Vitamin C, Calcium, Iron, Potassium, Easy Chicken Tetrazzini814Ratings, Noodles64Ratings, Chicken Milano2,813Ratings, Buffalo Chicken Pasta7Ratings, Creamy Chicken and Tomatillo Verde Pasta, Chicken Spaghetti with Rotel224Ratings, Lemon-Pepper Chicken Pasta3Ratings, Weeknight Noodle Bowl5Ratings, Easy One-Pot Chicken Alfredo7Ratings, Brian's Chicken Sausage Pesto Pasta7Ratings, Chicken Spaghetti II389Ratings, Chicken and Broccoli Alfredo597Ratings, Chicken Vodka Radiatori1Rating, Chicken Spaghetti149Ratings, Healthy",4.7,258
https://www.allrecipes.com/recipe/22538/baked-salmon-fillets-dijon/,Baked Salmon Fillets Dijon,Learn how long to bake salmon at 400 degrees F with this easy recipe for delicious salmon fillets coated with Dijon mustard and seasoned bread crumbs.,https://www.allrecipes.com/thmb/lbJtqe7Sc3JA5xOiA9fRxPzFibs=/1500x0/filters:no_upscale():max_bytes(150000):strip_icc()/Baked-Salmon-Fillets-with-Dijon-Mustard-2000-23028416a7824c19b31ec4c851598111.jpg,10,15,4 servings,,"4 (4 ounce) fillets salmon; 3 tablespoons prepared Dijon-style mustard; salt and ground black pepper to taste; 0.25 cup Italian-style dry bread crumbs; 0.25 cup butter, melted","Gather all ingredients. Preheat the oven to 400 degrees F (200 degrees C). Line a shallow baking pan with aluminum foil.
Place salmon fillets skin-side down on the prepared baking pan. Spread a thin layer of mustard on top of each fillet; season with salt and pepper.
Top with bread crumbs, then drizzle with melted butter.
Bake in the preheated oven until salmon flakes easily with a fork, about 15 minutes.
Serve and enjoy!",331 kcal,25 g,8 g,22 g,0 g,American,Dinner,"Rate, Share, Keep Screen Awake, Show Full Nutrition Label, Hide Full Nutrition Label, Servings Per Recipe, Calories, Total Fat, Saturated Fat, Cholesterol, Sodium, Total Carbohydrate, Dietary Fiber, Total Sugars, Protein, Vitamin C, Calcium, Iron, Potassium, Healthy Dijon Salmon for One2Ratings, Dill-Tarragon Salmon23Ratings, Easy Lemon Pepper Blackened Salmon78Ratings, Pistachio-Crusted Salmon78Ratings, Salmon with Dill799Ratings, Honey Mustard Salmon7Ratings, Tomato Basil Salmon316Ratings, Lemon-Rosemary Salmon423Ratings, Salmon with Brown Sugar Glaze1,022Ratings, Maple Dijon Salmon25Ratings, Balsamic-Glazed Salmon Fillets1,602Ratings, Baked Old Bay® Salmon16Ratings, Easy Miso Salmon11Ratings, Simple Oven-Baked Salmon7Ratings, Curry Salmon with Mango8Ratings, Roasted Salmon with White Wine Sauce17Ratings, Healthy, Healthy Dijon Salmon for One",4.6,1587
https://www.allrecipes.com/recipe/240130/scrumptious-salmon-cakes/,Scrumptious Salmon Cakes,"This salmon cakes recipe for homemade patties uses canned salmon mixed with panko, parsley, Worcestershire, and green onion for a quick and easy meal.",https://www.allrecipes.com/thmb/lGbEecndZWnKUCLPAyXw0tGDN-4=/1500x0/filters:no_upscale():max_bytes(150000):strip_icc()/AR-240130-scrumptious-salmon-cakes-DDMFS-4x3-d3a4c962e2eb4dba861dc00d4c66dbd2.jpg,15,10,8 servings,,"2 (14.75 ounce) cans salmon, drained and flaked; 0.75 cup Italian-seasoned panko (Japanese bread crumbs); 0.5 cup minced fresh parsley; 2 eggs, beaten; 2 green onions, chopped; 3 tablespoons Worcestershire sauce; 3 tablespoons grated Parmesan cheese; 2 tablespoons Dijon mustard; 2 tablespoons creamy salad dressing (such as Miracle Whip®); 2 teaspoons seafood seasoning (such as Old Bay®); 1.5 teaspoons garlic powder; 1.5 teaspoons ground black pepper; 1 tablespoon olive oil, or as needed, divided","Gather all ingredients.
Mix salmon, panko, parsley, eggs, green onions, Worcestershire sauce, Parmesan cheese, Dijon mustard, creamy salad dressing, seafood seasoning, garlic powder, and pepper together in a large bowl.
Divide mixture and shape into 8 equal-sized patties.
Heat enough olive oil in a large skillet to cover the cooking surface over medium heat. Fry salmon patties in batches until browned, 5 to 7 minutes per side. Repeat with more olive oil as needed.
Serve and enjoy!",263 kcal,28 g,11 g,12 g,0 g,American,"Appetizer,Dinner","Rate, Share, Keep Screen Awake, Show Full Nutrition Label, Hide Full Nutrition Label, Servings Per Recipe, Calories, Total Fat, Saturated Fat, Cholesterol, Sodium, Total Carbohydrate, Dietary Fiber, Total Sugars, Protein, Vitamin C, Calcium, Iron, Potassium, Simple Salmon Cakes Made with Oatmeal11Ratings, Salmon Cakes for One34Ratings, Pretzel-Crusted Salmon Patties2Ratings, Easy Salmon Cakes146Ratings, Easy Salmon Patties13Ratings, Super Easy Salmon Cakes122Ratings, Sweet Potato Salmon Cakes1Rating, Best Salmon Patties1,038Ratings, Lemon Sauce for Salmon Patties240Ratings, Air Fryer Salmon Croquettes30Ratings, Salmon Tuna Patties15Ratings, Salmon Burgers62Ratings, Air Fryer Salmon Patties9Ratings, Air Fryer Salmon Burgers2Ratings, Family-Approved Old Bay Salmon Patties Recipe, Healthy",4.7,539
https://www.allrecipes.com/recipe/218562/super-easy-chicken-and-dumplings/,Super Easy Chicken and Dumplings,This hearty chicken and dumplings soup could not be simpler to make in one pot with easy ingredients for a comforting meal that tastes great!,https://www.allrecipes.com/thmb/DjIUlrazrP_4S2xnZ9bXc35csts=/1500x0/filters:no_upscale():max_bytes(150000):strip_icc()/218562-Super-Easy-Chicken-Dumplings-DDMFS-3x4-0647-66859426562849a89d4d7d20c47fd533.jpg,5,15,8 servings,,2 (10.5 ounce) cans condensed cream of chicken soup; 3 (14 ounce) cans chicken broth; 3 cups shredded cooked chicken meat; 2 (10 ounce) cans refrigerated biscuit dough,"Gather all ingredients.
Stir condensed soup, chicken broth, and shredded chicken together in a large saucepan over medium-high heat until it begins to simmer.
Cut each biscuit into quarters, and gently stir into the simmering soup.
Reduce heat to medium-low, cover, and simmer until biscuits are no longer doughy in the center, 10 to 15 minutes.
Serve and enjoy!",400 kcal,22 g,36 g,18 g,1 g,Southern,Dinner,"Rate, Share, Keep Screen Awake, Show Full Nutrition Label, Hide Full Nutrition Label, Servings Per Recipe, Calories, Total Fat, Saturated Fat, Cholesterol, Sodium, Total Carbohydrate, Dietary Fiber, Total Sugars, Protein, Vitamin C, Calcium, Iron, Potassium, Easy Slow Cooker Chicken and Dumplings304Ratings, Beginner Chicken and Dumplings59Ratings, Southern Chicken and Dumplings60Ratings, Classic Chicken and Dumplings141Ratings, Easy Chicken and Dumplings196Ratings, Slow Cooker Chicken and Dumplings9,499Ratings, Chicken Dumpling Soup61Ratings, Instant Pot Chicken and Dumplings83Ratings, Polish Chicken and Dumplings181Ratings, Chicken with Herb Dumplings7Ratings, Herbed Dumplings277Ratings, Chicken and Dumplings IV281Ratings, Healthy",4.8,406
https://www.allrecipes.com/recipe/71698/sesame-seared-tuna/,Sesame-Seared Tuna,"This sesame-seared tuna is made in less than 15 minutes. It's an easy recipe for seared tuna with a sesame seed crust, served with a honey soy sauce.",https://www.allrecipes.com/thmb/XJviBMT8y2igXGPJ30Kl4WdX7N0=/1500x0/filters:no_upscale():max_bytes(150000):strip_icc()/AR-71698-sesame-seared-tuna-DDMFS-4x3-beb25c2c24bd4135bf5af0c875ed0cdf.jpg,10,1,4 servings,,0.25 cup soy sauce; 2 tablespoons sesame oil; 1 tablespoon mirin (Japanese sweet wine); 1 tablespoon honey; 1 tablespoon rice wine vinegar; 0.5 cup sesame seeds; 4 (6 ounce) tuna steaks; 1 tablespoon olive oil; wasabi paste,"Gather all ingredients.
Stir together soy sauce, sesame oil, mirin, and honey in a small bowl.
Pour half into a separate small bowl, stir in rice wine vinegar, and set it aside as a dipping sauce.
Spread sesame seeds out on a plate. Coat tuna steaks with remaining soy sauce mixture, then press into sesame seeds to coat.
Heat olive oil in a cast iron skillet over high heat until very hot. Place steaks in the pan; sear for about 30 seconds on each side.
Serve with dipping sauce and wasabi paste.",422 kcal,44 g,13 g,21 g,2 g,Japanese,Dinner,"Rate, Share, Keep Screen Awake, Show Full Nutrition Label, Hide Full Nutrition Label, Servings Per Recipe, Calories, Total Fat, Saturated Fat, Cholesterol, Sodium, Total Carbohydrate, Dietary Fiber, Total Sugars, Protein, Vitamin C, Calcium, Iron, Potassium, Sesame Tuna with Soy Miso Dressing26Ratings, Seared Sesame-Crusted Ahi Tuna6Ratings, Miso Salmon64Ratings, Easy Ahi Tuna Poke1Rating, Sesame Grilled Salmon38Ratings, Blackened Tuna266Ratings, Sesame Crusted Mahi Mahi II14Ratings, Curry Salmon with Mango8Ratings, Halibut Cheeks with Ginger Orange Sauce50Ratings, Baked Salmon Fillets Dijon1,587Ratings, Honey-Glazed Baked Salmon13Ratings, Tuna Tostadas89Ratings, Lemon-Rosemary Salmon423Ratings, Korean BBQ Beef (Pul-Kogi)203Ratings, Healthy",4.7,543
https://www.allrecipes.com/recipe/228056/parmesan-crusted-tilapia-fillets/,Parmesan Crusted Tilapia Fillets,"This Parmesan-crusted tilapia uses a few simple ingredients that pack a lot of great flavor. This is a quick, easy dinner, baked to perfection.",https://www.allrecipes.com/thmb/HXjsK0g5R3c8jPcJWaLDIlDEDoM=/1500x0/filters:no_upscale():max_bytes(150000):strip_icc()/1122696-parmesan-crusted-tilapia-fillets-Sherri-1x1-1-5d86199d7d7a490d9ef98a3e9a667f3b.jpg,10,10,4 servings,,0.75 cup grated Parmesan cheese; 1 tablespoon chopped fresh parsley; 2 teaspoons paprika; salt and ground black pepper to taste; 4 tilapia fillets; 1 drizzle olive oil,"Preheat the oven to 400 degrees F (200 degrees C). Line a baking sheet with aluminum foil.
Whisk Parmesan cheese, parsley, paprika, salt, and pepper together in a shallow dish.
Coat tilapia fillets with olive oil and press into the Parmesan cheese mixture. Arrange coated fillets on the prepared baking sheet.
Bake in the preheated oven until the fish flakes easily with a fork, 10 to 12 minutes.",210 kcal,29 g,1 g,9 g,1 g,American,Dinner,"Rate, Share, Keep Screen Awake, Show Full Nutrition Label, Hide Full Nutrition Label, Servings Per Recipe, Calories, Total Fat, Saturated Fat, Cholesterol, Sodium, Total Carbohydrate, Dietary Fiber, Total Sugars, Protein, Vitamin C, Calcium, Iron, Potassium, Old Bay Tilapia with Broccoli11Ratings, Breaded Garlic-Herb Tilapia2Ratings, Tilapia Foil Packets9Ratings, Broiled Lemon-Pepper Tilapia3Ratings, Baked Tilapia with Veggies in Foil2Ratings, Instant Pot Frozen Salmon39Ratings, Butter-Baked Tilapia and Coconut Rice, Garlic Alfredo Tilapia459Ratings, Pan-Fried Wild Salmon71Ratings, Easy Fried Salmon13Ratings, Tilapia in Stewed Tomatoes9Ratings, Potato-Crusted Tilapia2Ratings, Quick Salmon Piccata65Ratings, Easy Pan-Fried Tilapia1Rating, Oven-Roasted Pistachio-Crusted Salmon8Ratings, Healthy, This recipe for Parmesan-crusted tilapia is quick and easy with plenty of flavor! Even my husband (who doesn't like fish that much) went back for seconds. Works well in low-carb diets.",4.6,812
https://www.allrecipes.com/recipe/38028/blackened-fish/,Blackened Fish,"Blackened fish seasoned with paprika, cayenne pepper, dry mustard, cumin, and thyme cooked in a hot cast iron pan until charred and flavorful.",https://www.allrecipes.com/thmb/m3mxh2txfKdid-xgwWDBpGrOvsU=/1500x0/filters:no_upscale():max_bytes(150000):strip_icc()/38028-blackened-fish-DDMFS-4x3-b8d3bc2ff4d1478388cf7605d6ed9c28.jpg,15,5,6 servings,,"1 tablespoon paprika; 2 teaspoons dry mustard; 1 teaspoon cayenne pepper; 1 teaspoon ground cumin; 1 teaspoon black pepper; 1 teaspoon white pepper; 1 teaspoon dried thyme; 1 teaspoon salt; 1 cup unsalted butter, melted, divided; 6 (4 ounce) fillets trout","Gather all ingredients.
Mix together paprika, dry mustard, cayenne pepper, cumin, black pepper, white pepper, thyme, and salt in a small bowl.
Heat a heavy cast iron pan on high heat until extremely hot, about 10 minutes. While the pan is heating, pour 3/4 cup melted butter into a shallow dish.
Dip each fillet into butter, turning once to coat both sides.
Sprinkle both sides of fillets with spice mixture; gently pat mixture onto fish.
Working in batches, place fillets into the hot pan without crowding. Carefully pour about 1 teaspoon melted butter over each fillet. Cook until fish has a charred bottom, about 2 minutes. Turn fillets and spoon about 1 teaspoon melted butter over each.
Continue cooking until bottoms are charred, 1 to 2 minutes. Repeat with remaining fish. Serve and enjoy!",498 kcal,31 g,2 g,41 g,1 g,Cajun,Dinner,"Rate, Share, Keep Screen Awake, Show Full Nutrition Label, Hide Full Nutrition Label, Servings Per Recipe, Calories, Total Fat, Saturated Fat, Cholesterol, Sodium, Total Carbohydrate, Dietary Fiber, Total Sugars, Protein, Vitamin C, Calcium, Iron, Potassium, Blackened Salmon Fillets1,226Ratings, Cajun-Style Blackened Snapper260Ratings, Blackened Tuna266Ratings, Pan-Fried Blackened Red Snapper23Ratings, Cajun Red Snapper140Ratings, Cajun Blackened Catfish76Ratings, Cajun Air Fryer Salmon55Ratings, Super Grouper129Ratings, Baked Salmon Fillets Dijon1,587Ratings, Easy Blackened Swordfish5Ratings, Barlow's Blackened Catfish512Ratings, Cardamom Maple Salmon66Ratings, Healthy Dijon Salmon for One2Ratings, Rainbow Trout with Yogurt Sauce79Ratings, Garlic Alfredo Tilapia459Ratings, Healthy, Healthy Dijon Salmon for One",4.6,288
https://www.allrecipes.com/recipe/216757/savory-sea-scallops-and-angel-hair-pasta/,Savory Sea Scallops and Angel Hair Pasta,This scallop pasta dish is a very simple to prepare meal featuring an easy but elegant lemon-butter sauce flavored with fresh parsley and basil.,https://www.allrecipes.com/thmb/PuFG7qLC-Q2LQzuQ1uy_M3v07Vo=/1500x0/filters:no_upscale():max_bytes(150000):strip_icc()/216757-savory-sea-scallops-and-angel-hair-pasta-DDMFS-4x3-6377dd8d670d4ea8b63cc6127a696e7b.jpg,15,10,6 servings,,"1 (16 ounce) package angel hair pasta; 0.25 cup butter; 2 cloves garlic, minced; 2 pounds sea scallops, rinsed and patted dry; 3 tablespoons chopped fresh basil; 2 tablespoons chopped fresh flat-leaf parsley; 2 tablespoons fresh lemon juice; salt and freshly ground black pepper to taste; 0.5 cup heavy cream; 1 tablespoon grated Parmesan cheese to taste","Bring a large pot of lightly salted water to a boil. Add angel hair pasta and cook, uncovered, for 4 to 5 minutes or until al dente; drain.
While pasta is cooking, melt butter in a large skillet over medium heat. Stir in garlic and cook just until fragrant and softened, about 1 minute.
Slice any scallops over 3/4-inch thick in half so they'll cook evenly.
Stir scallops, basil, and parsley into the skillet. Cook and gently stir just until scallops feel slightly firm when pressed with a finger, about 2 to 3 minutes. Scallops will become tough and chewy if overcooked.
Reduce heat to low; stir in lemon juice and season with salt and pepper. Pour in cream if you like a thicker sauce and cook just until the sauce begins to simmer.
Ladle scallops and sauce over hot pasta and sprinkle Parmesan cheese over top.",515 kcal,33 g,46 g,22 g,3 g,American,Dinner,"Rate, Share, Keep Screen Awake, Show Full Nutrition Label, Hide Full Nutrition Label, Servings Per Recipe, Calories, Total Fat, Saturated Fat, Cholesterol, Sodium, Total Carbohydrate, Dietary Fiber, Total Sugars, Protein, Vitamin C, Calcium, Iron, Potassium, Sautéed Scallops162Ratings, Tarragon Lover's Scallops81Ratings, Easy Garlic-Lemon Scallops676Ratings, Simply Seared Scallops22Ratings, Quick Pan-Seared Scallops21Ratings, Breaded and Fried Scallops15Ratings, Broiled Scallops748Ratings, Scallops with Pesto Cream Sauce79Ratings, Easy Fried Scallops15Ratings, Air Fryer Breaded Sea Scallops17Ratings, King Prawn and Scallop in Ginger Butter26Ratings, Easy Seared Scallops1Rating, Sautéed Mushrooms and Scallops14Ratings, Scallop Gratin80Ratings, Grilled Bay Scallops3Ratings, Healthy, That was a WINNER! The men were pleased and I was thrilled. everyone had seconds. I read the tweaks that others tried and implemented triple the sauce, added shrimp, cream cheese, half n half, and red pepper flakes. My fresh basil and half butter substituted with olive oil. I used dried parsley because I didn't have fresh and added a splash of lemon juice. I didn't cook with much salt or pepper so everyone could customize their dishes to taste. Everyone got healthy amounts of seafood in each bowl and came back for seconds. We paired it with a side of steamed broccoli and red wine (I know that's not the wine for seafood but it's what we had). Thanks for the new recipe. It took about 45 minutes since I did small batches of seafood. Great for a work night, too.",4.7,129
https://www.allrecipes.com/recipe/127500/japanese-style-deep-fried-shrimp/,Japanese-Style Deep-Fried Shrimp,"This deep-fried shrimp recipe seasons shrimp with garlic and paprika, then coats them with panko crumbs to make the crispiest deep-fried shrimp ever!",https://www.allrecipes.com/thmb/dpULdR_lOEdHS1jBXx0Uiiu3v3o=/1500x0/filters:no_upscale():max_bytes(150000):strip_icc()/AR-127500-japanese-style-deep-fried-shrimp-DDMFS-beauty-4x3-0f8531ccf2324e2389c989e3b260c693.jpg,10,15,4 servings,,"1 pound medium shrimp, peeled (tails left on) and deveined; 0.5 teaspoon salt; 0.5 teaspoon ground black pepper; 0.5 teaspoon garlic powder; 1 cup all-purpose flour; 1 teaspoon paprika; 2 large eggs, beaten; 1 cup panko crumbs; 1 quart vegetable oil for frying","Gather all ingredients.
Place shrimp in a bowl and season with salt, pepper, and garlic powder.
Mix flour and paprika together in a shallow bowl. Place eggs in a second bowl and panko in a third bowl.
Heat oil in a deep fryer or deep skillet to 375 degrees F (190 degrees C). Dip each shrimp into flour mixture, then into egg, and finally into panko crumbs to coat.
Fry a few shrimp at a time in the hot oil until golden brown, about 5 minutes.
Remove with a slotted spoon and drain on paper towels before serving.
Serve and enjoy!",630 kcal,28 g,54 g,37 g,2 g,"Japanese Inspired,Japanese",Appetizer,"Rate, Share, Keep Screen Awake, Show Full Nutrition Label, Hide Full Nutrition Label, Servings Per Recipe, Calories, Total Fat, Saturated Fat, Cholesterol, Sodium, Total Carbohydrate, Dietary Fiber, Total Sugars, Protein, Vitamin C, Calcium, Iron, Potassium, Japanese Shrimp Sauce II57Ratings, Baked Lemon-Pepper Shrimp3Ratings, Shrimp with Broccoli in Garlic Sauce104Ratings, Shrimp Egg Foo Young132Ratings, Thai Style Shrimp82Ratings, Shrimp Fra Diablo25Ratings, Creamy Shrimp Scampi with Half-and-Half126Ratings, Spicy Sushi Roll5Ratings, Feta Shrimp Pasta60Ratings, Kahala's Shrimp and Broccoli Toss17Ratings, Quick and Easy Shrimp Fajitas174Ratings, Shrimp Stir Fry57Ratings, Cilantro Lime Baked Shrimp14Ratings, Spicy Garlic Shrimp474Ratings, Healthy",4.8,352
https://www.allrecipes.com/recipe/220751/quick-chicken-piccata/,Quick Chicken Piccata,"This easy chicken piccata recipe from Chef John pan-fries chicken in a delicious Italian piccata sauce made with lemon, capers, white wine, and parsley.",https://www.allrecipes.com/thmb/dhOTNXUrXiXTPOhjA9OT-JkpUaM=/1500x0/filters:no_upscale():max_bytes(150000):strip_icc()/220751quick-chicken-piccataFranceCvideo2x3-8724612f4d2c43d99b9d252548fd308e.jpg,10,15,4 servings,,"4 skinless, boneless chicken breast halves; cayenne pepper to taste; salt and ground black pepper to taste; all-purpose flour for dredging; 2 tablespoons olive oil; 1 tablespoon capers, drained; 0.5 cup white wine; 0.25 cup fresh lemon juice; 0.25 cup water; 3 tablespoons cold unsalted butter, cut in 1/4-inch slices; 2 tablespoons chopped fresh Italian parsley","Place chicken breasts between 2 sheets of heavy plastic on a solid, level surface. Firmly pound chicken breasts with the smooth side of a meat mallet to a 1/2-inch thickness.
Season both sides of chicken breasts with cayenne, salt, and black pepper; dredge lightly in flour and shake off any excess.
Heat olive oil in a skillet over medium-high heat. Place chicken in the pan, reduce heat to medium, and cook until browned and cooked through, about 5 minutes per side; transfer to a plate.
Cook capers in reserved oil, smashing them lightly to release brine, until warmed through, about 30 seconds. Pour white wine into the skillet and bring to a boil while scraping the browned bits of food off the bottom of the pan with a wooden spoon. Cook until reduced by half, about 2 minutes.
Stir lemon juice, water, and butter into the reduced wine mixture; cook and stir continuously to form a thick sauce, about 2 minutes. Reduce heat to low and stir parsley through the sauce.
Return chicken breasts to the pan and cook until heated through, 1 to 2 minutes. Serve with sauce spooned over the top.",321 kcal,25 g,8 g,18 g,0 g,Italian,Dinner,"Rate, Share, Keep Screen Awake, Show Full Nutrition Label, Hide Full Nutrition Label, Servings Per Recipe, Calories, Total Fat, Saturated Fat, Cholesterol, Sodium, Total Carbohydrate, Dietary Fiber, Total Sugars, Protein, Vitamin C, Calcium, Iron, Potassium, Chicken Piccata with Capers114Ratings, Pan-Roasted Chicken Breasts273Ratings, Brad's Slow Cooker Chicken Parmesan43Ratings, Chicken Milanese86Ratings, My Best Chicken Piccata175Ratings, Easy Chicken Saltimbocca101Ratings, Parmesan Crusted Chicken361Ratings, Easy Chicken Piccata56Ratings, Lucky's Quickie Chickie295Ratings, Chicken Piccata III112Ratings, Tender Italian Baked Chicken1,490Ratings, A 20-Minute Chicken Parmesan40Ratings, Instant Pot® Chicken Marsala6Ratings, Creamy Chicken Marsala93Ratings, Lemon Chicken Piccata1,680Ratings, Healthy",4.7,1782
https://www.allrecipes.com/recipe/20107/beer-batter-fish-made-great/,Beer Batter Fish Made Great,"These beer-battered fish fillets are seasoned with paprika and garlic, then deep-fried until crisp and golden brown for a crowd-pleasing dinner!",https://www.allrecipes.com/thmb/g0Ym8fi1Nc0Ofx4YjY_sb_oEL0I=/1500x0/filters:no_upscale():max_bytes(150000):strip_icc()/AR-20107-Beer-Batter-Fish-Made-Great-ddmfs-4x3-hero-ea96d87b5a134f83a28f4534c6e0d805.jpg,15,15,8 servings,,"2 quarts vegetable oil for frying; 8 (4 ounce) fillets cod; salt and pepper to taste; 1 cup all-purpose flour; 2 tablespoons garlic powder; 2 tablespoons paprika; 2 teaspoons salt; 2 teaspoons ground black pepper; 1 egg, beaten; 1 (12 fluid ounce) can or bottle beer, or as needed","Gather all ingredients.
Heat oil in a deep fryer to 365 degrees F (185 degrees C). Rinse cod fillets, pat dry, and season with salt and pepper.
Mix flour, garlic powder, paprika, salt, and pepper in a large bowl; add egg and stir well to combine. Gradually mix in enough beer to make a thin batter.
Dip cod fillets into the batter to coat. Carefully lower fillets, one at a time, into the hot oil.
Fry several fillets at a time, turning once, until cooked through and golden brown, about 2 minutes per side.
Drain on paper towels. Repeat to cook remaining fillets. Serve warm.",448 kcal,19 g,23 g,30 g,2 g,American,Dinner,"Rate, Share, Keep Screen Awake, Show Full Nutrition Label, Hide Full Nutrition Label, Servings Per Recipe, Calories, Total Fat, Saturated Fat, Cholesterol, Sodium, Total Carbohydrate, Dietary Fiber, Total Sugars, Protein, Vitamin C, Calcium, Iron, Potassium, Blackened Salmon Fillets1,226Ratings, Cajun-Style Blackened Snapper260Ratings, Pan-Fried Blackened Red Snapper23Ratings, Blackened Fish288Ratings, Poor Man's Beer Batter Fish51Ratings, Broiled Spanish Mackerel28Ratings, Sea Bass à la Michele137Ratings, Easy Brazilian Spiced Salmon6Ratings, Broiled Sesame Cod37Ratings, Beer Batter for Fish198Ratings, Easy Grilled Mahi Mahi12Ratings, Super Grouper129Ratings, Tilapia Fillets with Mango Salsa1Rating, Garlic Alfredo Tilapia459Ratings, Mediterranean-Twist Salmon21Ratings, Crispy Fried Fish152Ratings, Healthy",4.5,764
https://www.allrecipes.com/recipe/280935/air-fryer-tilapia-with-fresh-lemon-pepper/,Air Fryer Tilapia with Fresh Lemon Pepper,"Cook tilapia in an air fryer with this quick and easy recipe that uses homemade lemon pepper to boost the flavor of this mild, white, and flaky fish.",https://www.allrecipes.com/thmb/SFhjKkfBlz3cTrbTXJtwczwaw9Y=/1500x0/filters:no_upscale():max_bytes(150000):strip_icc()/8314235-a6dd6d3aaa994061b3da8f1f0894df42.jpg,10,10,4 servings,,"4 (6 ounce) tilapia fillets; 2 tablespoons lemon zest; 2 tablespoons olive oil; 2 cloves garlic, minced; 1.5 teaspoons coarsely ground black peppercorns; 0.5 teaspoon salt; 1 pinch paprika, or to taste; cooking spray; 1 sprig parsley, chopped, or more to taste; 4 wedges lemon","Preheat the air fryer to 400 degrees F (200 degrees C) for 3 minutes.
Meanwhile, rinse tilapia fillets and pat dry with a paper towel.
Mix together lemon zest, olive oil, garlic, pepper, and salt in a small bowl until well combined. Rub over tops of fillets, then sprinkle lightly with paprika. Lightly coat the air fryer basket with cooking spray. Arrange fillets evenly in the basket, spice-side up. Do not crowd; if needed, cook in batches.
Cook in the preheated air fryer until fish flakes easily with a fork, 7 to 10 minutes. Remove fillets to a plate and garnish with parsley. Serve with lemon wedges.",239 kcal,35 g,3 g,9 g,2 g,American,Dinner,"Rate, Share, Keep Screen Awake, Show Full Nutrition Label, Hide Full Nutrition Label, Servings Per Recipe, Calories, Total Fat, Saturated Fat, Cholesterol, Sodium, Total Carbohydrate, Dietary Fiber, Total Sugars, Protein, Vitamin C, Calcium, Iron, Potassium, Cajun Air Fryer Salmon55Ratings, Lemon-Garlic Air Fryer Salmon23Ratings, Garlic Alfredo Tilapia459Ratings, Air Fryer Salmon Patties9Ratings, Healthy Dijon Salmon for One2Ratings, Blackened Salmon Fillets1,226Ratings, Almond-Crusted Tilapia513Ratings, Blackened Fish288Ratings, Almond and Parmesan Crusted Tilapia38Ratings, Cajun-Style Blackened Snapper260Ratings, Super Grouper129Ratings, Pan-Fried Blackened Red Snapper23Ratings, Healthy, Healthy Dijon Salmon for One, Keto Pecan-Crusted Pork Chops in the Air Fryer",4.6,14
https://www.allrecipes.com/recipe/36487/blackened-salmon-fillets/,Blackened Salmon Fillets,"Fire up succulent blackened salmon with an exciting blend of Cajun-style spices, cooked in butter for a flavorful and easy spin on this favorite fish.",https://www.allrecipes.com/thmb/fv2vbcRqpk3uPJRVt1Zi3zDrgPg=/1500x0/filters:no_upscale():max_bytes(150000):strip_icc()/AR-36487-blackened-salmon-fillets-DDMFS-4x3-ee7b484ea0434de989b4bc9a38326a27.jpg,15,10,4 servings,,"2 tablespoons ground paprika; 1 tablespoon ground cayenne pepper; 1 tablespoon onion powder; 2 teaspoons salt; 0.5 teaspoon ground white pepper; 0.5 teaspoon ground black pepper; 0.25 teaspoon dried thyme; 0.25 teaspoon dried basil; 0.25 teaspoon dried oregano; 4 salmon fillets, skin and bones removed; 0.5 cup unsalted butter, melted","Gather all ingredients.
Mix paprika, cayenne pepper, onion powder, salt, white and black pepper, thyme, basil, and oregano together in a small bowl.
Brush salmon fillets on both sides with 1/4 cup butter, and sprinkle evenly with the spice mixture.
Heat 2 tablespoons melted butter in a large, heavy skillet over high heat. Add salmon and cook until blackened, 2 to 5 minutes.
Lift fillets, add remaining melted butter to the skillet, and flip fillets into the butter. Cook until the other side is blackened and fish flakes easily with a fork, 3 to 5 minutes.",511 kcal,37 g,5 g,38 g,2 g,Cajun,Dinner,"Rate, Share, Keep Screen Awake, Show Full Nutrition Label, Hide Full Nutrition Label, Servings Per Recipe, Calories, Total Fat, Saturated Fat, Cholesterol, Sodium, Total Carbohydrate, Dietary Fiber, Total Sugars, Protein, Vitamin C, Calcium, Iron, Potassium, Cajun Air Fryer Salmon55Ratings, Cardamom Maple Salmon66Ratings, Pan-Fried Salmon with Cream-Dill Sauce8Ratings, Baked Salmon Fillets Dijon1,587Ratings, Pan-Poached Alaskan Salmon Piccata148Ratings, Meyer Lemon Cream Sauce for Salmon10Ratings, Pan-Fried Salmon in Curry Cream Sauce20Ratings, Lemon Garlic Salmon127Ratings, Pan-Seared Salmon260Ratings, Mediterranean-Twist Salmon21Ratings, Pan Seared Salmon II39Ratings, Lemon-Garlic Air Fryer Salmon23Ratings, Mediterranean Salmon274Ratings, Cajun-Style Blackened Snapper260Ratings, Steamed Salmon with Olives and Capers2Ratings, Healthy",4.7,1226
https://www.allrecipes.com/recipe/276006/air-fryer-lobster-tails-with-lemon-garlic-butter/,Air Fryer Lobster Tails with Lemon-Garlic Butter,"Air fry lobster tails until succulent and delicious; top with a lemon garlic butter sauce for an easy, fancy meal for two at home in just 10 minutes.",https://www.allrecipes.com/thmb/PFQ_8RIFLMlevtDSunAswSWTlJQ=/1500x0/filters:no_upscale():max_bytes(150000):strip_icc()/AR-276006-air-fryer-lobster-tails-with-lemon-garlic-butter-DDMFS-beauty-4x3-1504ef6981164a83bca8fc5028ec88a9.jpg,10,10,2 servings,,"2 (4 ounce) lobster tails; 4 tablespoons butter; 1 teaspoon lemon zest; 1 clove garlic, grated; salt and ground black pepper to taste; 1 teaspoon chopped fresh parsley; 2 wedges lemon","Gather all ingredients. Preheat an air fryer to 380 degrees F (195 degrees C).
Butterfly lobster tails by cutting lengthwise through the centers of the hard top shells and meat with kitchen shears. Cut to, but not through, the bottoms of the shells.
Spread tail halves apart. Place tails in the air fryer basket with lobster meat facing up.
Melt butter in a small saucepan over medium heat. Add lemon zest and garlic; heat until garlic is fragrant, about 30 seconds.
Transfer 2 tablespoons of butter mixture to a small bowl; brush this onto lobster tails. Discard any remaining brushed butter to avoid contamination from uncooked lobster. Season lobster with salt and pepper.
Cook in the preheated air fryer until lobster meat is opaque, 5 to 7 minutes.
Spoon reserved butter from the saucepan over lobster meat. Top with parsley and serve with lemon wedges.",565 kcal,35 g,61 g,27 g,13 g,"New England,American",Dinner,"Rate, Share, Keep Screen Awake, Show Full Nutrition Label, Hide Full Nutrition Label, Servings Per Recipe, Calories, Total Fat, Saturated Fat, Cholesterol, Sodium, Total Carbohydrate, Dietary Fiber, Total Sugars, Protein, Vitamin C, Calcium, Iron, Potassium, Lemon-Garlic Air Fryer Salmon23Ratings, Lemon Garlic Salmon127Ratings, Baked Fish Fillets28Ratings, Meyer Lemon Cream Sauce for Salmon10Ratings, Orange Lobster Tail35Ratings, Easy Garlic-Lemon Scallops676Ratings, Broiled Salmon with Lemon and Dill12Ratings, Easy Lemon Pepper Blackened Salmon78Ratings, Steamed Salmon with Olives and Capers2Ratings, Healthy Dijon Salmon for One2Ratings, Simply Swordfish92Ratings, Sautéed Scallops162Ratings, Spicy Lime and Dill Grilled Fish15Ratings, Healthy, Healthy Dijon Salmon for One",4.8,54
