Recipe URL,Recipe Title,Description/Summary,Cover Image URL,Prep Time (minutes),Cook Time (minutes),Servings/Serves,Difficulty Level,Ingredients List,Step-by-Step Instructions,Calories,Protein,Carbs,Fat,Fiber,Cuisine Type,Meal Type,Tags,Rating (Average),Rating (Count)
https://www.bbcgoodfood.com/recipes/chocolate-filled-pancakes-caramelised-banana,Chocolate-filled pancakes with caramelised banana,"These fluffy, American-style pancakes have a hidden chocolatey centre and soak up the maple syrup like sponges","https://images.immediate.co.uk/production/volatile/sites/30/2020/08/chocolate-filled-pancakes-with-caramelised-bananas-14789a7.jpg?resize=440,400",25,30,4 servings,,"200g self-raising flour; 1½ tsp baking powder; 3 tbsp golden caster sugar; 3 large eggs; 25g melted butter plus extra for cooking; 200ml milk; drizzle of vegetable or sunflower oil; 200g chocolate hazelnut spread; 2 large bananas peeled and thickly sliced on an angle; maple syrup and 4 tbsp toasted, chopped hazelnuts, to serve","To make the pancake batter, mix the flour, baking powder, 1 tbsp sugar and a pinch of salt in a large bowl with a whisk. Make a well in the centre, crack in the eggs and add the melted butter and milk. Whisk the wet ingredients in the centre until combined, then gradually incorporate the dry ingredients until you have a thick, smooth batter. Transfer to a jug. Heat the oven to its lowest setting and put a couple of baking trays in to keep the pancakes warm as you cook them.
Heat a knob of butter and a drizzle of oil in a large, non-stick frying pan over a medium heat. When the butter is foaming, pour rounds of batter into the pan, about 8cm wide – leave space between them as they will expand as they cook. Scoop teaspoons of chocolate spread from the jar and pop one in the centre of each pancake, then use a tiny bit more batter to just cover the chocolate spread. Continue cooking for 1-2 mins until the underside is golden brown, then carefully flip the pancakes and cook for 1 min more on the other side. When golden, transfer to a baking tray and keep warm in the oven while you cook the next batch.
When the pancakes are all cooked, caramelise the bananas. Wipe the frying pan clean with kitchen paper and scatter in the remaining 2 tbsp sugar. Heat the sugar until it melts and starts to bubble to a deep amber colour, then toss in the bananas and coat them in the caramel. If the sugar hardens, drizzle in a little maple syrup or water, then bubble for 30 secs until syrupy.
Serve the pancakes stacked with the caramelised banana pieces between the layers and more piled on top. Drizzle over the maple syrup, then scatter over the hazelnuts.",797 calories,18 grams protein,94 grams carbohydrates,37 grams fat,6 grams fiber,American,"Breakfast, Brunch","American pancakes, Calcium, Cassie Best, chocolate pancakes, Fibre, Indulgent, Pancake day recipes, Pancake recipe, stuffed pancakes, Winter, Vegetarian Diet",,
https://www.bbcgoodfood.com/recipes/american-blueberry-pancakes,American blueberry pancakes,"Light, fluffy and fruity, these pancakes are an American classic. Serve them stacked high with syrup and extra fruit","https://images.immediate.co.uk/production/volatile/sites/30/2020/08/recipe-image-legacy-id-1273456_8-a5710e5.jpg?resize=440,400",15,20,10 pancakes,,200g self-raising flour; 1 tsp baking powder; 1 egg; 300ml milk; knob butter; 150g pack blueberry; sunflower oil or a little butter for cooking; golden or maple syrup,"Mix together 200g self-raising flour, 1 tsp baking powder and a pinch of salt in a large bowl.
Beat 1 egg with 300ml milk, make a well in the centre of the dry ingredients and whisk in the milk to make a thick smooth batter.
Beat in a knob of melted butter, and gently stir in half of the 150g pack of blueberries.
Heat a teaspoon of sunflower oil or small knob of butter in a large non-stick frying pan.
Drop a large tablespoonful of the batter per pancake into the pan to make pancakes about 7.5cm across. Make three or four pancakes at a time.
Cook for about 3 minutes over a medium heat until small bubbles appear on the surface of each pancake, then turn and cook another 2-3 minutes until golden.
Cover with kitchen paper to keep warm while you use up the rest of the batter.
Serve with golden or maple syrup and the rest of the blueberries.",109 calories,4 grams protein,18 grams carbohydrates,2 grams fat,1 grams fiber,American,"Breakfast, Brunch, Snack, Supper, Treat","American, Batter, Blueberries, Blueberry, Breakfast, Brunch, Butter, Crepe, Crêpes, Good Food, How to make pancakes, Low fat, Make ahead, Maple syrup, Occasion, Pancake day, Shrove Tuesday, Thick pancakes, Vegetarian Diet",,
https://www.bbcgoodfood.com/recipes/red-velvet-pancakes,Red velvet pancakes,"New York diner-style chocolate pancakes meet red velvet cake in this ingenious brunch dish, stacked up with a sweet maple cream cheese frosting, chocolate chips and fresh blueberries.","https://images.immediate.co.uk/production/volatile/sites/30/2020/08/red-velvet-pancakes-cropped-recipe-page_0-efbd2ae.jpg?resize=440,400",10,20,4 servings,,200g self raising flour; 2 tbsp cocoa powder; 1 tsp baking powder; 1 tbsp golden caster sugar; ½ tsp vanilla extract; 230ml milk; 3 eggs; 25g butter melted plus extra for frying; red gel food colouring; 100g cream cheese; 4 tbsp maple syrup; 100g chocolate chips; icing sugar for dusting; handful blueberries (optional),"Mix all of the pancake ingredients (except the food colouring) together in a large bowl, whisk thoroughly until smooth. Now add a small amount of red food colouring and mix again. Add more colouring until the batter is a rich reddish brown.
Put a small knob of butter in a large non-stick frying pan over a medium-low heat and cook until melted and foaming. Pour 2 tbsp of the mixture into the pan and use the back of the spoon to shape it into a 8-9cm round disc. Depending on the size of your pan you may be able to get 2 or 3 pancakes to cook at the same time. Cook for 2-3 mins on the first side, then flip over and cook for another 1 min on the other.
Heat oven to its lowest setting and stack up the cooked pancakes on a baking tray to keep warm in the oven while you cook the rest. In a small bowl mix together the cream cheese and maple syrup then set aside until needed. To serve, stack the pancakes with the cream cheese mixture and chocolate chips in between them then finish with a final dollop of the cream cheese, a dusting of icing sugar and a few fresh blueberries if you like.",585 calories,15 grams protein,67 grams carbohydrates,28 grams fat,4 grams fiber,,"Breakfast, Brunch","best pancakes, easy pancakes, Miriam Nice, Pancake day, Shrove Tuesday, Spring, Vegetarian Diet",,
https://www.bbcgoodfood.com/recipes/rhubarb-custard-fluffy-pancakes,Rhubarb & custard fluffy pancakes,Try the classic combo of tart rhubarb and creamy custard in these dessert pancakes. Using forced rhubarb brings a pop of bright pink,"https://images.immediate.co.uk/production/volatile/sites/30/2024/01/Rhubarb-custard-fluffy-pancakes-614afb4.jpg?resize=1366,1503",15,30,8 pancakes,,175g self-raising flour; 1 tsp baking powder; 1 tbsp golden caster sugar; 2 tbsp custard powder; 200ml milk; 3 eggs; 2 tbsp butter; 8 tbsp thick custard warmed; 4 forced rhubarb stalks trimmed and cut into 4cm pieces (about 400g prepared weight); 1 medium orange juiced; 1 vanilla pod halved; 4 tbsp caster sugar,"Heat the oven to 200C/180C fan/gas 6. Put all the ingredients for the rhubarb in a roasting tin, toss to coat, ensure the rhubarb is in a single layer, cover and roast for 12-14 mins until the rhubarb is soft but still holding its shape. Spoon into a bowl, then pour the roasting juices into a pan and simmer over a medium-high heat for 3-4 mins until syrupy.
Whisk the flour, baking powder, sugar and custard powder together in a bowl. Add the milk and eggs, and whisk to a smooth batter. This is easier using a stick blender.
Melt a small knob of the butter in a non-stick frying pan over a medium heat, carefully wiping it around the base using kitchen paper. Spoon in some batter to make 8cm circles, and cook for 1-2 mins until bubbles start to appear on the surface. Flip and cook for another 1-2 mins until golden and cooked through. Repeat with the remaining pancake batter and butter.
Stack the pancakes up with the custard and poached rhubarb between each layer. Spoon over the rhubarb syrup to serve.",218 calories,7 grams protein,33 grams carbohydrates,6 grams fat,2 grams fiber,,Dessert,"Custard, Pancake day, Pancakes, Rhubarb, rhubarb and custard, Shrove Tuesday, Vegetarian Diet",,
https://www.bbcgoodfood.com/recipes/pumpkin-pancakes-salted-pecan-butterscotch,Pumpkin pancakes with salted pecan butterscotch,"Pumpkin purée makes a delicious addition to a stack of fat, fluffy pancakes - the perfect brunch to get the weekend off to a sweet start","https://images.immediate.co.uk/production/volatile/sites/30/2020/08/pumpkin-pancakes-with-salted-pecan-butterscotch-401c9cb.jpg?resize=440,400",20,25,4 servings,,"250g pumpkin or squash, peeled, deseeded and chopped into large chunks; 2 eggs; 3 tbsp light brown soft sugar; 25g butter melted, plus a little for cooking; 125ml buttermilk (or use the same quantity of milk, with a squeeze of lemon juice); 200g plain flour; 2½ tsp baking powder; 1 tsp ground cinnamon; drizzle of flavourless oil such as sunflower or groundnut, for frying; ice cream to serve, or yogurt or crème fraîche; 50g pecans roughly chopped; 50g butter; 50g light brown soft sugar; 1 tsp sea salt flakes; 100ml double cream","Put the pumpkin or squash in a large heatproof bowl, add 1 tbsp water, cover with cling film and microwave on High for 5-8 mins or until really soft – different types will take a varying amount of time. Drain the pumpkin well and cool completely. If you want to eat the pancakes for breakfast, this step is best done the night before.
Once cool, put the pumpkin in a food processer with the remaining pancake ingredients and add a good pinch of salt. Blend until everything is well combined to a smooth, thick batter (alternatively, mash the pumpkin well, then whisk in the remaining ingredients). Transfer to a jug or piping bag and set aside while you make the butterscotch sauce.
Toast the pecans in a saucepan for 1-2 mins until a shade darker. Tip out and set aside. Add the butter, sugar, salt and cream to the pan. Bring to a simmer, then bubble gently for a few mins until you have a shiny sauce. Stir in the pecans and set aside to cool a little.
Heat a knob of butter and a drizzle of oil in a large frying pan. Heat oven to 140C/120C fan/gas 1, to keep the pancakes warm while you cook them in batches – have a baking tray to hand. When the butter is foaming, swirl it around the pan, then pour tennis-ball-sized amounts of batter into the pan – they will spread a little as they cook, so leave some space between each pancake and don’t overcrowd the pan. Cook over a low-medium heat. Don’t touch the pancakes until you see a few bubbles appear on the surface – have a look underneath and, if the pancakes are golden, flip them over and cook for another 2 mins on the other side. Transfer the cooked pancakes to the baking tray and keep warm in the oven while you continue cooking.
Once cooked, pile the pancakes onto plates, top with ice cream, yogurt or crème fraîche, and pour over the salted pecan butterscotch sauce.",717 calories,12 grams protein,68 grams carbohydrates,43 grams fat,4 grams fiber,American,"Breakfast, Brunch, Treat","Autumn, Cassie Best, Indulgent, Salted caramel, salted toffee sauce, ultimate pancakes",,
https://www.delish.com/cooking/recipe-ideas/a35645824/best-general-tsos-chickpeas-recipe/,General Tso's Chickpeas,"You know the OG dish featuring chicken, but how about a veggie-forward one that features chickpeas? We've got you covered with this super savory stir-fry.","https://hips.hearstapps.com/hmg-prod/images/general-tsos-chickpeas-socialindex-web-013-lp-del109925-695c18b95dbd7.jpg?crop=0.502xw:1.00xh;0.251xw,0&resize=1200:*",20,,2 servings,,"1 (15-oz.) can chickpeas, drained; 1 tbsp. reduced-sodium soy sauce; 1 tbsp. rice wine vinegar; 1 tbsp. Sriracha; 2 tbsp. cornstarch; 2 garlic cloves, finely grated; 1/3 c. low-sodium vegetable broth; 3 tbsp. rice wine vinegar; 2 tbsp. packed light brown sugar; 1 tbsp. finely grated peeled ginger; 1 tbsp. hoisin sauce; 1 tbsp. toasted sesame oil; 1/4 c. peanut or neutral oil; 1 long red chile, ribs and seeds removed, thinly sliced lengthwise (optional); 2 garlic cloves, thinly sliced; 1 tsp. crushed red pepper flakes; Toasted sesame seeds, thinly sliced scallions, and cooked white rice, for serving","Chickpeas
In a medium bowl, toss chickpeas, soy sauce, vinegar, and sriracha. Let sit 10 minutes, then drain and reserve liquid. Add cornstarch to chickpeas and toss to coat.
Sauce
Meanwhile, in a small bowl, whisk garlic, broth, vinegar, brown sugar, ginger, hoisin sauce, soy sauce, and sesame oil; set aside until ready to use.
Stir-Fry
In a large skillet over medium heat, heat peanut oil. Fry chickpeas, stirring occasionally, until golden and crispy, 8 to 10 minutes. Transfer chickpeas to a plate; reserve oil in skillet.
Return skillet to medium heat. Cook red chile (if using), garlic, and red pepper flakes, stirring occasionally, until chile is lightly toasted, about 1 minute.
Slowly add sauce to skillet and stir until slightly thickened, 1 to 2 minutes. Return chickpeas to skillet and stir until coated in sauce. Remove from heat.
Divide rice among bowls. Spoon chickpea mixture over. Top with sesame seeds and scallions.",858 Calories,20 g,85 g,43 g,15 g,American,"vegan,vegetarian,weeknight meals,dinner,lunch","content-type: Recipe, locale: US, displayType: recipe, shortTitle: General Tso's Chickpeas, contentId: aafbf058-1de1-4f89-a6b4-e1da570abaf0, subsection: Recipes, collection: Winter Recipes, collection: Latest Recipes, collection: Vegetarian, collection: Delish Member Exclusives, collection: Vegan, collection: Dinners, American, dinner, lunch, vegan, vegetarian, weeknight meals, NUTRITION: vegan, NUTRITION: vegetarian, OCCASION: weeknight meals, CATEGORY: dinner, CATEGORY: lunch, TOTALTIME: 00:50:00, FILTERTIME: <1HR",3.86,7
https://www.delish.com/cooking/recipe-ideas/a69262792/italian-grinder-chicken-salad-wrap-recipe/,Italian Grinder Chicken Salad Wrap,This protein-packed chicken salad takes all the classic Italian grinder ingredients and wraps them all up into a hearty lunch that’s easy to eat on the go.,"https://hips.hearstapps.com/hmg-prod/images/italian-grinder-chicken-salad-wrap-socialindex-web-1093-jg-del099925-68e9acd115c02.jpg?crop=0.502xw:1.00xh;0.262xw,0&resize=1200:*",10,,4 servings,,"2 rotisserie chicken breasts, shredded (about 3 cups); 1/2 c. coarsely chopped iceberg lettuce; 1/2 c. finely chopped Black Forest ham (from about 2.5 oz.); 1/2 c. finely chopped provolone (from about 2.5 oz.); 1/2 c. thinly sliced pepperoni (from about 2.5 oz.); 1/2 c. thinly sliced soppressata (from about 2.5 oz.); 1/3 c. coarsely chopped banana peppers or peperoncini; 1/3 c. finely chopped red onion; 1/2 c. mayonnaise; 2 tbsp. red wine vinegar; 2 tsp. Italian seasoning; 4 (10"") flour tortillas","In a large bowl, mix chicken, lettuce, ham, provolone, pepperoni, soppressata, banana peppers, and onion.
In a medium bowl, stir mayonnaise, vinegar, and Italian seasoning. Pour over chicken salad and toss to combine.
Scoop 1 heaping cup chicken salad onto the center of each tortilla. Fold in left and right sides of tortilla, then fold end closest to you over filling. Tightly roll up bottom end, keeping sides tucked in, to form a burrito shape. Cut each wrap in half.",895 Calories,61 g,25 g,59 g,2 g,"American,Italian","Contains meat,30-minute meals,lunch,meat,poultry,salad,snack","content-type: Recipe, locale: US, displayType: recipe, shortTitle: Italian Grinder Chicken Salad Wrap, contentId: d2baf34f-224f-4d0c-ba91-70baee162115, subsection: Recipes, collection: Latest Recipes, collection: Lunch, collection: Delish Member Exclusives, 30-minute meals, American, Contains meat, Italian, lunch, meat, poultry, salad, snack, Italian grinder chicken salad wrap, grinder, chicken salad wrap, NUTRITION: Contains meat, OCCASION: 30-minute meals, CATEGORY: lunch, CATEGORY: meat, CATEGORY: poultry, CATEGORY: salad, CATEGORY: snack, TOTALTIME: 00:20:00, FILTERTIME: <30MINS",5.0,4
https://www.delish.com/cooking/recipe-ideas/a42477753/big-mac-crunchwrap-recipe/,Big Mac Crunchwrap,"Two hamburger patties, copycat mac sauce, lettuce, American cheese, dill pickles, and diced onions are wrapped in a sesame seed tortilla in this mashup.","https://hips.hearstapps.com/hmg-prod/images/big-mac-crunchwrap-index-68a8cf2f13a09.jpg?crop=0.563xw:1.00xh;0.220xw,0&resize=1200:*",10,,4 servings,,"1/2 c. mayonnaise; 2 tbsp. ketchup; 2 tbsp. yellow mustard; 2 tsp. sweet pickle relish; 1 tsp. apple cider vinegar; 1/2 tsp. kosher salt; 1/4 tsp. garlic powder; 1/4 tsp. onion powder; 1/4 tsp. sweet paprika; 1 lb. ground beef; Kosher salt; Freshly ground black pepper; 4 (10"") flour tortillas; 8 slices American cheese; 2 tbsp. finely chopped white onion; 1 dill pickle, sliced into 1/8""-thick slices, or presliced; 1/2 c. finely shredded iceberg lettuce; 20 mini round tortilla chips; Canola oil, for brushing; 1 tbsp. melted unsalted butter, cooled; 1 tsp. toasted sesame seeds","Mac Sauce
Big Mac Crunchwrap
Portion beef into 8 (2-ounce) balls. Working one at a time, place ball between 2 small sheets of parchment. Using the bottom of a glass or measuring cup, press to a thin 5"" circle. Stack patties with parchment, separating each layer.
Heat a flat-top griddle or large skillet over medium-high heat. Season one side of patty with 1/8 teaspoon salt and a pinch of pepper. Working in batches, sear patties 2 minutes, then flip and cook until patties begin to shrink slightly, about 1 minute more. Transfer to a plate and let cool slightly.
Place a tortilla on a work surface and build Crunchwrap in the following order: 1 slice of American cheese, 1 burger patty, 1 teaspoon Mac sauce, 1/2 teaspoon onion, 2 pickle slices, 1 tablespoon lettuce, 5 tortilla chips, 1 burger patty, 1 teaspoon Mac sauce, 1/2 teaspoon onion, 2 pickle slices, 1 tablespoon lettuce, and 1 slice of American cheese. Tightly fold edges of tortilla toward center, creating pleats (it’s okay if some cheese is exposed).
Reduce heat to medium and brush griddle or skillet with oil. Arrange Crunchwrap seam side down and cook until tortilla is golden brown and toasted, about 3 minutes per side. Repeat with remaining Crunchwraps.
Arrange Crunchwraps on a platter. Brush with butter and sprinkle with sesame seeds. Serve with remaining Mac sauce alongside.",926 Calories,33 g,39 g,69 g,3 g,American,"nut-free,Super Bowl,tailgate,dinner,lunch,snack","content-type: Recipe, locale: US, displayType: recipe, shortTitle: Big Mac Crunchwrap, contentId: ca762a00-6480-4703-a3cd-6e2e044cd00c, subsection: Recipes, collection: Most Popular, collection: Editors' Favorites, collection: Delish 100 Best: Dinners, collection: Appetizers, collection: Delish Member Exclusives, American, Super Bowl, dinner, lunch, nut-free, snack, tailgate, NUTRITION: nut-free, OCCASION: Super Bowl, OCCASION: tailgate, CATEGORY: dinner, CATEGORY: lunch, CATEGORY: snack, TOTALTIME: 01:00:00, FILTERTIME: >1HR",4.93,14
https://www.delish.com/cooking/recipe-ideas/a26279552/philly-cheesesteak-cabbage-wrap-recipe/,Philly Cheesesteak Cabbage Wraps,Cabbage wraps are the perfect low-carb option for enjoying Philly cheesesteaks.,"https://hips.hearstapps.com/hmg-prod/images/philly-cheesesteak-cabbage-wraps-socialindex-web-652-jg-del099925-695c21041bc5e.jpg?crop=0.502xw:1.00xh;0.342xw,0&resize=1200:*",15,,4 servings,,"8 large green cabbage leaves (from about 1 head); 2 tbsp. vegetable oil, divided; 2 large bell peppers, seeds and ribs removed, thinly sliced; 1/2 large yellow onion, thinly sliced; 1 tsp. dried oregano; Kosher salt; Freshly ground black pepper; 1 lb. skirt steak, thinly sliced; 6 slices provolone","Into a large pot of boiling water, using tongs, dip cabbage leaves into water until blanched, about 30 seconds. Transfer to a paper towel–lined plate to dry.
In a large skillet over medium heat, heat 1 Tbsp. oil. Add bell peppers, onion, and oregano; season with salt and pepper. Cook, stirring often, until onion and peppers are tender, about 7 minutes. Transfer to a plate. Add remaining tablespoon oil to skillet.
In same skillet over medium-high heat, heat remaining 1 Tbsp. oil. Arrange steak in a single layer; season with salt and pepper. Cook, undisturbed, until steak is seared on one side, about 2 minutes. Flip and cook until the steak is seared on second side and cooked to your liking, about 2 minutes more for medium.
Return onion and peppers to skillet and toss to combine. Top with an even layer of provolone and cover skillet with a tight-fitting lid. Cook until cheese is melty, about 1 minute.
Scoop some steak mixture onto the center of a cabbage leaf. Fold short end of leaf over, then roll up the long side like a burrito with an open end. Repeat with remaining leaves and steak mixture.",479 Calories,36 g,8 g,33 g,4 g,American,"gluten-free,low-carb,30-minute meals,weeknight meals,dinner","content-type: Recipe, locale: US, displayType: recipe, shortTitle: Philly Cheesesteak Cabbage Wraps, contentId: bef07c87-24c1-4e8e-be27-e79e27e4c2b2, subsection: Recipes, collection: High-Protein, collection: Latest Recipes, collection: Delish Member Exclusives, collection: Gluten-Free, collection: Keto, collection: Healthy, American, dinner, gluten-free, weeknight meals, Philly Cheesesteak Cabbage Wraps, cabbage wrap recipe, philly cheesesteak recipes, low-carb recipe, easy weeknight dinner recipes, cabbage recipes, NUTRITION: gluten-free, NUTRITION: low-carb, OCCASION: 30-minute meals, OCCASION: weeknight meals, CATEGORY: dinner, TOTALTIME: 00:30:00, FILTERTIME: <30MINS",4.12,8
https://www.delish.com/cooking/recipe-ideas/recipes/a57495/steak-fajita-power-bowls-recipe/,Steak Fajita Power Bowls,"Steak, sliced avocado, grilled peppers, black beans, and corn all sit upon rice in these steak fajita power bowls.","https://hips.hearstapps.com/hmg-prod/images/steak-fajita-power-bowls-socialindex-web-039-lp-del059925-6859858f8a99e.jpg?crop=0.502xw:1.00xh;0.473xw,0&resize=1200:*",30,,4 servings,,"2 tbsp. vegetable oil, divided; 1/2 yellow onion, sliced into half moons; 2 bell peppers, seeds and ribs removed, thinly sliced; Kosher salt; Freshly ground black pepper; 1 lb. skirt steak, cut into 1/2"" slices; Juice of 1/2 lime; 1/2 tsp. chili powder; 1/2 tsp. cumin; 4 c. cooked brown rice; 1 avocado, thinly sliced; 1 c. black beans, drained, rinsed; 1 c. frozen corn, thawed, warmed; 1 tbsp. finely chopped fresh cilantro; Sour cream, for serving","In a large skillet over medium heat, heat 1 Tbsp. oil. Add onions and peppers; season with salt and pepper. Cook, stirring frequently, until onions are translucent and peppers are tender, 7 to 10 minutes. Transfer to a plate.
In same skillet over medium-high heat, heat remaining 1 Tbsp. oil until very hot, about 30 seconds. Arrange steak in pan and pour lime juice over. Add chili powder and cumin; season with salt and pepper. Cook steak, undisturbed, until browned, 2 to 3 minutes. Continue to cook, stirring occasionally, to your preference, about 2 minutes more for medium. Transfer to another plate.
Divide rice among bowls. Top with steak, onions, peppers, avocado, beans, and corn. Top with cilantro. Drizzle with sour cream.",3259 Calories,164 g,310 g,130 g,70 g,,"weeknight meals,dinner,lunch","content-type: Recipe, locale: US, displayType: recipe, shortTitle: Steak Fajita Power Bowls, contentId: 2b7fd29a-dd3a-4fea-98c6-f9e742b73077, subsection: Recipes, collection: Delish Member Exclusives, collection: Lunch, collection: Healthy, collection: Dinners, Steak Fajita Power Bowls, grain bowl, brown rice, steak, black beans, avocado, healthy recipes, OCCASION: weeknight meals, CATEGORY: dinner, CATEGORY: lunch, TOTALTIME: 00:45:00, FILTERTIME: <1HR",4.6,5
https://www.delish.com/cooking/recipe-ideas/a69169868/high-protein-hamburger-helper-recipe/,High-Protein Hamburger Helper,"Hamburger Helper is a classic weeknight dinner, but if you're looking to add more protein to your diet, then these simple upgrades make it so easy.","https://hips.hearstapps.com/hmg-prod/images/high-protein-hamburger-helper-socialindex-web-033-lp-hi-res-del109925-6903b024e9e9c.jpg?crop=0.502xw:1.00xh;0.251xw,0&resize=1200:*",10,,4 servings,,"1 tbsp. extra-virgin olive oil; 1 yellow onion, finely chopped; 3 tbsp. tomato paste; 1 lb. ground beef (preferably 90% lean); 1 tsp. chili powder; 1 tsp. garlic powder; 1 tsp. kosher salt; 3 1/2 c. low-sodium beef bone broth; 8 oz. high-protein elbow pasta (such as Barilla); 8 oz. shredded sharp cheddar; 1/2 c. plain whole-milk Greek yogurt; Thinly sliced chives, for garnish (optional)","In a large skillet over medium-low heat, heat oil. Add onion and cook, stirring occasionally, until softened and translucent, about 7 minutes. Add tomato paste and cook, stirring, until onion is coated, about 1 minute. Continue to cook, stirring, until tomato paste becomes slightly darker red, about 2 minutes.
Add beef, chili powder, garlic powder, and salt. Cook, breaking up beef with a wooden spoon, until browned, about 7 minutes. Add broth and increase heat to high; bring to a boil. Add pasta and reduce heat to medium-low. Cook, stirring occasionally, until most of the liquid is absorbed and pasta is al dente, 10 to 12 minutes.
Remove pan from heat and stir in cheese and yogurt until cheese is melted. Top with chives (if using).",825 Calories,45 g,48 g,48 g,4 g,American,"healthy,Midweek meals,weeknight meals,dinner,main dish","content-type: Recipe, locale: US, displayType: recipe, shortTitle: High-Protein Hamburger Helper, contentId: 69b284b2-19b1-4a94-9114-7a83d62fd7e4, subsection: Recipes, collection: Delish Member Exclusives, collection: High-Protein, collection: Latest Recipes, collection: One-Pan Recipes, collection: Kid-Friendly Recipes, collection: Dinners, American, Midweek meals, dinner, healthy, main dish, weeknight meals, hamburger helper, homemade hamburger helper, high-protein hamburger helper, one-pot, NUTRITION: healthy, OCCASION: Midweek meals, OCCASION: weeknight meals, CATEGORY: dinner, CATEGORY: main dish, TOTALTIME: 00:35:00, FILTERTIME: <1HR",4.33,27
https://www.delish.com/cooking/recipe-ideas/a54465/easy-chicken-quesadilla-recipe/,Chicken Quesadillas,"This chicken quesadilla recipe is so easy, you probably have all the ingredients on hand to whip up this delicious dish.","https://hips.hearstapps.com/hmg-prod/images/chicken-quesadillas-index-668eeabf1a2c7.jpg?crop=0.502xw:1.00xh;0.280xw,0&resize=1200:*",10,,4 servings,,"6 tbsp. vegetable oil, divided; 2 bell peppers, thinly sliced; 1/2 onion, thinly sliced; Kosher salt; 1 lb. boneless skinless chicken breasts, sliced into strips; 1/2 tsp. chili powder; 1/2 tsp. ground cumin; 1/2 tsp. dried oregano; 4 medium flour tortillas; 2 c. shredded Monterey jack; 2 c. shredded cheddar; 1 ripe avocado, sliced; 2 scallions, thinly sliced; Sour cream, for serving","In a large skillet over medium-high heat, heat 1 tbsp. neutral oil. Add peppers and onion and season with salt. Cook until soft, 5 minutes. Transfer to a plate.
Add 1 tbsp. neutral oil to pan and heat over medium-high heat. Add chicken to pan and season with chili powder, cumin, dried oregano, and ½ teaspoon salt. Cook, stirring occasionally, until golden and cooked through, 8 minutes. Transfer to a plate. Wipe out skillet.
Add 1 tbsp. neutral in skillet. Add 1 flour tortilla to skillet and top half of the tortilla with a heavy sprinkling of both cheeses, ¼ of the cooked chicken mixture, ¼ of the pepper-onion mixture, a few slices of avocado, and a sprinkling of scallions. Fold the other half of the tortilla over and cook, flipping once, until golden, 3 minutes per side.
Repeat with remaining oil, tortillas, chicken, pepper-onion mixture, avocado, and scallions to make 4 quesadillas.
Slice into wedges and serve with sour cream.",1020 Calories,58 g,30 g,72 g,6 g,Tex Mex,"Cinco de Mayo,easy chicken,Super Bowl,weeknight meals,dinner,main dish,poultry","content-type: Expanded Recipe, locale: US, displayType: recipe, shortTitle: Chicken Quesadillas, contentId: c61ee6de-142e-47f4-acff-329eb82553a9, subsection: Recipes, collection: Chicken Recipes, collection: Most Popular, collection: Dinners, homemade quesadilla, mexican recipes, homemade mexican food, quesadilla recipes, homemade quesadilla recipe, chicken quesadilla, easy chicken recipes, chicken dinner, dinner recipes, cheesy quesadillas, cheesy chicken quesadillas, OCCASION: Cinco de Mayo, OCCASION: easy chicken, OCCASION: Super Bowl, OCCASION: weeknight meals, CATEGORY: dinner, CATEGORY: main dish, CATEGORY: poultry, TOTALTIME: 00:40:00, FILTERTIME: <1HR",5.0,22
https://www.delish.com/cooking/recipe-ideas/a64947945/fried-chicken-caesar-sandwich-recipe/,Fried Chicken Caesar Sandwich,"Paired with crunchy greens, Parmesan, and the signature Caesar dressing, this fried chicken Caesar sandwich recipe is the ultimate in chicken sandwiches.","https://hips.hearstapps.com/hmg-prod/images/fried-chicken-caesar-sandwich-index-66841ca5f12c2.jpg?crop=0.502xw:1.00xh;0.474xw,0&resize=1200:*",15,,4 servings,,"1 c. (120 g.) all-purpose flour; 1/2 tsp. freshly ground black pepper, plus more; 1/2 tsp. garlic powder; 1/2 tsp. ground cumin; 1/2 tsp. kosher salt, plus more; 1/2 tsp. smoked paprika; 1 large egg; 2 (6- to 8-oz.) skinless, boneless chicken breast; 1 1/2 c. vegetable oil; 10 to 12 large romaine lettuce leaves, sliced into ribbons finely sliced; 7 tbsp. store-bought or homemade Caesar salad dressing, divided; 4 brioche buns, halved, toasted; 1 red onion, thinly sliced; 1 medium tomato, thinly sliced; 2 tbsp. finely grated Parmesan","Chicken
In a shallow dish, whisk flour, pepper, garlic powder, cumin, salt, and paprika until combined. In another shallow bowl, beat egg to blend.
Place chicken breasts on a cutting board. Using a sharp chef’s knife held parallel to cutting board, slice into thickest side of breast, cutting three-quarters of the way through. Fold top piece back (as if you were opening a book) and continue to cut until breast is divided into 2 thinner cutlets. Repeat with remaining breast for a total of 4.
Season chicken all over with salt and pepper. Dip each chicken cutlet into egg, letting excess drip off. Dip and coat each piece of chicken into flour mixture. Place on a wire rack set in a baking sheet.
In a large, heavy, high-sided skillet over medium-high heat, heat oil until hot. Fry chicken, turning halfway through, until crust is golden brown, 4 to 5 minutes per side. Transfer to paper towels and let drain.
Sandwiches
In a medium bowl, toss romaine and 3 tablespoons dressing until coated.
Spread remaining 4 tablespoons dressing on cut sides of bottom buns. Top with one piece of fried chicken, then pile on onion, tomato, Caesar-dressed romaine, and Parmesan. Close with top buns.",1281 Calories,34 g,48 g,105 g,3 g,,"picnic,Sunday lunch,comfort food,dinner,lunch","content-type: Recipe, locale: US, displayType: recipe, shortTitle: Fried Chicken Caesar Sandwich, contentId: 6647349c-ca37-4ee2-a84a-18207347bfa5, subsection: Recipes, collection: Delish Member Exclusives, collection: Lunch, collection: Dinners, collection: Chicken Recipes, Sunday lunch, comfort food, dinner, lunch, picnic, OCCASION: picnic, OCCASION: Sunday lunch, CATEGORY: comfort food, CATEGORY: dinner, CATEGORY: lunch, TOTALTIME: 00:45:00, FILTERTIME: <1HR",5.0,2
https://www.delish.com/cooking/recipe-ideas/a60896227/sushi-sandwiches-recipe/,Sushi Sandwiches (Onigirazu),"Spicy salmon, seasoned sushi rice, cucumber, pickled cabbage, carrot, and avocado are all wrapped in nori and served with sriracha-soy mayo.","https://hips.hearstapps.com/hmg-prod/images/del059924-sushisandwich-web-003-ab-index-6658ef3cdc428.jpg?crop=0.502xw:1.00xh;0.498xw,0&resize=1200:*",10,,4 servings,,"1/2 c. mayonnaise (preferably Kewpie); 1/2 c. sriracha; 2 tsp. toasted sesame oil (optional); 6 tsp. reduced-sodium soy sauce, divided; 1 lb. skinless salmon, cut into 2 (8-oz.) fillets; Kosher salt; 2 2/3 c. warm cooked plain sushi rice; 1 tbsp. furikake; 3 tbsp. rice wine vinegar, divided; 1 1/4 tsp. granulated sugar, divided; 1 c. shredded purple cabbage; 8 (8"") sheets nori; 1 Persian cucumber, thinly sliced; 1 medium carrot, peeled, grated; 1 avocado, sliced","Place a rack closest to broiler. Heat broiler to high. In a medium bowl, combine mayonnaise, sriracha, oil (if using), and 4 teaspoons soy sauce.
Place salmon on a large foil-lined baking sheet; season all over with 1 teaspoon salt. Spoon 1 tablespoon spicy mayo on each fillet and rub all over. Broil salmon, watching closely, until tops start to brown and blister, 9 to 11 minutes.
Meanwhile, in a large bowl, toss rice, furikake, 1 tablespoon vinegar, 1 teaspoon sugar, and remaining 2 teaspoons soy sauce until combined. In a small bowl, toss cabbage, 1/4 teaspoon salt, and remaining 2 tablespoons vinegar and 1/4 teaspoon sugar until combined.
Transfer salmon to another medium bowl and add 2 tablespoons spicy mayo. Using a fork, break salmon into small pieces and toss until coated.
On a work surface, arrange a sheet of nori with a point facing you. Spoon 1/3 cup rice mixture into the center. Using wet fingers, pat rice into a square. Top with 1/4 cup salmon mixture, spreading over rice. Layer with 4 slices cucumber, 2 tablespoons cabbage mixture, 1 tablespoon grated carrot, 2 slices avocado, and 2 tablespoons spicy mayo. Fold top corner of sheet down over the center. Repeat with bottom, left, and right corners to make a square pouch, enclosing fillings. Tightly wrap with plastic wrap. Repeat with remaining sheets and filling. Let sit 10 minutes.
Unwrap sushi sandwich and slice in half. Serve with remaining spicy mayo alongside.",,,,,,"American,Asian,Japanese","dairy-free,picnic,lunch,main dish,snack","content-type: Recipe, locale: US, displayType: recipe, shortTitle: Sushi Sandwiches, contentId: ade663e8-98ae-434b-942d-8fb66b79bc41, subsection: Recipes, collection: Lunch, American, Asian, Japanese, dairy-free, lunch, main dish, picnic, snack, NUTRITION: dairy-free, OCCASION: picnic, CATEGORY: lunch, CATEGORY: main dish, CATEGORY: snack, TOTALTIME: 00:45:00, FILTERTIME: <1HR",3.0,1
https://www.delish.com/cooking/a45877598/indian-butter-chickpeas-recipe/,Indian Butter Chickpeas,"Simmered in an aromatic tomato gravy, this vegetarian spin on classic butter chicken will forever change the way you look at a can of chickpeas.","https://hips.hearstapps.com/hmg-prod/images/del129923-indian-butter-chickpeas-web-002-ab-hi-res-index-6596b414f36fd.jpg?crop=0.502xw:1.00xh;0.218xw,0&resize=1200:*",10,,4 servings,,"4 tbsp. unsalted butter; 1 yellow onion, finely chopped; 1 tsp. (or more) kosher salt, divided; 1/2 c. tomato paste; 1/2 serrano chile, seeded, finely chopped; 1 tbsp. grated or finely chopped peeled ginger; 2 (14.5-oz.) can chickpeas, drained, rinsed; 1/8 tsp. baking soda; 1 tsp. garam masala; 1 tsp. ground cumin; 1 tsp. Kashmiri chili powder or 3/4 tsp. paprika plus 1/4 tsp. cayenne pepper; 1 c. heavy cream; 1 c. water; 1 tbsp. dried fenugreek leaves or kasoori methi (optional); 1/4 c. fresh cilantro leaves, torn or coarsely chopped; Cooked jasmine rice or naan, for serving","In a large, high-sided skillet over medium heat, melt butter. Add onion and 1/2 tsp. salt and cook, stirring occasionally, until softened, about 7 minutes. Add tomato paste and cook, stirring constantly, until darkened, 4 to 5 minutes. Add chile and ginger and cook, stirring, until fragrant and tomato paste is starting to stick to bottom of pan, about 1 minute more.
Add chickpeas and baking soda and stir to combine, then add garam masala, cumin, and chili powder and cook, stirring frequently, until fragrant and incorporated, about 30 seconds.
Stir in cream, 1 cup water, fenugreek (if using), and 1/2 tsp. salt. Bring to a simmer over medium-high heat, then reduce heat to low and continue to simmer, stirring occasionally, until sauce is reduced, 10 to 15 minutes; season with more salt, if needed. Top with cilantro.
Divide rice among bowls or plates. Spoon chickpea mixture over rice.",705 Calories,20 g,56 g,40 g,17 g,Indian,"vegetarian,weeknight meals,comfort food,dinner","content-type: Recipe, locale: US, displayType: recipe, shortTitle: Indian Butter Chickpeas, contentId: f716e280-b52b-44f1-8e48-b2e5c2e2a3ec, collection: Delish 100 Best: Dinners, collection: Most Popular, collection: Editors' Favorites, collection: Vegetarian, Indian, comfort food, dinner, vegetarian, weeknight meals, NUTRITION: vegetarian, OCCASION: weeknight meals, CATEGORY: comfort food, CATEGORY: dinner, TOTALTIME: 00:40:00, FILTERTIME: <1HR",4.77,31
https://www.delish.com/cooking/recipe-ideas/a61745530/sticky-sesame-chickpeas-and-broccoli-recipe/,Sticky Sesame Chickpeas & Broccoli,"Starring a sticky sesame sauce and a few cans of chickpeas, this simple one-pan dinner will make every weeknight feel special.","https://hips.hearstapps.com/hmg-prod/images/del089924-stickysesamechickpeasbroccoli-web-387-rv-index-66bfba96e9cd2.jpg?crop=0.502xw:1.00xh;0.498xw,0&resize=1200:*",15,,4 servings,,"1/4 c. honey; 1/4 c. ketchup; 1/4 c. reduced-sodium soy sauce; 2 tbsp. rice wine vinegar; 1 tbsp. sesame oil; 2 tsp. cornstarch; 3 tbsp. neutral oil, divided; 1 large head broccoli (about 1 lb.) cut into 2"" florets; 1/2 tsp. (or more) kosher salt; 2 cloves garlic, finely chopped; 1 tbsp. finely chopped peeled ginger; 2 (14.5-oz.) cans chickpeas, drained, rinsed; 1/8 tsp. baking soda; 2 tbsp. toasted sesame seeds","In a small bowl, mix honey, ketchup, soy sauce, vinegar, sesame oil, and cornstarch until combined. Set aside.
In a large skillet over medium-high heat, heat 2 Tbsp. neutral oil. Add broccoli, season with 1/2 tsp. salt, and cook, tossing occasionally, until charred and just tender, 5 to 6 minutes. Transfer to a plate.
In same skillet over medium-high heat, heat remaining 1 Tbsp. oil. Add garlic and ginger and cook, stirring frequently, until fragrant, about 30 seconds. Stir in chickpeas and baking soda.
Stir reserved honey mixture to reincorporate and pour into skillet. Bring to a boil and cook, stirring occasionally, until sauce thickens to a glaze and coats chickpeas, about 1 minute. Add broccoli and cook, tossing, until coated in sauce and heated through, about 1 minute more; season with salt, if needed.
Divide chickpea and broccoli mixture among bowls. Top with sesame seeds.",571 Calories,20 g,62 g,22 g,17 g,Asian,"dairy-free,vegetarian,30-minute meals,weeknight meals,dinner,main dish","content-type: Recipe, locale: US, displayType: recipe, shortTitle: Sticky Sesame Chickpeas & Broccoli, contentId: 94a1e5c1-f9ca-4112-bc44-8c7b1b4c9eb8, subsection: Recipes, collection: Delish Member Exclusives, collection: Vegetarian, collection: 30 Minutes Or Less, 30-minute meals, Asian, dairy-free, dinner, main dish, vegetarian, weeknight meals, NUTRITION: dairy-free, NUTRITION: vegetarian, OCCASION: 30-minute meals, OCCASION: weeknight meals, CATEGORY: dinner, CATEGORY: main dish, TOTALTIME: 00:25:00, FILTERTIME: <30MINS",4.83,12
https://www.delish.com/cooking/recipe-ideas/a60080653/turkey-lavash-wrap-recipe/,Turkey Lavash Wrap,"This wrap is loaded with bright flavors and satisfying ingredients, like turkey, roasted red peppers, cucumbers, and a homemade creamy goat cheese sauce.","https://hips.hearstapps.com/hmg-prod/images/turkey-lavash-wrap-index-final-662fb89102bdd.jpg?crop=0.507xw:1.00xh;0.249xw,0&resize=1200:*",10,,4 servings,,"1 scallion, thinly sliced; 4 oz. crumbled goat cheese; 4 oz. plain whole-milk Greek yogurt; 3 tsp. extra-virgin olive oil, divided; Kosher salt; Freshly ground black pepper; 4 c. loosely packed arugula; 1/2 c. coarsely chopped fresh dill; 1 tsp. fresh lemon juice; 4 store-bought or homemade lavash; 1/2 lb. sliced deli turkey, divided; 4 roasted red peppers, cut into thin strips, divided (about 1 c.); 4 Persian (or 2 English) cucumbers, cut lengthwise into quarters, divided","In a medium bowl, combine scallion, goat cheese, yogurt, and 2 teaspoons oil; season with salt and pepper.
In a large bowl, gently toss arugula, dill, lemon juice, and remaining 1 teaspoon oil to combine.
On a work surface, lay out lavash. Spread goat cheese mixture in an even layer over bread, leaving a 1"" border on all sides. Divide turkey, red peppers, cucumbers, and arugula salad among wraps.
Pull one half of lavash up and over filling like a burrito, then tightly wrap to enclose. Tuck in ends to seal. Cut in half before serving.",442 Calories,28 g,46 g,15 g,4 g,Mediterranean,"Summer,lunch","content-type: Recipe, locale: US, displayType: recipe, shortTitle: Turkey Lavash Wrap, contentId: 21ae184e-3e95-4152-8efe-0c580bebb546, subsection: Recipes, collection: Delish Member Exclusives, collection: Lunch, collection: Healthy, Mediterranean, Summer, lunch, OCCASION: Summer, CATEGORY: lunch, TOTALTIME: 00:20:00, FILTERTIME: <30MINS",5.0,2
https://www.delish.com/cooking/recipe-ideas/a51871/egg-salad-recipe/https://www.delish.com/cooking/recipe-ideas/a51871/egg-salad-recipe/,Best Egg Salad,"Our classic, easy egg salad recipe uses only 6 main ingredients to create the perfect base for sandwiches, or any creative mix-ins you'd like to add!","https://hips.hearstapps.com/hmg-prod/images/egg-salad-index-6412391670d33.jpg?crop=0.502xw:1.00xh;0.250xw,0&resize=1200:*",15,,4 servings,,"8 hard-boiled eggs, peeled; 1/2 stalk celery, finely chopped (about 1/3 c.); 1/4 c. mayonnaise; 2 tbsp. finely sliced chives; 2 tsp. fresh lemon juice; 2 tsp. whole-grain mustard; Kosher salt; Freshly ground black pepper; Paprika and crackers, for serving","Coarsely chop eggs and transfer to a medium bowl. Slightly mash with a fork to break up yolks. Add celery, mayonnaise, chives, lemon juice, and mustard and mix until combined; season with salt and pepper.
Transfer egg salad to a serving bowl. Top with paprika. Serve with crackers alongside.",271 Calories,11 g,6 g,22 g,1 g,American,"low sugar,nut-free,vegetarian,Barbeque,picnic,Summer,dinner,lunch,salad","content-type: Expanded Recipe, locale: US, displayType: recipe, shortTitle: Best Egg Salad, contentId: 72743e5b-6dd2-4d7a-8f8a-8bbd0ac08ef5, subsection: Recipes, collection: Summer Recipes, collection: Lunch, collection: Side Dishes, collection: America's Most Delish, Classic Egg Salad, lunch recipe, brunch recipe, classic sandwich, best egg salad, easy egg salad, diner recipe, healthy recipe, easy recipe, NUTRITION: low sugar, NUTRITION: nut-free, NUTRITION: vegetarian, OCCASION: Barbeque, OCCASION: picnic, OCCASION: Summer, CATEGORY: dinner, CATEGORY: lunch, CATEGORY: salad, TOTALTIME: 00:15:00, FILTERTIME: <30MINS",5.0,8
https://www.delish.com/cooking/recipe-ideas/a63423073/tofu-burritos-recipe/,Tofu Burritos,"We’ve packed these tofu burritos full of smoky, saucy tofu crumbles, fluffy cilantro-lime rice, pinto beans, and all the classic burrito fillings.","https://hips.hearstapps.com/hmg-prod/images/tofu-burritos-index-67bca06ab02b8.jpg?crop=0.502xw:1.00xh;0.277xw,0&resize=1200:*",10,,2 servings,,"1 c. water; 1/2 c. jasmine rice, rinsed; 1/2 tsp. kosher salt; 1 tbsp. neutral oil; 1 small yellow onion, finely chopped; 2 garlic cloves, finely chopped; 1/2 tsp. dried oregano; 1 (15.5-oz.) can pinto beans, liquid reserved; 1/4 c. water; 2 tsp. finely chopped chipotle chiles in adobo sauce; 1 tsp. kosher salt; 1/2 tsp. ground cumin; 1/2 tsp. Mexican or Italian oregano; 1 bay leaf; 1 (14-oz.) pkg. extra-firm tofu, drained; 1 garlic clove, finely chopped; 4 tsp. finely chopped chipotle chiles in adobo sauce; 1 tbsp. tomato paste; 1 tsp. chili seasoning; 1/2 c. low-sodium vegetable stock; 1 tbsp. fresh lime juice; 2 large tortillas; 1/4 c. loosely packed fresh cilantro, coarsely chopped; Zest of 1 lime; Shredded iceberg lettuce, sour cream, salsa, and shredded Mexican cheese, for serving","Rice
Beans
In another small pot over medium heat, heat oil. Add onion and garlic and cook, stirring occasionally, until softened but not browned, about 5 minutes.
Add beans and their liquid, water, chiles, salt, cumin, oregano, and bay leaf. Bring to a simmer, then reduce heat to low and cook, stirring occasionally, until thickened, 8 to 10 minutes.
Tofu
Press tofu very dry with paper towels. Using a fork or a paring knife, break into large crumbles.
In a large skillet over medium heat, heat oil. Add tofu crumbles and cook, undisturbed, until browned and crispy on the bottom, 8 to 10 minutes. (Stir if tofu begins to get too brown.) Reduce heat to medium-low. Add garlic and cook, stirring, until fragrant, about 1 minute more. Add chiles, tomato paste, chili seasoning, cumin, and salt; stir to coat.
Add stock and lime juice and cook, stirring occasionally, until sauce is reduced and tofu is coated, about 5 minutes. Remove from heat.
Burritos & Assembly
Place tortillas between dampened paper towels and microwave until warm and pliable, about 30 seconds.
Add cilantro and lime zest to rice, then fluff with a fork.
Arrange tortillas on a clean work surface and add a layer of cilantro-lime rice to the bottom third. Using a slotted spoon, add a layer of pinto beans. Top beans with tofu, then add as much lettuce, sour cream, salsa, and cheese as you like.
Working one at a time, fold left and right sides of tortilla over filling. Fold bottom of tortilla over filling and roll upward, using your hands to keep filling inside of burrito. Cut in half, if desired.",822 Calories,41 g,95 g,26 g,20 g,,"vegetarian,30-minute meals,weeknight meals,comfort food,dinner,lunch,main dish","content-type: Recipe, locale: US, displayType: recipe, shortTitle: Tofu Burritos, contentId: 885a287a-cc8c-46f4-af1c-949e42e10906, subsection: Recipes, collection: Delish Member Exclusives, collection: Vegetarian, collection: Dinners, 30-minute meals, comfort food, dinner, lunch, main dish, vegetarian, weeknight meals, burrito, burritos, tofu, tofu subs, tofu dinner, tofu recipes, tofu burrito, plant-based, vegetarian burrito, NUTRITION: vegetarian, OCCASION: 30-minute meals, OCCASION: weeknight meals, CATEGORY: comfort food, CATEGORY: dinner, CATEGORY: lunch, CATEGORY: main dish, TOTALTIME: 00:30:00, FILTERTIME: <30MINS",,
https://www.delish.com/cooking/recipe-ideas/a57946/easy-white-chicken-chili-recipe/,White Chicken Chili,"White chicken chili is an easy, hearty and creamy twist on the classic, perfect for serving for game day or the easiest weeknight dinner.","https://hips.hearstapps.com/hmg-prod/images/white-chicken-chili-index-64d3abcdee764.jpg?crop=0.502xw:1.00xh;0.288xw,0&resize=1200:*",15,,6 servings,,"1 tbsp. neutral oil; 1 medium yellow onion, chopped; 1 jalapeño, seeded, finely chopped; 2 cloves garlic, finely chopped; 1 tsp. dried oregano; 1 tsp. ground cumin; 3 boneless, skinless chicken breasts, cut into thirds; 5 c. low-sodium chicken broth; 2 (4.5-oz.) cans green chiles; Kosher salt; Freshly ground black pepper; 2 (15-oz.) cans white beans, drained, rinsed; 1 1/2 c. frozen corn; 1/2 c. sour cream; 1 avocado, thinly sliced, for serving; 1/4 c. chopped fresh cilantro, for serving; 1/4 c. crushed tortilla chips, for serving; 1/4 c. shredded Monterey Jack, for serving","In a large pot over medium heat, heat oil. Add onion and jalapeño and cook, stirring, until softened, about 8 minutes. Add garlic, oregano, and cumin and cook, stirring, until fragrant, about 1 minute. Add chicken, broth, and chiles; season with salt and pepper. Bring to a boil, then reduce heat and simmer, uncovered, until chicken is cooked through, 10 to 12 minutes. Transfer chicken to a plate and shred with 2 forks.
Add beans to pot and bring to a simmer. Cook, smashing about one-quarter of beans with a wooden spoon, until slightly thickened, about 10 minutes. Add corn and shredded chicken and cook, stirring, until heated through, about 1 minute more. Remove from heat and stir in sour cream.
Ladle chili into bowls. Top with avocado, cilantro, chips, and cheese.",554 Calories,49 g,39 g,19 g,12 g,,"autumn,Super Bowl,weeknight meals,winter,dinner","content-type: Expanded Recipe, locale: US, displayType: recipe, shortTitle: White Chicken Chili, contentId: acc62b10-ec80-4d3d-b34d-3b93576978aa, subsection: Recipes, collection: America's Most Delish, collection: Most Popular, collection: Dinners, collection: Chicken Recipes, white chicken chili, easy white chicken chili, best white chicken chili, white chicken chili recipe, creamy white chicken chili, white chicken chili healthy, OCCASION: autumn, OCCASION: Super Bowl, OCCASION: weeknight meals, OCCASION: winter, CATEGORY: dinner, TOTALTIME: 00:50:00, FILTERTIME: <1HR",4.75,109
https://www.delish.com/cooking/recipe-ideas/a43212982/chicken-salad-recipe/,Best Chicken Salad,"Our best chicken salad recipe combines tender poached chicken breast with celery, red onion, mayo, Greek yogurt, and tons of fresh herbs.","https://hips.hearstapps.com/hmg-prod/images/delish-230228-chicken-salad-001-ab-web-index-64148d4479899.jpg?crop=0.502xw:1.00xh;0.250xw,0&resize=1200:*",10,,5 servings,,"2 lb. boneless, skinless chicken breasts (3 to 4); 6 c. low-sodium chicken broth or water; 2 tbsp. seasoned salt (such as Lawry’s) or kosher salt, divided; 1/3 c. full-fat Greek yogurt; 1/3 c. mayonnaise; 2 tbsp. finely chopped fresh parsley; 1 tbsp. plus 1 1/2 tsp. finely chopped fresh dill; 1 tbsp. grainy or smooth Dijon mustard; 1/2 tsp. finely grated lemon zest; 2 tbsp. fresh lemon juice; 2 celery ribs, finely chopped; 1 small red onion, finely chopped; 1/4 c. finely chopped dill pickles (from about 2 spears); 3/4 tsp. freshly ground black pepper","In a large pot over medium-high heat, combine chicken, broth, and 1 Tbsp. plus 1 1/2 tsp. seasoned salt. Bring to a boil, then reduce heat to medium, cover pot, and cook until chicken is cooked through, about 10 minutes. Transfer chicken to a cutting board. Let rest 5 minutes.
Meanwhile, in a large bowl, stir yogurt, mayonnaise, parsley, dill, mustard, lemon zest, and lemon juice until smooth.
Cut chicken into 1/4"" cubes and add to yogurt mixture, tossing to coat. Add celery, onion, pickles, pepper, and remaining 1 1/2 tsp. salt and mix until well combined.",401 Calories,49 g,6 g,20 g,1 g,"American,Comfort Food","gluten-free,low-carb,picnic,spring,Summer,lunch,poultry,salad","content-type: Expanded Recipe, locale: US, displayType: recipe, shortTitle: Best Chicken Salad, contentId: 5994565b-f38d-4ab0-8bec-601cc0914e46, subsection: Recipes, collection: Lunch, collection: Most Popular, collection: America's Most Delish, collection: Summer Recipes, American, Comfort Food, Most Popular, Summer, gluten-free, low-carb, lunch, picnic, poultry, salad, spring, NUTRITION: gluten-free, NUTRITION: low-carb, OCCASION: picnic, OCCASION: spring, OCCASION: Summer, CATEGORY: lunch, CATEGORY: poultry, CATEGORY: salad, TOTALTIME: 00:30:00, FILTERTIME: <30MINS",4.3,10
https://www.delish.com/cooking/recipe-ideas/a39951906/chicken-tostadas-recipe/,Chicken Tostadas,"Our chicken tostadas recipe comes complete with homemade refried black beans, saucy shredded chicken, and plenty of toppings.","https://hips.hearstapps.com/hmg-prod/images/chicken-tostadas1-1652803318.jpg?crop=0.634xw:1.00xh;0.300xw,0&resize=1200:*",25,,4 servings,,"5 tbsp. neutral oil, divided; 1 large white onion, one-half finely chopped, one-half thinly sliced; 1 tsp. ground cumin; 3 tsp. kosher salt, divided; 1 tsp. freshly ground black pepper, divided; 2 (15.5-oz.) cans black beans, rinsed and drained; 2 c. low-sodium chicken broth, divided; 2 tbsp. fresh lime juice; 4 cloves garlic, finely chopped; 1 jalapeño, finely chopped (optional); 1 (4-oz.) can diced green chile peppers; 4 c. shredded rotisserie chicken; 1/2 c. chopped cilantro leaves, plus more for serving; 8 store-bought tostadas (deep-fried flat corn tortillas); 3 c. shredded romaine; 1 avocado, sliced; 1 c. crumbled queso fresco or cotija cheese; Lime wedges, for serving","In a large skillet over medium-high heat, heat 3 tbsp. oil. Add finely chopped onion, cumin, 1 1/2 tsp. salt, and 1 tsp. black pepper. Cook, stirring occasionally, until onion has softened, about 5 minutes. Add beans and 1 c. broth and cook, stirring occasionally, until most liquid has reduced, 5 to 7 minutes. Continue to cook, using a potato masher or fork to smash beans, until smooth, 3 to 5 minutes. Remove from heat and stir in lime juice.
Meanwhile, in a medium pot over medium heat, heat remaining 2 tbsp. oil. Add sliced onion and remaining 1 1/2 tsp. salt and 1 tsp. black pepper. Cover and cook, stirring occasionally, until onions have softened slightly, 3 to 5 minutes. Add garlic and jalapeño, if using, and cook, stirring, until fragrant, about 1 minute. Stir in green chiles and remaining 1 c. broth. Increase heat to medium-high and cook, stirring occasionally, until reduced by half, 5-7 minutes. Stir in chicken until warmed through. Remove from heat and stir in cilantro.
Top tostadas with bean mixture, chicken mixture, romaine, avocado, and queso fresco. Garnish with more cilantro. Serve with lime wedges alongside.",1337 Calories,69 g,85 g,75 g,21 g,,"easy chicken,weeknight meals,dinner,poultry","content-type: Recipe, locale: US, displayType: recipe, shortTitle: Chicken Tostadas, contentId: 40029480-4640-4afd-a1c5-b9502bd4d29e, subsection: Recipes, collection: Dinners, dinner, easy chicken, poultry, weeknight meals, OCCASION: easy chicken, OCCASION: weeknight meals, CATEGORY: dinner, CATEGORY: poultry, TOTALTIME: 00:50:00, FILTERTIME: <1HR",5.0,3
https://www.delish.com/cooking/recipe-ideas/a39564289/classic-nicoise-salad-recipe/,Niçoise Salad,"A classic French recipe, this Niçoise salad is heavy on fresh, pickled, and cooked veggies, and plenty of tuna.","https://hips.hearstapps.com/vidthumb/images/nicoise-salad-index-64480a2a38ea1.jpg?crop=0.565xw:1.00xh;0.137xw,0&resize=1200:*",10,,4 servings,,"4 large eggs; 1/3 c. extra-virgin olive oil; 1 clove garlic, grated or finely chopped; 3 tbsp. sherry vinegar; 1 tbsp. Dijon mustard; 1 tsp. honey; 16 oz. oil-packed tuna, plus 2 tbsp. tuna oil; Kosher salt; Freshly ground black pepper; 1/2 lb. green beans, trimmed; 1/2 lb. small potatoes (such as Yukon Gold or red potatoes); 3 Persian cucumbers, sliced into 1/2"" rounds; 1/2 c. black olives (such as Kalamata); 8 oil-packed anchovy fillets (optional); 2 tbsp. capers, drained","In a medium bowl, prepare an ice bath. Fill a medium pot with water and bring to a boil, then reduce heat to medium and bring to a low boil. Using a spoon, carefully lower eggs into water. Cook 8 minutes. Using slotted spoon, transfer eggs to ice bath to cool. Remove pot with water from heat; set aside.
Meanwhile, in another medium bowl, whisk olive oil, garlic, vinegar, mustard, honey, and 2 tbsp. tuna oil; season with salt and pepper.
Discard used ice water and prepare a new ice bath. Return reserved pot of water to high heat, add a large pinch of salt, and bring to a boil. Add green beans and cook, stirring occasionally, until bright green and just tender, 3 to 5 minutes. Transfer to ice bath to cool, then transfer to a clean kitchen towel or paper towels. Pat green beans dry.
Add potatoes to boiling water and cook, stirring occasionally, until tender, about 15 minutes. Drain.
Peel and halve eggs. Halve potatoes. Drain remaining oil from tuna (reserving oil for another use, if desired) and break tuna into large flakes.
Divide eggs, green beans, potatoes, tuna, cucumbers, and olives among plates. Lay an anchovy fillet (if using) on each egg half. Top with capers and drizzle with dressing; season with salt and pepper. Serve with remaining dressing alongside.",1355 Calories,12 g,17 g,139 g,4 g,,"low sugar,picnic,spring,Summer,lunch,salad,side dish","content-type: Recipe, locale: US, displayType: recipe, shortTitle: Niçoise Salad, contentId: 2293964f-6a6d-4355-acee-8fde2338f403, subsection: Recipes, collection: Healthy, collection: Summer Recipes, Summer, low sugar, lunch, picnic, salad, side dish, spring, NUTRITION: low sugar, OCCASION: picnic, OCCASION: spring, OCCASION: Summer, CATEGORY: lunch, CATEGORY: salad, CATEGORY: side dish, TOTALTIME: 00:50:00, FILTERTIME: <1HR",,
https://www.delish.com/cooking/recipe-ideas/a27510889/avocado-chicken-salad-recipe/,Avocado Chicken Salad,"Classic chicken salad gets a summer upgrade with diced avocado, corn, mango, cherry tomatoes, red onion, and a simple herby dressing.","https://hips.hearstapps.com/hmg-prod/images/chicken-avocado-salad-index-64f10398e3461.jpg?crop=0.502xw:1.00xh;0.249xw,0&resize=1200:*",25,,4 servings,,"1/4 c. lime juice; 1 tbsp. minced jalapeño; 2 tsp. honey; 3 tbsp. extra-virgin olive oil; 2 tbsp. freshly chopped cilantro; Kosher salt; Freshly ground black pepper; 2 boneless skinless chicken breasts, poached and cut into bite-sized pieces; 2 avocados, cubed; 1 small mango, cubed; 1 c. cherry tomatoes, quartered; 1/2 c. corn kernels, fresh or frozen; 1/4 c. red onion, thinly sliced","In a medium bowl, whisk lime juice, jalapeño, honey, and olive oil. Whisk in cilantro, then season with salt and pepper.
In a large bowl, combine chicken, avocado, mango, tomatoes, corn, and red onion. Pour on prepared dressing and gently toss until salad is coated in dressing, then season to taste with salt and pepper.",500 Calories,34 g,21 g,29 g,9 g,American,"gluten-free,healthy,heart-healthy,picnic,Summer,weeknight meals,dinner,lunch,poultry,salad","content-type: Recipe, locale: US, displayType: recipe, shortTitle: Avocado Chicken Salad, contentId: 4ae47904-7c8d-4da5-ab61-0d017648f322, subsection: Recipes, collection: Summer Recipes, collection: Salads, collection: Chicken Recipes, American, Summer, dinner, gluten-free, healthy, heart-healthy, lunch, picnic, poultry, salad, weeknight meals, NUTRITION: gluten-free, NUTRITION: healthy, NUTRITION: heart-healthy, OCCASION: picnic, OCCASION: Summer, OCCASION: weeknight meals, CATEGORY: dinner, CATEGORY: lunch, CATEGORY: poultry, CATEGORY: salad, TOTALTIME: 00:30:00, FILTERTIME: <30MINS",4.75,4
https://www.delish.com/cooking/recipe-ideas/a46092645/sesame-tofu-and-broccoli-recipe/,Sesame Tofu Broccoli,"Crispy baked tofu is tossed with a sweet and savory, chili-spiked sesame sauce and crisp-tender broccoli for the easiest vegetarian weeknight meal.","https://hips.hearstapps.com/hmg-prod/images/del113023-sesame-tofu-broccoli-002-ab-web-index-6580803653557.jpg?crop=0.5xw:1xh;center,top&resize=1200:*",10,,4 servings,,"14 oz. extra-firm tofu; 2 small heads of broccoli; 2 scallions; 1 (1"") piece ginger, peeled; 2 garlic cloves, peeled; 3/4 c. low-sodium vegetable broth; 1/2 c. reduced-sodium soy sauce; 1/4 c. pure maple syrup; 2 tbsp. chili crisp; 2 tbsp. unseasoned rice vinegar; 2 tbsp. toasted sesame oil; 1 tbsp. plus 1/3 cup cornstarch, divided; 4 tbsp. neutral oil, divided; Kosher salt; Toasted sesame seeds and steamed white rice, for serving","Place 3 layers of paper towels or a clean kitchen towel on a plate. Place tofu on towels and cover with another 3 layers of towels or another clean kitchen towel. Place a heavy can or skillet on top of tofu to press moisture out, pouring off excess water and replacing towels as they get soaked, 30 to 45 minutes (you can do this with a tofu press if you have one).
Meanwhile, preheat oven to 425°. Cut broccoli heads into florets. Thinly slice scallions and separate green and white parts. Into a medium bowl or large measuring cup, grate ginger and garlic. Add white scallion parts, broth, soy sauce, maple syrup, chili crisp, vinegar, sesame oil, and 1 tablespoon cornstarch and whisk to combine.
Break tofu into rough 1"" pieces and transfer to a large bowl. Sprinkle with 1/2 teaspoon salt, drizzle with 1 tablespoon neutral oil, and gently toss tofu to coat. Sprinkle with remaining 1/3 cup cornstarch and gently toss until tofu is coated. Arrange on a parchment-lined baking sheet and drizzle with 2 tablespoons neutral oil.
Bake tofu, turning halfway through, until light brown and crisp, about 25 minutes.
When tofu has about 12 minutes remaining, in a large skillet or wok over medium-high heat, heat remaining 1 tablespoon neutral oil. Add broccoli; season with salt, then toss to coat broccoli with oil. Cook, stirring frequently, until broccoli is starting to char, 4 to 5 minutes. Transfer broccoli to a plate.
Reduce heat to medium. Whisk sauce to reincorporate cornstarch and pour into skillet. Bring to a simmer and cook, stirring occasionally, until slightly thickened, about 4 minutes. Add broccoli and tofu to skillet and toss to coat in sauce. Top with green scallion parts and sesame seeds. Serve over rice.",530 Calories,20 g,52 g,26 g,8 g,"American,Asian,Chinese","dairy-free,gluten-free,vegan,date night,weeknight meals,comfort food,dinner,main dish","content-type: Recipe, locale: US, displayType: recipe, shortTitle: Sesame Tofu & Broccoli, contentId: c521ac56-080d-4c20-9468-69904edcc9c5, subsection: Recipes, collection: Most Popular, collection: z.Health POC DO NOT USE!!!!!!, collection: Editors' Favorites, collection: Delish 100 Best: Dinners, collection: Vegetarian, American, Asian, Chinese, comfort food, dairy-free, date night, dinner, gluten-free, main dish, vegan, weeknight meals, NUTRITION: dairy-free, NUTRITION: gluten-free, NUTRITION: vegan, OCCASION: date night, OCCASION: weeknight meals, CATEGORY: comfort food, CATEGORY: dinner, CATEGORY: main dish, TOTALTIME: 01:15:00, FILTERTIME: >1HR",4.33,15
https://www.delish.com/cooking/recipe-ideas/a52462/copycat-quesarito-recipe/,Taco Bell Quesarito,"This copycat for Taco Bell's Quesarito has everything ground beef, cilantro-lime rice, sour cream, and cheese sauce, all in a quesadilla-style burrito.","https://hips.hearstapps.com/hmg-prod/images/quesarito-socialindex-web-693-jg-del029924-68152b3af3a6a.jpg?crop=0.502xw:1.00xh;0.250xw,0&resize=1200:*",10,,4 servings,,1 lb. ground beef; 1 tsp. chili powder; 1/2 tsp. ground cumin; 1/2 tsp. smoked paprika; kosher salt; Freshly ground black pepper; 2 c. cooked white rice; 1 tbsp. lime juice; 2 tbsp. finely chopped cilantro; 8 large flour tortillas; 1 1/2 c. shredded Cheddar; 1 c. Nacho Cheese Sauce; 1/2 c. sour cream,"Cook beef: Heat a medium skillet over medium-high heat then add beef, chili powder, cumin and paprika. Season with salt and pepper and cook until beef is no longer pink, about 6 minutes. Drain fat.
Make cilantro-lime rice: In a medium bowl, toss together white rice, lime juice and cilantro using a fork. Set aside.
Make quesadillas: Heat a large nonstick pan over medium-high heat. When the pan is hot, add a tortilla and sprinkle cheddar cheese all over. Top with a second flour tortilla and cook until the cheese has melted, about 2 minutes per side. Repeat with remaining tortillas and cheddar to make 4 quesadillas.
Build Quesaritos: Working on a cutting board or plate, top the center of one quesadilla with some rice, meat, nacho cheese sauce and sour cream. Roll up into a burrito. Repeat with remaining ingredients.
Reheat the nonstick pan over medium-high heat. When the pan is hot, add two Quesaritos and cook until the outside quesadilla is golden and slightly crispy, 3 to 5 minutes per side. Serve immediately.",4569 Calories,202 g,346 g,254 g,16 g,"American,Mexican","dinner,lunch","content-type: Recipe, locale: US, displayType: recipe, shortTitle: Taco Bell Quesarito, contentId: 3ac29c29-3dc2-4238-8c94-59c12f977b0d, subsection: Recipes, collection: Copycat Recipes, collection: Editors' Favorites, collection: Delish Member Exclusives, collection: Dinners, Quesarito, taco bell, copycat recipe, lunch recipe, mexican food, burrito, quesadilla, taco bell recipe, easy recipe, del taco, CATEGORY: dinner, CATEGORY: lunch, TOTALTIME: 00:40:00, FILTERTIME: <1HR",4.67,15
https://www.delish.com/cooking/recipe-ideas/a39975305/snoop-dogg-bbq-chicken-cobb-salad-recipe/,Snoop Dogg's BBQ Chicken Cobb Salad,"Snoop Dogg's BBQ Chicken Cobb Salad is packed with tangy BBQ chicken, homemade blue corn tortilla chips, crispy bacon, and avocado.","https://hips.hearstapps.com/hmg-prod/images/snoop-dogg-bbq-chicken-cobb-salad-1652918962.jpg?crop=0.514xw:0.610xh;0.234xw,0.110xh&resize=1200:*",,,4 servings,,"2 tsp. Lawry's Seasoned Salt; 1/2 tsp. garlic powder; 1/2 tsp. chili powder; 1/4 tsp. cayenne pepper; Freshly ground black pepper; 2 boneless, skinless chicken breasts; 1 c. BBQ sauce; 2 to 4 large eggs; Neutral oil, for frying; 4 small blue corn tortillas, cut into ½"" strips (or store-bought chips); Kosher salt; 1/2 lb. sliced bacon; 3 heads Little Gem lettuce, torn; 1 pt. cherry tomatoes, halved; 1 avocado, sliced; 2 Persian cucumbers, thinly sliced; 2 oz. blue cheese; Freshly sliced chives; 1/4 c. plus 2 tbsp. mayonnaise; 1/4 c. buttermilk; 1 tbsp. plus 1 tsp. white vinegar; Pinch garlic powder; Freshly ground black pepper","In a small bowl, whisk together Lawry's, garlic powder, chili powder, cayenne, and ¼ teaspoon black pepper. Rub all over chicken and let sit 15 minutes. Preheat oven to 400º.
Place chicken on a parchment-lined rimmed baking sheet and brush with BBQ sauce. Bake until a thermometer inserted into the thickest part of the chicken reads 165º, 25 to 30 minutes. Let rest, then slice.
Meanwhile, in a large pot of boiling water, cook eggs for 10 minutes. Transfer to an ice bath. Once cool, peel and cut into quarters.
Wipe out and dry pot completely. Heat ½"" oil over medium heat until it bubbles up when you drop in a tortilla strip. Fry tortilla strips until golden, 1 minute. Transfer to a paper towel-lined plate. Season with salt.
Heat a large skillet over medium heat and add bacon. Stir occasionally until curly and crispy, 15 to 20 minutse. Transfer to a paper towel-lined plate, then crumble.
Meanwhile, make the garlicky ranch: Whisk all ingredients together in a small bowl and season with salt and pepper.
Arrange lettuce, tomatoes, avocado, cucumbers, and eggs on a platter. Top with bacon, blue cheese, and chicken. Drizzle with dressing and sprinkle with chives, tortilla strips, and more pepper.",1835 Calories,52 g,46 g,159 g,9 g,American,"gluten-free,healthy,nut-free,easy chicken,Summer,poultry,salad","content-type: Recipe, locale: US, displayType: recipe, shortTitle: Snoop Dogg's BBQ Chicken Cobb Salad, contentId: 2f44667a-7d9a-4275-b2d7-6c3aa693352f, subsection: Recipes, collection: Healthy, collection: Gluten-Free, collection: Summer Recipes, collection: Chicken Recipes, hasProduct: true, American, Summer, easy chicken, gluten-free, healthy, nut-free, poultry, salad, NUTRITION: gluten-free, NUTRITION: healthy, NUTRITION: nut-free, OCCASION: easy chicken, OCCASION: Summer, CATEGORY: poultry, CATEGORY: salad, TOTALTIME: 01:00:00, FILTERTIME: >1HR",5.0,3
https://www.delish.com/cooking/recipe-ideas/a53039/greek-power-bowl-recipe/,Greek Power Bowls,"If you're looking for an easy, healthy lunch, then turn to these Greek power bowls, filled with chicken, grains, and fresh veggies.","https://hips.hearstapps.com/hmg-prod/images/greek-power-bowl-socialindex-web-032-lp-del039925-67f03f849c99b.jpg?crop=0.502xw:1.00xh;0.131xw,0&resize=1200:*",25,,4 servings,,"2 tbsp. red wine vinegar; Juice of 1/2 lemon; 1 tsp. dried oregano; Kosher salt; Freshly ground black pepper; 1/4 c. extra-virgin olive oil; 1 tbsp. extra-virgin olive oil; 2 (6- to 8-oz.) boneless, skinless chicken breasts; 2 c. cooked quinoa or brown rice; 1/2 English cucumber, chopped; 1 avocado, thinly sliced; 1 c. halved cherry or grape tomatoes; 1/2 c. halved pitted kalamata olives; 3/4 c. crumbled feta; Fresh dill, for serving","Dressing
Bowls
In a large skillet over medium-high heat, heat oil. Add chicken; season with oregano, salt, and pepper. Cook, turning halfway through, until golden brown and an instant-read thermometer inserted into thickest part registers 165°, about 8 minutes per side. Transfer to a cutting board. Let rest 5 minutes, then thinly slice.
Divide quinoa among bowls. Top with cucumber, avocado, tomatoes, olives, feta, dill, and chicken. Drizzle with dressing.",579 Calories,33 g,24 g,37 g,8 g,Greek,"easy chicken,dinner,lunch","content-type: Recipe, locale: US, displayType: recipe, shortTitle: Greek Power Bowls, contentId: fc0e182d-2e73-4492-b09d-8f2f49f71662, subsection: Recipes, collection: Delish Member Exclusives, collection: Healthy, Greek Power Bowls, Buddha bowls, healthy lunch, meal prep, healthy dinner, greek chicken, delish light, OCCASION: easy chicken, CATEGORY: dinner, CATEGORY: lunch, TOTALTIME: 00:25:00, FILTERTIME: <30MINS",4.71,7
https://www.delish.com/cooking/recipe-ideas/a56236/egg-roll-bowls-recipe/,Egg Roll Bowls,"These low-carb egg roll bowls are not only keto and paleo, but are a quick and easy dinner recipe the whole family will love.","https://hips.hearstapps.com/hmg-prod/images/egg-roll-bowls-index-651c37089e664.jpg?crop=0.500xw:1.00xh;0.256xw,0&resize=1200:*",10,,4 servings,,"1 tbsp. vegetable oil; 1 garlic clove, finely chopped; 1 tbsp. finely chopped peeled ginger; 1 lb. ground pork; 1 tbsp. toasted sesame oil; 1/4 head of green cabbage, thinly sliced; 1/2 yellow onion, thinly sliced; 1 c. shredded carrot; 1/4 c. reduced-sodium soy sauce; 1 tbsp. sriracha; Kosher salt; 1 scallion, thinly sliced; 1 tbsp. toasted sesame seeds","In a large skillet over medium heat, heat vegetable oil. Add garlic and ginger and cook, stirring, until fragrant, about 1 minute.
Add pork and cook, breaking up meat into small pieces with a wooden spoon, until browned in parts and cooked through, 8 to 10 minutes.
Push pork to the side and pour in sesame oil. Add cabbage, onion, and carrot then stir to combine with meat. Add soy sauce and sriracha. Cook, stirring frequently, until cabbage is tender, 5 to 8 minutes; season with salt.
Divide pork mixture among bowls. Top with scallions and sesame seeds.",419 Calories,22 g,7 g,32 g,3 g,Chinese,"low-carb,low-cost,30-minute meals,weeknight meals,dinner,main dish","content-type: Expanded Recipe, locale: US, displayType: recipe, shortTitle: Egg Roll Bowls, contentId: 4ba7f257-27c1-45f6-bcd2-6bedead33182, subsection: Recipes, collection: Editors' Favorites, collection: z.Health POC DO NOT USE!!!!!!, collection: Lunch, collection: Most Popular, collection: Delish 100 Best: Dinners, collection: Budget Recipes, collection: Dinners, eggroll bowls, homemade eggrolls, eggroll filling, healthy asian food, homemade chinese food, easy dinner recipes, healthy bowl recipes, NUTRITION: low-carb, NUTRITION: low-cost, OCCASION: 30-minute meals, OCCASION: weeknight meals, CATEGORY: dinner, CATEGORY: main dish, TOTALTIME: 00:35:00, FILTERTIME: <1HR",4.6,127
https://www.delish.com/cooking/recipe-ideas/a60100772/low-carb-turkey-gyro-bowl-recipe/,Low-Carb Turkey Gyro Bowl,"Inspired by the popular grab-and-go gyro, we created this healthy but hearty bowl filled with cauliflower rice, turkey, fresh veggies, and tzatziki.","https://hips.hearstapps.com/hmg-prod/images/low-carb-turkey-gyro-bowl-index-65df661993335.jpg?crop=0.516xw:0.997xh;0.241xw,0.00314xh&resize=1200:*",30,,4 servings,,"1 Persian or 1/2 English cucumber, grated; 1 clove garlic, finely chopped; 1 c. Greek yogurt; 1/2 c. chopped fresh mint; 1/8 tsp. kosher salt; 4 Persian or 2 English cucumbers, quartered lengthwise, sliced into 1/4"" or 1/2"" pieces; 1/2 small yellow onion, finely chopped; 1 c. quartered cherry tomatoes; 2 tsp. extra-virgin olive oil; 1/2 tsp. kosher salt; 1 tbsp. extra-virgin olive oil; 12 oz. frozen cauliflower rice; 1/2 tsp. kosher salt; 1 tsp. finely grated lemon zest; 1/2 yellow onion, chopped; 1 lb. ground turkey; 2 cloves garlic, finely chopped; 1 tsp. dried oregano; 1 tsp. smoked paprika; 3/4 tsp. kosher salt; 1/8 tsp. freshly ground black pepper; Peperoncini, for serving","Tzatziki
Cucumber Salad
Cauliflower Rice
In a large skillet over medium heat, heat oil. Add cauliflower rice (still frozen is fine), shake pan so rice is in an even layer, and cover. Cook, undisturbed, 8 minutes.
Uncover and stir in garlic and salt. Cook, stirring frequently, until cauliflower is until some pieces of cauliflower are beginning to brown and garlic is fragrant, about 2 minutes.
Transfer cauliflower rice to a large bowl, stir in lemon zest, and cover to keep warm.
Turkey & Assembly
In same skillet over medium-high heat, heat oil. Add onions and cook, stirring occasionally, until starting to soften and are translucent, about 5 minutes. Add turkey, garlic, oregano, paprika, salt, and pepper and cook, breaking up turkey into smaller pieces and stirring occasionally, until turkey is no longer pink and liquid is evaporated from bottom of pan, 6 to 8 minutes.
Divide cauliflower rice, turkey, and cucumber salad among bowls. Top with a dollop of tzatziki. Serve with peperoncini alongside.",419 Calories,33 g,21 g,22 g,6 g,Mediterranean,"healthy,weeknight meals,dinner,lunch","content-type: Recipe, locale: US, displayType: recipe, shortTitle: Low-Carb Turkey Gyro Bowl, contentId: 762cc0a2-3a27-4eef-ae30-f139ac5e0709, subsection: Recipes, collection: Delish Member Exclusives, collection: Healthy, Mediterranean, dinner, healthy, lunch, weeknight meals, NUTRITION: healthy, OCCASION: weeknight meals, CATEGORY: dinner, CATEGORY: lunch, TOTALTIME: 01:00:00, FILTERTIME: >1HR",4.8,10
https://www.delish.com/cooking/recipe-ideas/a54695/shrimp-ceviche-recipe/,Ceviche,"While it may seem fancy, ceviche is actually a fairly simple dish at its core, and this Mexican-inspired shrimp ceviche is the perfect place to start.","https://hips.hearstapps.com/hmg-prod/images/ceviche-index-64887642e188d.jpg?crop=0.502xw:1.00xh;0.250xw,0&resize=1200:*",20,,4 servings,,"Kosher salt; 1 lb. shrimp, peeled, deveined; 1/2 c. red onion, finely chopped; 2 jalapeños, finely chopped; Juice of 7 limes; Juice of 1 orange; 1 c. cucumber, seeds removed, chopped; 1 c. chopped cherry tomatoes; 2 tbsp. chopped fresh cilantro; Freshly ground black pepper; 1/4 c. mayonnaise; 2 tbsp. hot sauce; 8 corn tostadas or warmed tortillas; 1 avocado, chopped","Ceviche (Poaching)
Bring a large pot of salted water to a boil. Remove from heat and add shrimp. Poach until shrimp are pink and cooked through, about 3 minutes.
Drain shrimp and let cool. Transfer shrimp to a cutting board, remove tails, and cut shrimp into bite-size pieces.
In a large bowl, combine shrimp, onion, jalapeños, lime juice, and orange juice; season with salt. Refrigerate until cold, about 20 minutes.
Stir in cucumber, tomatoes, and cilantro; season with salt and pepper.
Ceviche (Cooking In Citrus)
Remove tails from shrimp and cut into bite-sized pieces.
In a large bowl, combine shrimp, onion, jalapeños, lime juice, and orange juice; season with salt. Cover and refrigerate until shrimp is opaque and firm, 15 to 30 minutes.
Stir in cucumber, tomatoes, and cilantro; season with salt and pepper.
Assembly
In a small bowl, mix mayonnaise and hot sauce. Spread spicy mayo onto tostadas, then spoon ceviche into the center.
Top each tostada with avocado and serve.",458 Calories,29 g,36 g,21 g,12 g,American,"gluten-free,nut-free,dinner party,Summer,dinner,lunch,main dish,seafood","content-type: Expanded Recipe, locale: US, displayType: recipe, shortTitle: Ceviche, contentId: ea00852f-a6d4-4a38-88a1-e949ab08e24e, subsection: Recipes, collection: America's Most Delish, collection: Summer Recipes, shrimp ceviche recipes, shrimp dinner, easy shrimp dinner, ceviche recipes, shrimp recipes, shrimp recipe, ceviche recipe, how to make ceviche, NUTRITION: gluten-free, NUTRITION: nut-free, OCCASION: dinner party, OCCASION: Summer, CATEGORY: dinner, CATEGORY: lunch, CATEGORY: main dish, CATEGORY: seafood, TOTALTIME: 01:00:00, FILTERTIME: >1HR",4.5,6
https://www.delish.com/cooking/a36146989/vegan-tofu-grain-bowl/,Jerk Tofu Grain Bowls,"This vegan recipe is a bit of a culinary road trip through some Jamaican staples: sweet fried plantains, aromatic rice and peas, and tofu in a jerk marinade.","https://hips.hearstapps.com/hmg-prod/images/210210-delish-vegan-cookbook-jerk-tofu-grain-bowl-horizontal-0109-eb-1618844190.jpg?crop=0.668xw:1.00xh;0.157xw,0&resize=1200:*",25,120,3 servings,,"2 large ripe plantains, slice on a bias into ½” pieces; Vegetable oil for frying; Kosher salt; 1 small red cabbage, shredded; 1 large carrot, thinly sliced into matchsticks; 1 tsp. kosher salt; 2 tbsp. extra-virgin olive oil; 2 tbsp. apple cider vinegar; Juice of 1 lime; 1/2 tbsp. honey; 1/2 tbsp. dijon mustard; Kosher Salt; Freshly ground black pepper; 1 (15-ounce) can red kidney beans, undrained; 1 (7-ounce) can coconut milk; 2 scallions, halved; 10 allspice berries; 3 cloves garlic; 1/2 scotch bonnet pepper, seeds removed; 2 sprigs thyme; 1 c. basmati rice; 1 medium onion, roughly chopped; 3 scallion, roughly chopped plus more sliced for garnish; 2 inch piece ginger, roughly chopped; 2 scotch bonnet peppers; 3 sprigs thyme, leaves removed and stems discard; 3 tsp. allspice, freshly ground if possible, divided; 1/4 c. low-sodium soy sauce; 1/4 c. apple cider vinegar; Freshly ground black pepper; 1/4 tsp. cinnamon; 1 tsp. garlic powder; 2 (16-ounce) packages extra firm tofu, drained and pressed; Extra virgin olive oil; Cilantro, finely chopped for garnish; Lime wedges","For The Fried Plantains
Fill a large skillet with enough oil to just cover the bottom of the pan with oil. Heat over medium-high until oil shimmers. Working carefully, add plantain slices to pan in a single layer.
Fry, turning half way through halfway through, for 6 to 8 minutes. When the plantains are a deep golden brown and can be easily pierced with a fork, remove to a paper towel lined plate and season with salt.
For The Carrot Cabbage Slaw
In a large bowl combine cabbage, carrots and salt and set aside for 15 minutes. Squeeze the cabbage mixture over sink to remove the moisture.
Meanwhile, in a small bowl, whisk olive oil, vinegar, lemon juice, honey and mustard until totally combined. Season with salt and pepper to taste. Toss cabbage with dressing to coat and chill.
For The Quick Rice & Peas
In a medium saucepan over medium heat, add kidney beans, coconut milk and 1 cup plus 2 tablespoons water. Add scallions, allspice, garlic, scotch bonnet, thyme, a generous pinch of salt and black pepper. Bring to a boil then reduce to a simmer and let cook uncovered for 20 minutes.
In a fine mesh strainer, rinse basmati under cold water until the water runs clear. Remove the allspice, scallions and garlic. If a lot of liquid has evaporated, refill to the original level with water, then bring to a boil. Add rice, reduce to a simmer and cook covered for 15 to 20 minutes or until the rice is cooked through.
For The Tofu And Bowls
In a food processor or blender, add onion, scallion, ginger, scotch bonnet, thyme, 2 teaspoons allspice, soy sauce and vinegar. Blend until a smooth paste has formed. Season with salt and pepper and set aside in a large bowl.
Slice tofu into ¼ slices and sprinkle both sides with 1 teaspoon allspice, cinnamon, garlic powder, salt and pepper. Add tofu to the jerk marinade and carefully toss to coat, making sure to not break the slices. Cover with plastic wrap and chill for 2 hours and up to overnight.
Preheat oven to 400ºF and arrange a rack in the top and middle of your oven. On a parchment lined baking tray, lay the tofu out in a single layer, making sure some of the marinade has adhered to the slices. Roast tofu on the middle rack for 30 minutes until the tofu has browned on the edges and the jerk seasoning has darkened slightly. Move tray to the top rack and broil on high for 2 to 3 minutes, or until the tofu has begun to char in places.
To serve, layer rice, 3 to 4 slices of tofu, plantains and slaw in a large bowl. Garnish with thinly sliced scallion, a sprinkle of cilantro, and lime wedges.",,,,,,American,"ダイエット,vegan,vegetarian,spring,Sunday lunch,dinner,lunch","content-type: Recipe, locale: US, displayType: recipe, shortTitle: Jerk Tofu Grain Bowl, contentId: 8b7b5305-5ff7-45c8-b817-163df08a04c9, collection: Delish Member Exclusives, collection: Vegetarian, collection: Vegan, American, Sunday lunch, dinner, lunch, spring, vegan, vegetarian, ダイエット, NUTRITION: ダイエット, NUTRITION: vegan, NUTRITION: vegetarian, OCCASION: spring, OCCASION: Sunday lunch, CATEGORY: dinner, CATEGORY: lunch, TOTALTIME: 02:25:00, FILTERTIME: >1HR",2.0,1
https://www.delish.com/cooking/recipe-ideas/a49533/copycat-pf-changs-lettuce-wraps-recipe/,Copycat P.F. Chang's Chicken Lettuce Wraps,This P.F. Chang's lettuce wrap copycat recipe uses ground chicken for an easy low-carb dinner.,"https://hips.hearstapps.com/hmg-prod/images/delish-190611-asian-lettuce-wraps-index-67191a4798f19.jpg?crop=0.502xw:1.00xh;0.242xw,0&resize=1200:*",15,,4 servings,,"3 tbsp. hoisin sauce; 2 tbsp. low-sodium soy sauce; 2 tbsp. rice wine vinegar; 1 tbsp. Sriracha (optional); 1 tsp. sesame oil; 1 tbsp. extra-virgin olive oil; 1 medium onion, diced; 2 cloves garlic, minced; 1 tbsp. freshly grated ginger; 1 lb. ground chicken; 1/2 c. canned water chestnuts, drained and sliced; 2 green onions, thinly sliced; Kosher salt; Freshly ground black pepper; Large leafy lettuce (leaves separated), for serving; Cooked white rice, for serving (optional)","Make the sauce: In a small bowl, whisk together hoisin sauce, soy sauce, rice wine vinegar, Sriracha, and sesame oil.
In a large skillet over medium-high heat, heat olive oil. Add onions and cook until soft, 5 minutes, then stir in garlic and ginger and cook until fragrant, 1 minute more. Add ground chicken and cook until opaque and mostly cooked through, breaking up meat with a wooden spoon.
Pour in sauce and cook 1 to 2 minutes more, until sauce reduces slightly and chicken is cooked through completely. Turn off heat and stir in chestnuts and green onions. Season with salt and pepper.
Spoon rice, if using, and a large scoop (about 1/4 cup) of chicken mixture into center of each lettuce leaf. Serve immediately.",314 Calories,23 g,21 g,14 g,2 g,,"date night,weeknight meals,dinner,lunch,main dish,poultry","content-type: Recipe, locale: US, displayType: recipe, shortTitle: Copycat P.F. Chang's Chicken Lettuce Wraps, contentId: a92fecbb-2f9c-4c84-9088-b0022a0c8a87, subsection: Recipes, collection: z.Health POC DO NOT USE!!!!!!, collection: Most Popular, collection: Editors' Favorites, collection: Copycat Recipes, collection: Budget Recipes, collection: Dinners, collection: Chicken Recipes, date night, dinner, lunch, main dish, poultry, weeknight meals, OCCASION: date night, OCCASION: weeknight meals, CATEGORY: dinner, CATEGORY: lunch, CATEGORY: main dish, CATEGORY: poultry, TOTALTIME: 00:30:00, FILTERTIME: <30MINS",4.67,49
https://www.delish.com/cooking/recipe-ideas/a61792761/mexican-corn-and-chicken-bowls-recipe/,Mexican Corn & Chicken Bowls,These Mexican corn and chicken bowls are full of punchy citrusy flavor with a kick from fresh jalapeños and chipotle mayo that make for a perfect summer meal.,"https://hips.hearstapps.com/hmg-prod/images/mexican-corn-and-chicken-bowls-index-66b53ec1b2867.jpg?crop=0.462xw:0.923xh;0.0240xw,0.0769xh&resize=1200:*",15,,4 servings,,"1 jalapeño, seeds removed, finely chopped; 3 cloves garlic, finely grated; 1/2 c. coarsely chopped fresh cilantro leaves; 1/4 c. fresh lime juice; 1 tbsp. honey; 1 tsp. kosher salt; 1/3 c. plus 2 Tbsp. extra-virgin olive oil, divided; 1 lb. boneless, skinless chicken thighs; 1 c. basmati rice, rinsed; 2 c. fresh or frozen, thawed corn kernels; 2 tbsp. fresh lime juice; 1 tsp. extra-virgin olive oil; 1/2 c. mayonaise; 1 to 2 Tbsp. sauce from canned chipotle chiles in adobo; 1 tsp. fresh lime juice, plus lime wedges for serving; Kosher salt; 1 jalapeño, sliced; 1 avocado, chopped; 1/2 c. crumbled cojita or feta; Fresh cilantro leaves, for serving","Chicken
In a large zip-top plastic bag or bowl, combine jalapeño, garlic, cilantro, lime juice, honey, salt, and 1/3 c. oil. Add chicken and toss to coat. Seal bag or cover bowl and marinate at least 20 minutes at room temperature or refrigerate up to 4 hours.
Remove chicken from marinade; discard excess marinade. Pat chicken dry with paper towels.
In a large heavy skillet over medium-high heat, heat remaining 2 Tbsp. oil. Working in batches if necessary, cook chicken, turning occasionally and reducing heat to medium if browning too fast, until cooked through and lightly charred on both sides, 4 to 6 minutes per side. Transfer chicken to a cutting board and slice into bite-sized pieces.
Rice
In a medium saucepan, season 1 3/4 c. water with salt and bring to a boil. Add rice, cover, and reduce heat to low. Simmer until rice is tender and water is absorbed, about 12 minutes. Remove from heat.
Add corn, cover, and let steam 10 minutes. Fluff rice and corn with a fork and stir in cilantro, lime juice, and oil.
Toppings
In a small bowl, whisk mayonnaise, adobo sauce to taste, and lime juice; season with salt.
Divide rice among bowls. Top with chicken, jalapeños, avocado, and cojita. Drizzle with chipotle mayo and top with cilantro. Serve with lime wedges alongside.",974 Calories,32 g,62 g,66 g,6 g,Mexican,"easy chicken,Summer,weeknight meals,dinner,lunch,main dish,poultry,rice","content-type: Recipe, locale: US, displayType: recipe, shortTitle: Mexican Corn & Chicken Bowls, contentId: 854480b1-9f90-4da4-a652-b0a5e4dfe0fc, subsection: Recipes, collection: Delish Member Exclusives, collection: Dinners, collection: Chicken Recipes, Mexican, Summer, dinner, easy chicken, lunch, main dish, poultry, rice, weeknight meals, chicken and rice, rice bowl, OCCASION: easy chicken, OCCASION: Summer, OCCASION: weeknight meals, CATEGORY: dinner, CATEGORY: lunch, CATEGORY: main dish, CATEGORY: poultry, CATEGORY: rice, TOTALTIME: 00:40:00, FILTERTIME: <1HR",5.0,4
https://www.delish.com/cooking/recipe-ideas/a63461816/peanut-chickpea-protein-bowls-recipe/,Peanut Chickpea Protein Bowls,"Crispy chickpeas﻿, cabbage slaw, and brown rice are drizzled with creamy peanut sauce for a craveable protein-packed dinner that’s both hearty and healthy.","https://hips.hearstapps.com/hmg-prod/images/peanut-chickpea-protein-bowls-social-index-67f03103d5918.jpeg?crop=0.502xw:1.00xh;0,0&resize=1200:*",20,,4 servings,,"1 garlic clove, grated; 1/2 tsp. grated peeled ginger; 1/4 c. all-natural creamy peanut butter; 3 tbsp. fresh lime juice; 2 tbsp. reduced-sodium soy sauce; 1 tbsp. honey; 2 tsp. toasted sesame oil; 2 can chickpeas, drained, rinsed; 2 tbsp. neutral oil; 3/4 tsp. kosher salt, divided; 2 garlic cloves, finely chopped; 1 tbsp. grated peeled ginger; 1/4 head of red cabbage, shredded or finely chopped (about 3 cups); 2 tbsp. finely chopped fresh cilantro, plus more for serving; 2 Persian cucumbers, thinly sliced; 1 medium carrot, shredded; 3 c. cooked brown rice; 1/4 c. roasted peanuts, chopped; 4 lime wedges","Peanut Sauce
In a medium bowl, whisk garlic, ginger, peanut butter, lime juice, soy sauce, honey, and sesame oil. Add warm water, 1 tsp. at a time, until desired consistency is reached.
Make Ahead: Sauce can be made 3 days ahead. Transfer to an airtight container and refrigerate.
Chickpeas & Bowls
On a large clean kitchen towel or paper towels, spread out chickpeas. Top with a second clean towel and gently press to remove as much moisture as possible from chickpeas. (If you can, pick off and discard as many chickpea skins as possible; this will help the chickpeas crisp up better.)
In a large, deep, heavy skillet (preferably at least 2"" deep) over medium heat, heat oil. Add chickpeas; season with 1/2 tsp. kosher salt and gently toss to coat. Spread chickpeas in a single layer and cook, tossing occasionally, until browned and slightly crisp, 4 to 5 minutes. (The chickpeas may cause the oil to spit, so use a splatter screen if you have one!)
Add garlic and ginger and continue to cook, tossing constantly, until chickpeas are crispy all over and garlic and ginger are lightly browned, 1 to 2 minutes more. Transfer chickpea mixture to a clean plate.
In a medium bowl, toss cabbage, cilantro, and 1/4 tsp. salt.
Spread 3/4 cup rice among bowls. Top with cabbage mixture, cucumbers, carrots, and chickpeas. Sprinkle with peanuts and more cilantro; drizzle with peanut sauce. Serve with lime wedges alongside.",753 Calories,27 g,83 g,29 g,20 g,American,"vegetarian,Midweek meals,weeknight meals,dinner,rice","content-type: Recipe, locale: US, displayType: recipe, shortTitle: Peanut Chickpea Protein Bowls, contentId: b5ddedd9-582e-4ab2-89ff-6a889a59372c, subsection: Recipes, collection: Lunch, collection: High-Protein, collection: Vegetarian, collection: Delish Member Exclusives, collection: Healthy, American, Midweek meals, dinner, rice, vegetarian, weeknight meals, NUTRITION: vegetarian, OCCASION: Midweek meals, OCCASION: weeknight meals, CATEGORY: dinner, CATEGORY: rice, TOTALTIME: 00:20:00, FILTERTIME: <30MINS",4.82,11
https://www.delish.com/cooking/recipe-ideas/recipes/a55393/harvest-bowls-recipe/,Harvest Bowls,These harvest bowls combine chicken and seasonal veggies for a healthy and easy weeknight dinner or lunch.,"https://hips.hearstapps.com/hmg-prod/images/harvest-bowls-index-66b3f14d6d5d4.jpg?crop=0.502xw:1.00xh;0,0&resize=1200:*",20,,4 servings,,"1/4 c. apple cider; 1/4 c. apple cider vinegar; 2/3 c. olive oil; 1/2 shallot, minced; 1 tbsp. Dijon mustard; 1 tsp. honey; kosher salt; Freshly ground black pepper; 1 lb. Brussels sprouts, trimmed and halved; 1 red onion, sliced; 2 sweet potatoes, cut into small cubes; 2 tbsp. olive oil, divided; 1 tsp. dried thyme; 3 c. sliced grilled chicken; 2 c. finely sliced kale; 1/2 c. dried cranberries; 1/2 c. sliced almonds; 1/4 c. shaved Parmesan; 3 c. cooked brown rice","Preheat oven to 425. On a large, parchment lined baking sheet, mix Brussels sprouts, sweet potato and red onion with 1 tbsp olive oil. Season with salt and pepper and thyme. Bake until vegetables are tender, 25-30 minutes.
Meanwhile, make the vinaigrette. In a large bowl, whisk cider, vinegar, olive oil, shallot, mustard and honey until smooth and combined. Season with salt and pepper.
In a medium bowl, mix kale with cranberries and almonds. Add 1/3 c prepared dressing to the salad and toss.
Assemble bowls: top 1 cup rice with 1 cup roasted vegetables, 1/2 cup salad, and 1 cup chicken. Top with a drizzle of dressing and serve.",1071 Calories,35 g,70 g,69 g,13 g,American,"healthy,autumn,easy chicken,dinner","content-type: Recipe, locale: US, displayType: recipe, shortTitle: Harvest Bowls, contentId: 2bade789-5cc5-4238-ab6e-871869ed1a39, subsection: Recipes, collection: Delish Member Exclusives, collection: Lunch, collection: Fall Recipes, harvest bowls, healthy dinners, fall recipes, brussels sprout recipes, sweet potato recipes, lunch bowl recipes, NUTRITION: healthy, OCCASION: autumn, OCCASION: easy chicken, CATEGORY: dinner, TOTALTIME: 01:00:00, FILTERTIME: >1HR",5.0,7
https://www.delish.com/cooking/recipe-ideas/a60720270/slow-cooker-quinoa-chili-recipe/,Slow-Cooker Quinoa Chili,"Chili is a hearty, flavorful, and easy-to-make meal. This version will fit any vegan and gluten-free lifestyle while having meat eaters coming back for seconds.","https://hips.hearstapps.com/hmg-prod/images/slow-cooker-quinoa-chili-index-6660b6b799bd6.jpg?crop=0.444xw:0.886xh;0.499xw,0.114xh&resize=1200:*",20,,10 servings,,"2 red onions, thinly sliced lengthwise, plus more, finely chopped, for serving; 1 medium sweet potato, chopped; 1 large carrot, chopped; 1 dried ancho chile, crushed (or 2 Tbsp. crushed red pepper flakes); 1 medium jalapeño, finely chopped, plus more for serving; 6 cloves garlic, thinly sliced; 1 bay leaf; 1 (15-oz.) can chickpeas, drained, rinsed; 1 (15-oz.) can kidney beans, drained, rinsed; 1 (15-oz.) can pinto beans, drained, rinsed; 10 oz. frozen corn; 6 oz. tomato paste; 3 c. low-sodium vegetable broth or water; 2 c. chopped cauliflower florets; 1 c. tri-colored quinoa; 3 tbsp. reduced-sodium soy sauce; 2 tbsp. neutral oil; 4 tsp. dried oregano; 1 tbsp. apple cider vinegar; 1 tbsp. ground cumin; 1 tbsp. smoked paprika; 1 (28-oz.) can crushed tomatoes; 1 tbsp. cayenne (optional); Kosher salt; Shredded cheddar cheese, chopped avocado, and chopped fresh cilantro, for serving","In a large slow cooker, mix onions, potato, carrot, chile, jalapeño, garlic, bay leaf, chickpeas, kidney beans, pinto beans, corn, tomato paste, broth, cauliflower, quinoa, soy sauce, oil, oregano, vinegar, cumin, and paprika until combined. Add crushed tomatoes, then fill can with water and pour into slow cooker. Cover and cook on high for 3 hours.
Cover and cook on high for 3 hours. After 3 hours, start testing potato and carrot for tenderness. Continue to cook until potato and carrot are easily pierced with a knife, about 1 hour more.
Add cayenne (if using); generously season with salt and stir to combine. Cover and continue to cook until flavors have melded, about 1 hour more.
Divide chili among bowls. Top with onions, jalapeño, cheese, avocado, and cilantro.",354 Calories,16 g,47 g,8 g,13 g,,"vegan,weeknight meals,comfort food,soup","content-type: Recipe, locale: US, displayType: recipe, shortTitle: Slow-Cooker Quinoa Chili, contentId: e5dff9ed-4512-4404-8f39-1b8ea6117de1, subsection: Recipes, collection: Vegan, comfort food, soup, vegan, weeknight meals, NUTRITION: vegan, OCCASION: weeknight meals, CATEGORY: comfort food, CATEGORY: soup, TOTALTIME: 04:00:00, FILTERTIME: >1HR",5.0,5
https://www.delish.com/cooking/recipe-ideas/recipes/a54360/bbq-power-bowls-recipe/,BBQ Protein Bowls,"With grains, BBQ chicken, corn, slaw, and pickles, these BBQ protein bowls are so flavor-packed, you'll forget that they're good for you.","https://hips.hearstapps.com/hmg-prod/images/bbq-protein-bowls-socialindex-web-074-rv-hi-res-del099925-696557e5b4874.jpg?crop=0.502xw:1.00xh;0.251xw,0&resize=1200:*",15,,4 servings,,"1 c. uncooked brown rice; 1/4 tsp. garlic powder; 1/4 tsp. onion powder; 1 1/4 tsp. kosher salt, divided, plus more; 1/4 tsp. freshly ground black pepper, divided, plus more; 1 tbsp. extra-virgin olive oil; 2 (6- to 8-oz.) boneless, skinless chicken breasts; 3 c. shredded red cabbage (about 6 oz.); 3/4 c. shredded carrots; 1/3 c. plain whole milk Greek yogurt; 1 tbsp. apple cider vinegar; 2 tsp. Dijon mustard; 2 tsp. granulated sugar; 1 (15.5-oz.) can black beans, drained, rinsed; 1/2 c. store-bought or homemade BBQ sauce, plus more for serving; 1 c. fresh or thawed frozen corn; 1/2 c. dill pickle chips; Thinly sliced scallions, for serving","Cook rice according to package instructions.
Meanwhile, in a small bowl, combine garlic powder, onion powder, 3/4 tsp. salt, and 1/4 tsp. pepper. In a large skillet over medium heat, heat oil. Season chicken all over with spice mixture and cook, turning occasionally, until golden brown and an instant-read thermometer inserted into thickest part registers 165°, about 7 minutes per side. Transfer to a cutting board. Remove skillet from heat.
In a large bowl, combine cabbage and carrots. In a medium bowl, whisk yogurt, vinegar, mustard, and sugar; season with 1/2 tsp. salt and 1/4 tsp. pepper. Pour over cabbage mixture and toss to combine.
Cut chicken into bite-sized pieces. Return to skillet along with beans and BBQ sauce. Bring to a simmer over medium-low heat and cook, stirring occasionally to coat chicken, until sauce thickens, 2 to 3 minutes; season with salt and pepper.
Divide rice among bowls. Top with chicken mixture, coleslaw, corn, and pickles. Drizzle with BBQ sauce and sprinkle with scallions.",569 Calories,37 g,73 g,10 g,12 g,American,"healthy,easy chicken,Midweek meals,weeknight meals,dinner,lunch,main dish,meat,poultry","content-type: Recipe, locale: US, displayType: recipe, shortTitle: BBQ Protein Bowls, contentId: f909600f-28fd-431e-99cb-98335545333a, subsection: Recipes, collection: High-Protein, collection: Latest Recipes, collection: Lunch, collection: Delish Member Exclusives, collection: Chicken Recipes, tex mex bowl, pioneer bowl recipe, tex mex bowl recipe, healthy meal prep bowl, brown rice bowl, BBQ Power Bowls, NUTRITION: healthy, OCCASION: easy chicken, OCCASION: Midweek meals, OCCASION: weeknight meals, CATEGORY: dinner, CATEGORY: lunch, CATEGORY: main dish, CATEGORY: meat, CATEGORY: poultry, TOTALTIME: 00:35:00, FILTERTIME: <1HR",4.17,6
https://www.delish.com/cooking/recipe-ideas/a60344796/easy-peanut-chicken-protein-bowls-recipe/,Peanut Chicken Protein Bowls,"Protein bowls are the ultimate healthy packed lunch, and this peanut chicken recipe—with homemade dressing, sweet potato, and avocados—is one of our favorites.","https://hips.hearstapps.com/hmg-prod/images/peanut-chicken-protein-bowl-index-660719760f97f.jpg?crop=0.502xw:1.00xh;0,0&resize=1200:*",10,,4 servings,,"1 large sweet potato, peeled, cut into 1/2"" cubes; 1 large red onion, finely chopped; 3 tbsp. extra-virgin olive oil, divided; Kosher salt; Freshly ground black pepper; 2 (6- to 8-oz.) boneless, skinless chicken breasts; 1/2 tsp. garlic powder; 1/2 tsp. ground ginger; 1 small garlic clove, finely chopped; Juice of 1 lime; 2 tbsp. creamy peanut butter; 1 tbsp. honey; 1 tbsp. reduced-sodium soy sauce; 1 tbsp. toasted sesame oil; 4 c. cooked brown rice; 1 avocado, thinly sliced; 2 c. baby spinach; 1 tbsp. finely chopped fresh cilantro; 1 tsp. toasted sesame seeds","Arrange a rack in center of oven; preheat to 425°. On a large baking sheet, toss potatoes and onion with 1 Tbsp. olive oil; season with salt and pepper.
Bake potatoes until tender, 20 to 25 minutes.
Meanwhile, in a large skillet over medium-high heat, heat 1 Tbsp. olive oil. Season chicken with garlic powder, ginger, salt, and pepper. Cook chicken, turning occasionally, until golden brown and an instant-read thermometer inserted into thickest part registers 165°, about 8 minutes per side. Transfer to a cutting board. Let rest 10 minutes, then thinly slice.
In a small bowl, whisk garlic, lime juice, peanut butter, honey, and soy sauce. Whisk in sesame oil and remaining 1 Tbsp. olive oil until smooth.
Divide rice among bowls. Top with potato mixture, chicken, avocado, and spinach. Sprinkle with cilantro and sesame seeds. Drizzle with dressing.",670 Calories,32 g,61 g,30 g,10 g,,"weeknight meals,dinner,lunch","content-type: Recipe, locale: US, displayType: recipe, shortTitle: Peanut Chicken Protein Bowls, contentId: 69aa7b06-0800-4155-8ddc-98ca83439a4f, subsection: Recipes, collection: Lunch, collection: High-Protein, collection: z.Health POC DO NOT USE!!!!!!, collection: Healthy, collection: Dinners, collection: Chicken Recipes, dinner, lunch, weeknight meals, OCCASION: weeknight meals, CATEGORY: dinner, CATEGORY: lunch, TOTALTIME: 00:40:00, FILTERTIME: <1HR",4.5,10
https://www.delish.com/cooking/recipe-ideas/a26146740/ahi-poke-bowls/,Poke Bowls,"Poke bowls are healthy, and offer lots of opportunity for customization and creativity. The best thing about them? They’re super easy to make at home!","https://hips.hearstapps.com/hmg-prod/images/poke-bowl-221-1550260964.jpg?crop=0.606xw:0.911xh;0.184xw,0.0409xh&resize=1200:*",20,,4 servings,,"1/4 c. low-sodium soy sauce; 2 tsp. rice vinegar; 2 tsp. sesame oil; 1 tsp. freshly grated ginger; Pinch of crushed red pepper flakes; 2 green onions, thinly sliced, plus more for garnish; 1 tsp. toasted sesame seeds, plus more for garnish; 1 lb. sushi-grade ahi tuna, cut into 1/2"" cubes; Cooked white or brown rice; Sliced avocado; Sliced cucumber; Edamame; Shredded carrots; Sliced radish","In a large bowl, whisk together soy sauce, rice vinegar, sesame oil, ginger, red pepper flakes, green onions, and sesame seeds. Add tuna and toss to coat. Refrigerate for at least 15 minutes or up to 1 hour.
To serve, add rice to the bottom of four bowls. Top with tuna and toppings of your choice. Garnish with green onions and sesame seeds before serving.",,,,,,"American,Asian","Summer,weeknight meals,dinner,fish,lunch,seafood","content-type: Expanded Recipe, locale: US, displayType: recipe, shortTitle: Poke Bowls, contentId: f3c795df-355a-47c8-a761-c778aabe2976, subsection: Recipes, collection: Summer Recipes, collection: Lunch, Ahi Poke Bowls, best Ahi Poke Bowls, easy Ahi Poke Bowls, homemade Ahi Poke Bowls, Ahi Poke Bowls recipe, how to make Ahi Poke Bowls, classic Ahi Poke Bowls, poke bowls, poke, tuna, raw fish, sushi bowl, OCCASION: Summer, OCCASION: weeknight meals, CATEGORY: dinner, CATEGORY: fish, CATEGORY: lunch, CATEGORY: seafood, TOTALTIME: 00:45:00, FILTERTIME: <1HR",5.0,12
https://www.delish.com/cooking/recipe-ideas/a40022315/steak-grain-bowls-recipe/,Steak Grain Bowls,This easy Steak Grain Bowls make for the perfect weeknight dinner and meal prep idea.,"https://hips.hearstapps.com/hmg-prod/images/steak-grain-bowl-1-1654094751.jpeg?crop=0.670xw:1.00xh;0.189xw,0&resize=1200:*",20,,4 servings,,"3/4 c. packed fresh cilantro leaves; 3/4 c. packed fresh parsley leaves; 1/4 c. extra-virgin olive oil; 2 cloves garlic, peeled; 3 tbsp. red wine vinegar; 1 tbsp. fresh lime juice; 1 1/2 tsp. kosher salt; Freshly ground black pepper; Pinch of red pepper flakes; 1 lb. flank steak; 1 jalapeño, stem and seeds removed; 1/2 medium avocado; 1/2 c. sour cream; 1/4 c. fresh cilantro; 1 clove garlic; 3 tbsp. fresh lime juice; Kosher salt; 4 c. water; 1 c. farro, rinsed; 1 c. corn kernels, thawed if frozen; 1 (15-oz.) can black beans, rinsed and drained; 4 c. packed arugula; 1 c. halved cherry tomatoes; Chopped avocado and crumbled feta, for serving","Chimichurri Marinade
In a food processor, pulse cilantro, parsley, oil, garlic, vinegar, lime juice, salt, a few cracks of black pepper, and red pepper flakes until combined and herbs are finely chopped. Pour 1/4 c. marinade into a resealable bag; reserve remaining marinade for serving.
Add steak to bag and massage marinade into steak. Let sit at room temperature at least 30 minutes or refrigerate up to 2 hours.
Creamy Jalapeño Sauce
Bowls
In a medium pot over high heat, bring water and a couple large pinches of salt to a boil. Add farro, reduce heat to low, and simmer, covered, until tender, 20 to 30 minutes. Drain.
Meanwhile, in a large skillet over medium-high heat, cook steak until desired degree of doneness, about 8 minutes per side for medium. Transfer steak to a cutting board and let rest 10 minutes. Slice against the grain into strips or bite-size pieces.
In same skillet over medium heat, cook corn, undisturbed, until charred on bottom, about 3 minutes. Stir and continue to cook until warmed through, about 2 minutes more. Add beans and cook, stirring, until combined and warmed through, about 1 minute.
Divide arugula among bowls. Top with farro, corn and beans, steak, tomatoes, and avocado. Drizzle with reserved chimichurri and jalapeño sauce. Top with feta.",751 Calories,43 g,52 g,37 g,17 g,,dinner,"content-type: Recipe, locale: US, displayType: recipe, shortTitle: Steak Grain Bowls, contentId: 43bf7a9a-828c-45dd-baa8-c8257d56b439, subsection: Recipes, collection: Delish Member Exclusives, collection: Dinners, dinner, CATEGORY: dinner, TOTALTIME: 01:40:00, FILTERTIME: >1HR",4.0,2
https://www.delish.com/cooking/recipe-ideas/a46289346/thai-basil-beef-bowls-recipe/,Thai-Inspired Basil Beef Bowls,"In this beef bowl recipe, saucy, spicy, and slightly sweet ground beef is tossed with peppers, basil, garlic, and ginger and topped with a runny fried egg.","https://hips.hearstapps.com/hmg-prod/images/del129923-thai-inspired-basil-beef-bowls-web-104-rv-hires-index-65973c6c74348.jpg?crop=0.450xw:0.901xh;0.0224xw,0.0609xh&resize=1200:*",15,,4 servings,,"1 lb. (90% lean) ground beef; 4 tbsp. neutral oil, divided; Kosher salt; 1/4 c. oyster sauce; 1/4 c. reduced-sodium soy sauce; 3 tbsp. molasses; 2 tbsp. fish sauce; 1 tbsp. granulated sugar; 1 red bell pepper, seeds and ribs removed, sliced into 1/4""-thick strips; 1 medium carrot, cut into 2"" matchsticks; 2 red Fresno chiles, sliced into rings; 3 scallions, green and white parts separated, sliced; 2 cloves garlic, sliced; 1 tbsp. chopped peeled ginger; 1 oz. fresh basil leaves (about 1 1/2 c. packed); 4 large eggs; Cooked white rice, for serving","In a large stainless steel skillet over high heat, heat 1 tablespoon oil and swirl to coat skillet. Add beef and break into small pieces with wooden spoon to create a single layer; season with salt. Cook, stirring occasionally, until beef is cooked through and starting to get a brown crust, 5 to 6 minutes. Using a slotted spoon, transfer beef to a plate.
Meanwhile, in a small bowl, whisk oyster sauce, soy sauce, molasses, fish sauce, sugar, and 1/4 cup water until sugar is dissolved.
Reduce heat to medium-high. In same skillet, cook bell pepper, carrots, a pinch of salt, and 1 tablespoon oil, stirring occasionally, until peppers begin to soften, about 5 minutes. Add chiles and cook, stirring, until starting to soften, about 2 minutes. Add white scallion parts, garlic, and ginger and cook, stirring occasionally, until fragrant, 1 to 2 minutes more.
Pour sauce into skillet and bring to a simmer. Cook, stirring occasionally, until sauce is thickened and glossy, 3 to 4 minutes. Reduce heat to low and add basil. Cook, stirring, until basil is wilted, about 2 minutes. Return beef to pan. Toss until beef is coated with sauce. Top with green scallion parts.
In a small nonstick skillet over medium heat, heat remaining 2 tablespoons oil. Crack eggs into pan and cook until whites are set, 3 to 4 minutes; season with salt.
Divide rice among bowls. Top with beef, sauce, and an egg.",643 Calories,30 g,34 g,42 g,2 g,"American,Asian","dairy-free,weeknight meals,dinner,main dish","content-type: Recipe, locale: US, displayType: recipe, shortTitle: Thai-Inspired Basil Beef Bowls, contentId: 9461d5f1-68f9-4587-a7ab-fc7095bb5b3e, subsection: Recipes, collection: Healthy, American, Asian, dairy-free, dinner, main dish, weeknight meals, NUTRITION: dairy-free, OCCASION: weeknight meals, CATEGORY: dinner, CATEGORY: main dish, TOTALTIME: 00:45:00, FILTERTIME: <1HR",4.8,5
https://www.delish.com/cooking/recipe-ideas/a26950912/easy-spicy-salmon-bowls-recipe/,Spicy Salmon Bowls,"With plenty of veggies and spicy mayo, this spicy salmon bowl is the most stunning and nutritious lunch (or dinner) you could imagine.","https://hips.hearstapps.com/hmg-prod/images/spicy-salmon-bowl-index-664d1c1c79fbe.jpeg?crop=0.5628xw:1xh;center,top&resize=1200:*",20,,4 servings,,"4 garlic cloves, minced; 1/3 c. extra-virgin olive oil; 1/3 c. reduced-sodium soy sauce; 1/4 c. chili garlic sauce; Juice of 1 lime; 2 tbsp. honey; 4 (4-oz.) salmon fillets; 1/2 c. rice vinegar or rice wine vinegar; 1 tbsp. granulated sugar; 1 tsp. kosher salt; 2 tsp. toasted sesame oil; 3 Persian cucumbers, thinly sliced; 1/2 c. mayonnaise; 2 tbsp. Sriracha; 4 c. cooked brown rice; 1 avocado, thinly sliced; 1 medium carrot, finely grated; 1/2 red onion, thinly sliced Cilantro leaves, torn Sesame seeds; Torn fresh cilantro leaves and toasted sesame seeds, for serving","Salmon
Arrange a rack in center of oven; preheat to 350°. Line a large baking sheet with foil. In a medium bowl, whisk garlic, soy sauce, olive oil, chili garlic sauce, lime juice, honey, and garlic. Add salmon and gently toss to combine. Place on a large foil-lined baking sheet.
Bake salmon until fork-tender, 20 to 25 minutes.
Quick-Pickled Cucumbers
In a medium heatproof bowl or jar, microwave vinegar, sugar, and salt until sugar and salt are dissolved, about 2 minutes.
Stir in sesame oil, then add cucumbers and shake to combine. Cover with a tight-fitting lid or plastic wrap and let sit at room temperature until ready to use.
Spicy Mayo
Bowls",1048 Calories,33 g,64 g,70 g,9 g,,"Sunday lunch,weeknight meals,dinner,fish,lunch","content-type: Recipe, locale: US, displayType: recipe, shortTitle: Spicy Salmon Bowls, contentId: 94aba06c-cd41-4d9f-a81a-39ac768f4e5f, subsection: Recipes, collection: Dinners, collection: Lunch, collection: Most Popular, collection: Healthy, Spicy Salmon Bowl, best Spicy Salmon Bowl, easy Spicy Salmon Bowl, homemade Spicy Salmon Bowl, Spicy Salmon Bowl recipe, how to make Spicy Salmon Bowl, Spicy Salmon rice bowl, OCCASION: Sunday lunch, OCCASION: weeknight meals, CATEGORY: dinner, CATEGORY: fish, CATEGORY: lunch, TOTALTIME: 01:00:00, FILTERTIME: >1HR",4.87,31
https://www.delish.com/cooking/recipe-ideas/a69731521/high-protein-chicken-noodle-soup-recipe/,High-Protein Chicken Noodle Soup,"This chicken noodle soup is not only warming, cozy, and full of flavor, but it also packs in protein with the help of bone broth and high-protein pasta.","https://hips.hearstapps.com/hmg-prod/images/high-protein-chicken-noodle-soup-socialindex-web-406-rv-hi-res-del099925-68f165a777493.jpg?crop=0.502xw:1.00xh;0.306xw,0&resize=1200:*",15,,4 servings,,"2 bone-in, skin-on chicken leg quarters or breasts; 1 medium yellow onion, finely chopped; 3 celery ribs, thinly sliced; 3 medium carrots, peeled, thinly sliced; 10 garlic cloves, minced; 2 qt. low-sodium chicken bone broth; 4 thyme sprigs; Kosher salt; 8 oz. high-protein pasta shells (such as Banza); Finely grated Parmesan and finely chopped fresh parsley leaves, for serving","In a large (5- to 6-qt.) pot, bring chicken, onion, celery, carrots, garlic, broth, and thyme to a simmer over medium-high heat. Reduce heat to medium and simmer briskly, stirring occasionally, until liquid is slightly reduced, 15 to 20 minutes.
Reduce heat to medium-low and simmer gently, stirring occasionally, until chicken is falling off the bone, about 45 minutes more. Transfer chicken to a plate; let cool slightly.
Shred chicken with 2 forks; discard bones. Return chicken to broth.
Meanwhile, in a large pot of boiling salted water, cook pasta, stirring occasionally, until just al dente according to package directions. Drain.
Divide pasta among bowls. Ladle soup over pasta. Top with Parmesan and parsley.",634 Calories,38 g,50 g,29 g,5 g,American,"easy chicken,Midweek meals,winter,dinner,poultry,soup","content-type: Recipe, locale: US, displayType: recipe, shortTitle: High-Protein Chicken Noodle Soup, contentId: 3dd7630b-f43d-4887-9b87-9f52ed426706, subsection: Recipes, collection: High-Protein, collection: Soups, collection: Latest Recipes, collection: Delish Member Exclusives, collection: Healthy, collection: Dinners, American, Midweek meals, dinner, easy chicken, poultry, soup, winter, chicken noodle soup, high protein, OCCASION: easy chicken, OCCASION: Midweek meals, OCCASION: winter, CATEGORY: dinner, CATEGORY: poultry, CATEGORY: soup, TOTALTIME: 01:20:00, FILTERTIME: >1HR",5.0,1
https://www.delish.com/cooking/recipe-ideas/a21288693/high-protein-chicken-parm-pizza-recipe/,High-Protein Chicken Parm Pizza,"If you're looking for a surprisingly high-protein upgrade for your pizza, then check out this chicken Parm pizza with a baked ground chicken base.","https://hips.hearstapps.com/hmg-prod/images/high-protein-chicken-parm-pizza-socialindex-web-323-rv-hi-res-del099925-690a74889b386.jpg?crop=0.503xw:1.00xh;0.249xw,0&resize=1200:*",10,,4 servings,,"1 lb. ground chicken; 3/4 c. freshly grated Parmesan, divided; 1/2 tsp. Italian seasoning; 1 garlic clove, minced; Kosher salt; Freshly ground black pepper; 1/4 c. marinara sauce; 1/2 c. freshly shredded mozzarella; Red pepper flakes, for serving (optional); Basil leaves, for garnish","Preheat oven to 400º and line a large baking sheet with parchment paper. In a large bowl, stir together ground chicken, 1/2 cup Parmesan, Italian seasoning, and garlic, and season with salt and pepper.
Spray prepared baking sheet cooking spray. Form chicken mixture into a large round crust, about 1/2” thick.
Bake until chicken is cooked through and golden, 20 to 22 minutes. Remove from oven and heat broiler.
Spread a thin layer of marinara sauce, leaving a small border around the circumference of the pizza. Top with mozzarella and broil until cheese is melty, 3 to 4 minutes. Garnish with remaining 1/4 cup Parmesan, red pepper flakes if using, and fresh basil.",325 Calories,33 g,3 g,20 g,1 g,American,"low-carb,weeknight meals,dinner,lunch,main dish,poultry","content-type: Recipe, locale: US, displayType: recipe, shortTitle: High-Protein Chicken Parm Pizza, contentId: ad74401c-e29d-4591-8431-489f0911d3d3, subsection: Recipes, collection: Latest Recipes, collection: High-Protein, collection: Delish Member Exclusives, collection: Keto, collection: Chicken Recipes, best keto recipe, best keto chicken recipe, keto chicken, chicken parmesan pizza, chicken parm pizza, chicken parm twist, chicken pizza, keto pizza, gluten free pizza, low carb pizza, NUTRITION: low-carb, OCCASION: weeknight meals, CATEGORY: dinner, CATEGORY: lunch, CATEGORY: main dish, CATEGORY: poultry, TOTALTIME: 00:10:00, FILTERTIME: <30MINS",4.75,4
https://www.delish.com/cooking/a36411797/pesto-eggs-tiktok-recipe/,Pesto Egg-In-A-Hole,"You've seen pesto eggs on TikTok, now try them at home in egg-in-a-hole form! They're so easy and extra delicious","https://hips.hearstapps.com/hmg-prod/images/pesto-egg-in-a-hole1-1650646818.jpg?crop=0.671xw:1.00xh;0.207xw,0&resize=1200:*",5,,1 serving,,"1 slice bread, such as ciabatta or sourdough; 1 tbsp. pesto, store-bought or homemade; 1 large egg; Kosher salt; Freshly ground black pepper","Using a cup or paring knife, cut an egg-sized hole in the center of your bread.
In a small nonstick pan, heat pesto until lightly sizzling. Add bread and bread cut-out, then crack egg into the hole in the bread.
Cook for 3 minutes, flip, and cook 1 minute more for an over-easy egg. Transfer to a plate and season with salt and pepper.",,,,,,,"vegetarian,breakfast,comfort food","content-type: Recipe, locale: US, displayType: recipe, shortTitle: Pesto Egg-In-A-Hole, contentId: 3295194e-bf71-42c9-ab79-f54bc5ca258b, collection: TikTok Trends, breakfast, comfort food, vegetarian, pesto, NUTRITION: vegetarian, CATEGORY: breakfast, CATEGORY: comfort food, TOTALTIME: 00:10:00, FILTERTIME: <30MINS",,
https://www.delish.com/cooking/recipe-ideas/a36534360/white-claw-slushies-recipe/,Spiked Seltzer Slushies,"White Claw, ice, and frozen fruit are blended to perfection in this recipe for White Claw slushies.","https://hips.hearstapps.com/hmg-prod/images/210408-delish-blendedwhiteclaw020-sc-1623269809.jpeg?crop=0.668xw:1.00xh;0.182xw,0&resize=1200:*",,,1 serving,,1 c. frozen fruit; 1 c. ice; 1 (12-oz) can spiked seltzer,"In a blender, combine frozen fruit, ice, and spiked selzter and blend until smooth.",74 Calories,1 g,17 g,0 g,2 g,,beverages,"content-type: Recipe, locale: US, displayType: recipe, shortTitle: Spiked Seltzer Slushies, contentId: ea9db0db-4915-456f-8e21-959fdd308b2b, subsection: Recipes, collection: Delish Member Exclusives, beverages, CATEGORY: beverages, TOTALTIME: 00:05:00, FILTERTIME: <30MINS",,
https://www.delish.com/cooking/recipe-ideas/recipes/a51657/pasta-chips-recipe/,Pasta Chips,Pasta Chips from Delish are the perfect crunchy snack!,"https://hips.hearstapps.com/hmg-prod/images/delish-190802-air-fryer-pasta-chips-0036-landscape-pf-1567808941.jpg?crop=0.668xw:1.00xh;0.151xw,0&resize=1200:*",10,,6 servings,,"1 lb. bowtie pasta; Vegetable oil, for frying; 1/2 c. freshly grated Parmesan; 1 tsp. Italian seasoning; 1 tsp. garlic powder; Kosher salt; Freshly ground black pepper; Marinara, for serving","For stovetop
In a large pot of salted boiling water, cook pasta until al dente, about 8 minutes. Drain pasta.
In a large, deep skillet, pour about ½” vegetable oil and heat over medium heat. When oil is shimmering, add about 1 cup al dente pasta in a single layer. Cook until golden and crispy, about 2 minutes per side. Drain on paper towels, then season immediately with Parmesan, Italian seasoning, garlic powder, salt and, pepper.
Repeat, working in batches, with the rest of the pasta.
Serve with warm marinara.
For Air Fryer
In a large pot of salted boiling water, cook pasta until al dente, about 8 minutes. Drain pasta and toss in a large bowl with Parmesan, Italian seasoning, and garlic powder.
Working in batches, place in basket of air fryer and cook at 400° until golden brown and crispy, about 8 to 10 minutes, tossing halfway through. Spread onto a baking sheet to cool completely.
Serve with warm marinara.",,,,,,,"cocktail party,appetizers,snack","content-type: Recipe, locale: US, displayType: recipe, shortTitle: Pasta Chips, contentId: efe9ef54-d2c0-44e3-87cc-715f2383ee98, subsection: Recipes, collection: Appetizers, hasProduct: true",2.14,7
https://www.delish.com/cooking/recipe-ideas/a32072159/dalgona-coffee-recipe/,Dalgona Coffee,"Dalgona Coffee is the latest viral trend on the internet right now—we tried it out, and we are HOOKED.","https://hips.hearstapps.com/hmg-prod/images/del030121chapter4openeredited-001-1614368530.jpg?crop=0.764xw:1.00xh;0.128xw,0&resize=1200:*",5,,1 serving,,"2 tbsp. granulated sugar; 2 tbsp. instant coffee; 2 tbsp. cold water; Ice, for serving; Milk, for serving","In a medium bowl, combine sugar, coffee, and water. Using a hand mixer or a whisk, vigorously whisk until mixture turns silky smooth and shiny, then continue whisking until it thickens and holds its lofty, foamy shape. (If whisking by hand, it will take 8 to 12 minutes to get to optimal fluffiness.)
Fill a glass most of the way full with ice and milk, then dollop and swirl the whipped coffee mixture on top, mixing before drinking, if desired.",267 Calories,8 g,41 g,8 g,0 g,"American,Greek","gluten-free,low-cost,nut-free,vegetarian,brunch,Sunday lunch,beverages,breakfast,non-alcoholic beverage","content-type: Recipe, locale: US, displayType: recipe, shortTitle: Dalgona Coffee, contentId: d643640c-3dd8-423f-9391-4066fe5a0515, subsection: Recipes, collection: Breakfast & Brunch, American, Greek, Sunday lunch, beverages, breakfast, brunch, gluten-free, low-cost, non-alcoholic beverage, nut-free, vegetarian, NUTRITION: gluten-free, NUTRITION: low-cost, NUTRITION: nut-free, NUTRITION: vegetarian, OCCASION: brunch, OCCASION: Sunday lunch, CATEGORY: beverages, CATEGORY: breakfast, CATEGORY: brunch, CATEGORY: non-alcoholic beverage, TOTALTIME: 00:10:00, FILTERTIME: <30MINS",3.76,42
https://www.delish.com/cooking/recipe-ideas/a38955822/yogurt-toast-recipe/,Yogurt Toast,Yogurt Toast is the TikTok sensation taking over everyone's breakfast tables. Yogurt and eggs combine to make a custard that bakes up beautifully on toast.,"https://hips.hearstapps.com/hmg-prod/images/yogurt-toast-5-min-1646760751.jpg?crop=0.715xw:1.00xh;0.107xw,0&resize=1200:*",2,,1 serving,,"2 thick slices of bread such as brioche, wheat or sourdough; 1/4 c. Greek yogurt; 1 large egg; 2 tbsp. maple syrup, agave, honey or melted chocolate, plus more for drizzling; Pinch of cinnamon; Blueberries, strawberries, and/or raspberries, for topping; Powdered sugar, toasted oats, dried coconut, chocolate shavings (all optional), for serving","Preheat an oven to 400º or an air fryer to 375º. In a medium bowl whisk yogurt, egg, maple syrup, and cinnamon.
Using your fingers or the back of a spoon, press into the center of the bread to indent and create a well without tearing. Fill with custard mixture, dividing evenly between the slices. Top the custard with your berry (or mix of berries) of choice.
If using an oven: Place prepared bread slices on a baking sheet and bake until the custard is set and the bread is golden brown, 10 to 13 minutes.
If using an air fryer: Carefully place the prepared bread slices in the basket of your air fryer and cook until the custard is set and the bread is golden brown, 7 to 10 minutes.
Transfer to a plate and drizzle with your topping of choice and optionally finish with a dusting of powdered sugar.",480 Calories,19 g,69 g,13 g,2 g,,"vegetarian,breakfast","content-type: Recipe, locale: US, displayType: recipe, shortTitle: Yogurt Toast, contentId: 109b21d5-203a-49c9-94df-eb28c23c847a, subsection: Recipes, Yogurt Toast, TikTok Yogurt Toast, Toast breakfast, Custard Toast, breakfast, vegetarian, NUTRITION: vegetarian, CATEGORY: breakfast, TOTALTIME: 00:15:00, FILTERTIME: <30MINS",5.0,1
https://www.delish.com/cooking/recipe-ideas/recipes/a47545/brown-sugar-bbq-chicken-recipe/,Brown Sugar BBQ Chicken,This amazing brown sugar BBQ chicken recipe is the perfect BBQ main. The best part? The slow cooker does all the work for you!,"https://hips.hearstapps.com/hmg-prod/images/brown-sugar-bbq-chicken-index-64d3a1d2d8f23.jpg?crop=0.503xw:1.00xh;0.249xw,0&resize=1200:*",15,,6 servings,,"2 lb. boneless skinless chicken breasts; 1 c. barbecue sauce, plus more for serving; 1/2 c. packed light or brown sugar; 1/4 c. bourbon; 1/4 c. Italian dressing; 2 tsp. garlic powder; 1 tsp. paprika; Kosher salt; Freshly ground black pepper; 6 potato buns; Coleslaw, for serving","In a slow-cooker, combine chicken breasts, barbecue sauce, brown sugar, bourbon, Italian dressing, garlic powder and paprika. Season with salt and pepper.
Toss until well coated, then cover and cook on high for 4 hours or on low for 6 hours.
Shred chicken and serve on buns with a drizzle of barbecue sauce and a spoonful of coleslaw.",549 Calories,42 g,59 g,11 g,5 g,American,"weeknight meals,dinner,lunch,main dish","content-type: Recipe, locale: US, displayType: recipe, shortTitle: Brown Sugar BBQ Chicken, contentId: 1001407e-3d2f-46ee-a52a-f365f79741ed, subsection: Recipes, collection: Delish Member Exclusives, collection: Most Popular, collection: Slow-Cooker Recipes, collection: Summer Recipes, brown sugar bbq chicken, bbq chicken, barbecue chicken, brown sugar chicken, brown sugar bbq, slow-cooker bbq chicken, crockpot bbq chicken, crockpot barbecue chicken, slow cooker barbecue chicken, barbecue chicken recipes, easy barbecue chicken, shredded chicken recipes, OCCASION: weeknight meals, CATEGORY: dinner, CATEGORY: lunch, CATEGORY: main dish, TOTALTIME: 04:15:00, FILTERTIME: >1HR",4.54,13
https://www.delish.com/cooking/recipe-ideas/a55484/slow-cooker-rotisserie-chicken-recipe/,Crock-Pot Whole Chicken,Trick your friends by making a rotisserie chicken in your slow cooker from Delish.com.,"https://hips.hearstapps.com/hmg-prod/images/crock-pot-rotisserie-chicken-horizontal-1526871066.jpg?crop=0.668xw:1.00xh;0.269xw,0&resize=1200:*",10,,4 servings,,"Cooking spray; 2 tbsp. packed brown sugar; 1 1/2 tsp. chili powder; 1 tsp. smoked paprika; 1 tsp. fresh thyme; 1 whole chicken, neck and giblets removed; Kosher salt; Freshly ground black pepper","Grease a large slow cooker with cooking spray. Roll a few small balls of aluminum foil and place in slow cooker, creating a rack for the chicken.
In a small bowl, whisk together brown sugar, chili powder, paprika, and thyme.
Pat chicken dry with paper towels and season generously with salt and pepper. Rub brown sugar mixture all over chicken, then place in slow cooker, breast side up.
Cook on high for 2 ½ to 3 ½ hours, until the juices between the leg and the thigh run clear or a thermometer inserted into the thigh reads 165°.
Remove chicken from slow cooker. To crisp up the skin, transfer chicken to a large baking sheet and broil until golden, 3 to 4 minutes. Let rest 10 minutes before slicing and serving.",711 Calories,56 g,8 g,49 g,1 g,American,"gluten-free,healthy,heart-healthy,low-cost,low sugar,nut-free,dinner party,easy chicken,weeknight meals,dinner,main dish,meat,poultry","content-type: Recipe, locale: US, displayType: recipe, shortTitle: Slow-Cooker Rotisserie Chicken, contentId: 0ab870c4-7f3c-4d2f-9810-c3ef2a858887, subsection: Recipes, collection: Chicken Recipes, slow cooker rotisserie chicken, slow cooker chicken recipe, rotisserie chicken recipe, rotisserie chicken in the slow cooker, crock pot chicken, crock pot recipe, slow cooker recipe, rotisserie chicken, NUTRITION: gluten-free, NUTRITION: healthy, NUTRITION: heart-healthy, NUTRITION: low-cost, NUTRITION: low sugar, NUTRITION: nut-free, OCCASION: dinner party, OCCASION: easy chicken, OCCASION: weeknight meals, CATEGORY: dinner, CATEGORY: main dish, CATEGORY: meat, CATEGORY: poultry, TOTALTIME: 03:15:00, FILTERTIME: >1HR",3.55,11
https://www.delish.com/cooking/recipe-ideas/a46066/slow-cooker-garlic-parm-chicken-recipe/,Slow-Cooker Garlic-Parmesan Chicken,"Want an easy slow-cooker chicken recipe? This slow-cooker garlic-Parmesan chicken (paired with herby, buttery potatoes) is a winner.","https://hips.hearstapps.com/hmg-prod/images/slow-cooker-garlic-parmesan-chicken-socialindex-web-0927-jg-del109925-69050bd978a5f.jpg?crop=0.502xw:1.00xh;0,0&resize=1200:*",10,,4 servings,,"2 lb. bone-in, skin-on chicken thighs; 1 tsp. garlic powder; Kosher salt; Freshly ground black pepper; 1 1/2 lb. baby red potatoes, quartered; 6 garlic cloves, finely chopped; 1 oz. Parmesan, finely shredded (about 1/2 cup), plus more for serving; 2 tbsp. unsalted butter, melted; 10 thyme sprigs, divided; 1/2 c. heavy cream; 2 tbsp. finely chopped fresh parsley","Season chicken thighs all over and under skin with garlic powder, 2 tsp. salt, and 1 tsp. pepper. Let sit, uncovered, on a wire rack in the refrigerator, at least 2 hours and up to overnight.
Meanwhile, in a slow cooker, toss potatoes, garlic, Parmesan, butter, and half of thyme; generously season with salt and pepper. Cook on High for 2 hours or on Low for 4 hours.
In a large skillet over medium heat, arrange chicken skin side down. Cook, undisturbed, until fat has rendered and skin is golden brown, 12 to 14 minutes.
Transfer chicken to slow cooker skin side up; discard fat. Pour cream into skillet to deglaze and cook over medium-low heat, scraping browned bits from bottom of skillet, until reduced by half, about 3 minutes.
Pour cream from skillet into slow cooker. Top with remaining thyme. Cook on High for 2 hours or Low for 4 hours, until potatoes are tender and an instant-read thermometer inserted into thickest part of chicken registers 165°.
Top with more Parmesan and parsley.",866 Calories,49 g,29 g,59 g,5 g,American,"gluten-free,low sugar,nut-free,easy chicken,weeknight meals,winter,dinner,poultry","content-type: Recipe, locale: US, displayType: recipe, shortTitle: Slow-Cooker Garlic-Parmesan Chicken, contentId: da719ab6-dd38-430e-86b3-502f04a7bd2e, subsection: Recipes, collection: Editors' Favorites, collection: Latest Recipes, collection: Winter Recipes, collection: Most Popular, collection: Delish 100 Best: Dinners, collection: Delish Member Exclusives, collection: Slow-Cooker Recipes, slow cooker chicken, garlic chicken, slow cooker garlic parmesan chicken, slow cooker chicken thighs, NUTRITION: gluten-free, NUTRITION: low sugar, NUTRITION: nut-free, OCCASION: easy chicken, OCCASION: weeknight meals, OCCASION: winter, CATEGORY: dinner, CATEGORY: poultry, TOTALTIME: 04:30:00, FILTERTIME: >1HR",3.72,60
https://www.delish.com/cooking/recipe-ideas/a53818/easy-crock-pot-chicken-and-dumplings-recipe/,Crock-Pot Chicken & Dumplings,The Crock-Pot is the easiest way to make chicken and dumplings. Simply toss all your ingredients in and get ready for a comfort-food masterpiece.,"https://hips.hearstapps.com/hmg-prod/images/crockpot-chicken-dumplings-index-web-432-del099925-68efba8518f13.jpg?crop=0.502xw:1.00xh;0.250xw,0&resize=1200:*",10,,4 servings,,"1 yellow onion, finely chopped; 1 large carrot, peeled, cut into 1/4""-thick rounds; 5 garlic cloves, finely chopped; 2 lb. boneless, skinless chicken breasts; Kosher salt; Freshly ground black pepper; 2 (10.5-oz.) cans cream of chicken soup; 4 thyme sprigs; 3 c. water; 2 celery ribs, finely chopped; 1 c. frozen peas, thawed; 1 (16.3-oz.) can refrigerated biscuits","Arrange onion, carrot, and garlic in the bottom of a 6- to 7-qt. slow cooker. Place chicken on top; generously season with salt and pepper.
Pour soup over chicken, then add thyme and water, making sure chicken is fully submerged.
Cover and cook on High for 2 hours, or until an instant-read thermometer inserted into thickest part of chicken registers 165°.
Discard thyme. Shred with 2 forks in slow cooker, then mix to combine any pockets of cream. Stir in celery and peas.
Slice biscuits in half crosswise and arrange over chicken mixture; generously season with pepper.
Cover and cook on High, gently stirring every 30 minutes, for 3 more hours, until biscuits are fully cooked and vegetables are tender.",745 Calories,63 g,62 g,24 g,6 g,American,"weeknight meals,winter,dinner,lunch,main dish,soup","content-type: Expanded Recipe, locale: US, displayType: recipe, shortTitle: Crock-Pot Chicken & Dumplings, contentId: 87f4fbd9-daa0-413d-a679-9bdc5bc49db1, subsection: Recipes, collection: Latest Recipes, collection: Most Popular, collection: Slow-Cooker Recipes, collection: Chicken Recipes, chicken and dumpling soup, crockpot chicken soup recipes, easy chicken and dumpling recipe, biscuit chicken and dumplings, classic chicken and dumpling, crockpot chicken recipe easy crockpot recipes, easy slow cooker recipes, crockpot dinner recipes, slow cooker dinner recipes, OCCASION: weeknight meals, OCCASION: winter, CATEGORY: dinner, CATEGORY: lunch, CATEGORY: main dish, CATEGORY: soup, TOTALTIME: 05:45:00, FILTERTIME: >1HR",3.88,16
https://www.delish.com/cooking/recipe-ideas/a55661/easy-crockpot-chicken-noodle-soup-recipe/,Crock-Pot Chicken Noodle Soup,"With boneless skinless chicken breasts, carrots, celery, and herbs, this Crock-Pot chicken noodle soup is the easiest way to make your favorite comfort food.","https://hips.hearstapps.com/hmg-prod/images/crockpot-chicken-noodle-soup-socialindex-web-051-lp-del109925-691cbcb3f3f43.jpg?crop=0.500xw:1.00xh;0.376xw,0&resize=1200:*",10,,6 servings,,"4 (6- to 8-oz.) boneless, skinless chicken breasts; 1 large yellow onion, finely chopped; 3 carrots, peeled. sliced into coins; 2 celery ribs, thinly sliced; 5 garlic cloves, finely chopped; 2 thyme sprigs; 1 rosemary sprigs; 1 bay leaf; 3 tbsp. unsalted butter; 4 tsp. kosher salt; 1 tsp. freshly ground black pepper; 8 c. low-sodium chicken broth; 8 oz. wide egg noodles; Finely chopped fresh parsley, for serving","In a slow cooker, combine chicken, onion, carrot, celery, garlic, thyme, rosemary, bay leaf, and butter; season with salt and pepper. Cover and cook on High for 2 hours.
Add broth, then cover and continue to cook on High about 30 minutes more, until flavors have melded. Transfer chicken to a plate, let cool slightly, then shred with 2 forks. Discard thyme, rosemary, and bay leaf.
Return shredded chicken to slow cooker and add egg noodles. Cover and cook on High about 20 minutes, until noodles are al dente.
Top with parsley.",438 Calories,43 g,35 g,13 g,3 g,"American,Comfort Food","autumn,easy chicken,spring,weeknight meals,winter,dinner,soup","content-type: Expanded Recipe, locale: US, displayType: recipe, shortTitle: Crock-Pot Chicken Noodle Soup, contentId: 9e74599e-6f3f-442f-8154-1933df3f8412, subsection: Recipes, collection: Latest Recipes, collection: Soups, collection: Viral Hits, collection: Most Popular, collection: Fall Recipes, collection: Dinners, collection: Chicken Recipes, crockpot chicken noodle soup, easy chicken noodle soup recipe, weeknight dinners, easy dinner recipes, soup recipes, fall recipes, comfort food, healthy soup recipes, crock pot soup recipes, slow cooker soup recipes, OCCASION: autumn, OCCASION: easy chicken, OCCASION: spring, OCCASION: weeknight meals, OCCASION: winter, CATEGORY: dinner, CATEGORY: soup, TOTALTIME: 02:00:00, FILTERTIME: >1HR",3.64,61
https://www.delish.com/cooking/recipe-ideas/a55419/slow-cooker-chicken-alfredo-recipe/,Slow-Cooker Chicken Alfredo,Let your slow cooker do all of the work—from the pasta to the sauce to the chicken—with this easy slow-cooker chicken Alfredo recipe.,"https://hips.hearstapps.com/hmg-prod/images/slow-cooker-chicken-alfredo-socialindex-web-049-lp-hi-res-del109925-6914dc785461f.jpg?crop=0.502xw:1.00xh;0.412xw,0&resize=1200:*",10,,4 servings,,"1 lb. boneless, skinless chicken breasts; 3 1/2 c. low-sodium chicken broth; 2 c. heavy cream; 3 tsp. kosher salt, plus more; 1 tsp. garlic powder; 1 tsp. Italian seasoning; 1/2 tsp. crushed red pepper flakes; 1/2 tsp. freshly ground black pepper, plus more; 1/2 tsp. onion powder; 1 lb. fettuccine; 4 tbsp. unsalted butter; 2 oz. Parmesan, finely grated (about 1 cup), plus more for serving; Finely chopped fresh parsley, for serving","In a large (6- to 9-qt.) slow cooker, cover chicken with cream and broth. Add salt, garlic powder, Italian seasoning, red pepper flakes, black pepper, and onion powder and stir to combine.
Cover and cook on High until chicken is cooked through and an instant-read thermometer inserted into the center registers 165°, about 2 hours. Transfer chicken to a plate and shred with 2 forks. Set aside.
Add fettuccine (if it doesn’t fit, break in half) and butter to slow cooker and continue to cook on high until fettuccine is al dente, 20 to 40 minutes, depending on your slow cooker’s heat level.
Return chicken to slow cooker along with Parmesan and toss to combine. Cook, uncovered, until sauce clings to pasta, 5 to 8 minutes more. If sauce is too thick, add more broth; season with salt and pepper, if needed.
Top with parsley and more Parmesan before serving.",1248 Calories,62 g,89 g,70 g,4 g,American,"easy chicken,weeknight meals,dinner","content-type: Expanded Recipe, locale: US, displayType: recipe, shortTitle: Slow-Cooker Chicken Alfredo, contentId: f9bac06b-79b0-42b3-8d45-7a7701c0ec1d, subsection: Recipes, collection: Dinners, collection: Latest Recipes, collection: Most Popular, collection: Slow-Cooker Recipes, collection: Chicken Recipes, slow-cooker chicken alfredo, Italian recipes, easy dinner recipes, slow cooker recipes, pasta dishes, chicken alfredo recipes, crock pot recipes, slow cooker alfredo, slow cooker pasta, crockpot pasta, crockpot alfredo, OCCASION: easy chicken, OCCASION: weeknight meals, CATEGORY: dinner, TOTALTIME: 02:45:00, FILTERTIME: >1HR",4.24,83
https://www.delish.com/cooking/recipe-ideas/a41886262/slow-cooker-lemon-herb-chicken-recipe/,Slow-Cooker Creamy Lemon Herb Chicken,"This slow cooker creamy lemon herb chicken spends all day bubbling along and results in everything you want in a meal: delicious, comforting, and easy.","https://hips.hearstapps.com/hmg-prod/images/slow-cooker-creamy-lemon-herb-chicken-index-6931b6320c0df.jpeg?crop=0.565xw:1.00xh;0.218xw,0&resize=1200:*",10,,4 servings,,"1 1/2 lb. skinless, boneless chicken breasts (about 4); Kosher salt; Freshly ground black pepper; 4 tbsp. (1/2 stick) unsalted butter; 1 1/2 c. low-sodium chicken stock; 1 shallot, finely chopped; 4 cloves garlic, finely chopped; 3 thyme sprigs; 1 rosemary sprig; 2 tbsp. water; 2 tsp. cornstarch; 1/2 c. heavy cream; 2 tsp. finely grated lemon zest; 2 tbsp. fresh lemon juice","Season chicken with 2 teaspoons salt and 1/2 teaspoon pepper. In a large skillet over medium-high heat, melt butter. Arrange chicken in pan in an even layer and cook, turning once, until golden brown, 2 to 3 minutes per side. Transfer chicken to 5-quart slow cooker. Pour stock into pan and scrape up any stuck-on bits, then pour over chicken.
Add shallot, garlic, thyme, and rosemary to slow cooker. Cover and cook on high for 4 hours or low for 6 hours, until chicken is very tender. Discard herb stems.
During the last 20 minutes of cooking, in a small bowl, whisk water and cornstarch and pour into slow cooker. Add cream, lemon zest, and lemon juice. Gently stir to combine and continue to cook on high or low about 20 minutes, until sauce is slightly thickened and warmed through.
Divide chicken and sauce among plates. Top with fresh thyme.",450 Calories,42 g,7 g,27 g,1 g,American,"easy chicken,weeknight meals,dinner,main dish,poultry","content-type: Recipe, locale: US, displayType: recipe, shortTitle: Slow-Cooker Creamy Lemon Herb Chicken, contentId: 923124f7-71bb-4464-9a3e-b978f9fcee33, subsection: Recipes, collection: Most Popular, collection: Latest Recipes, collection: Chicken Recipes, American, dinner, easy chicken, main dish, poultry, weeknight meals, OCCASION: easy chicken, OCCASION: weeknight meals, CATEGORY: dinner, CATEGORY: main dish, CATEGORY: poultry, TOTALTIME: 06:30:00, FILTERTIME: >1HR",3.85,52
https://www.delish.com/cooking/recipe-ideas/a25648007/crockpot-white-chicken-chili-recipe/,Crock-Pot White Chicken Chili,The Crock-Pot makes creamy and flavorful white chicken chili easier (and more delicious) than ever.,"https://hips.hearstapps.com/hmg-prod/images/crockpot-white-chicken-chili-socialindex-web-105-rl-del099925-68daf8bdbfb39.jpg?crop=0.502xw:1.00xh;0.495xw,0&resize=1200:*",15,,6 servings,,"1 large yellow onion, finely chopped; 3 garlic cloves, finely chopped; 1 jalapeño, seeded, finely chopped, plus more, thinly sliced, for serving; 1 1/2 lb. boneless, skinless chicken thighs; 2 tsp. dried oregano; 2 tsp. ground cumin; 2 tsp. kosher salt; 1/2 tsp. freshly ground black pepper; 1/4 tsp. cayenne (optional); 2 (15.5-oz.) cans white beans (such as Great Northern or cannellini), 1 can drained; 1 1/2 c. low-sodium chicken broth; 2 (4-oz.) cans green chiles; 1 1/2 c. frozen corn; 1/2 c. sour cream, plus more for serving; Sliced avocado, finely chopped fresh cilantro, and lime wedges, for serving","In a medium or large slow cooker, combine onion, garlic, chopped jalapeño, chicken, oregano, cumin, salt, black pepper, and cayenne (if using). Cover with beans, including liquid from one can, broth, and chiles and stir to combine.
Cover and cook on High for 3 to 4 hours, or Low for 8 hours, until an instant-read thermometer inserted into thickest part of chicken registers 165°.
Transfer chicken to a cutting board. Let cool slightly, then shred.
Transfer 3/4 cup beans (it’s okay if some veggies come along) and liquid to a large bowl or measuring cup. Using a fork or immersion blender, puree beans. Return shredded chicken and pureed beans to slow cooker. Add corn and sour cream and cook on High until corn is cooked through, about 30 minutes more.
Season with more salt and black pepper, if needed. Top with sour cream, sliced jalapeño, avocado, cilantro, and a squeeze of lime juice.",420 Calories,37 g,36 g,11 g,10 g,"American,Tex Mex","low-carb,easy chicken,weeknight meals,winter,dinner,poultry","content-type: Recipe, locale: US, displayType: recipe, shortTitle: Crock-Pot White Chicken Chili, contentId: 75d7c135-352e-4137-95a1-273d5f4de00f, subsection: Recipes, collection: Chicken Recipes, collection: Fall Recipes, crockpot dinner recipe, easy chicken crockpot, gluten-free crockpot recipe, gluten free chicken chili, healthy white chicken chili recipe, heart-healthy chicken recipe, low sugar chicken chili recipe, low-carb dinner idea, crockpot weeknight meals, winter crockpot recipes, white chicken chili crockpot recipe, chicken recipes, chicken dinner, NUTRITION: low-carb, OCCASION: easy chicken, OCCASION: weeknight meals, OCCASION: winter, CATEGORY: dinner, CATEGORY: poultry, TOTALTIME: 03:45:00, FILTERTIME: >1HR",4.04,25
https://www.delish.com/cooking/recipe-ideas/a23725673/crock-pot-buffalo-chicken-dip-recipe/,Crock-Pot Buffalo Chicken Dip,"This classic Crock-Pot Buffalo chicken dip is hands-off, delicious, and ready to feed your whole game day crew.","https://hips.hearstapps.com/hmg-prod/images/crockpot-buffalo-chicken-dip-1673025385.jpg?crop=0.668xw:1.00xh;0.00641xw,0&resize=1200:*",10,,10 servings,,"1 rotisserie chicken, shredded; 3 (8-oz.) blocks cream cheese; 2 c. shredded cheddar; 3/4 c. Buffalo sauce; 1/2 c. ranch dressing; 1/2 c. crumbled blue cheese; Freshly chopped chives, for garnish; Sliced baguette; Celery sticks; Carrots","In a large slow cooker, combine chicken, cream cheese, cheddar, Buffalo sauce, and ranch.
Cook on low for 3 hours or until everything is melted together and warmed through.
When ready to serve, top with blue cheese and chives and serve with dippers.",,,,,,"American,Comfort Food","Super Bowl,tailgate,appetizers,snack","content-type: Expanded Recipe, locale: US, displayType: recipe, shortTitle: Crock-Pot Buffalo Chicken Dip, contentId: 2e5faeb7-f8a9-4cb0-a568-4040651a2370, subsection: Recipes, collection: Slow-Cooker Recipes, collection: Latest Recipes, collection: Appetizers, collection: Game Day Recipes, best buffalo chicken dip recipe, buffalo chicken dip, buffalo chicken, buffalo chicken and blue cheese, easy dip recipe, slow cooker dips, super bowl dips, super bowl appetizers, crock pot dips, OCCASION: Super Bowl, OCCASION: tailgate, CATEGORY: appetizers, CATEGORY: snack, TOTALTIME: 03:10:00, FILTERTIME: >1HR",5.0,6
https://www.delish.com/cooking/recipe-ideas/a43865864/slow-cooker-tuscan-chicken-meatballs-recipe/,Slow-Cooker Tuscan Chicken Meatballs With Gnocchi,The star of this simple dish? A creamy sun-dried tomato sauce that pairs perfectly with the tender meatballs and pillowy gnocchi.,"https://hips.hearstapps.com/hmg-prod/images/slow-cooker-tuscan-chicken-meatballs-with-gnocchi-index-64665b26edacd.jpg?crop=0.502xw:1.00xh;0.153xw,0&resize=1200:*",15,,4 servings,,"1 lb. ground chicken or turkey; 1 c. panko breadcrumbs; 1 large egg; 1 tsp. Italian seasoning; 1 tsp. kosher salt; 1/2 tsp. freshly ground black pepper; 1/2 tsp. garlic powder; 1 c. drained oil-packed sun-dried tomatoes; 1 1/2 oz. Parmesan, finely grated (about 3/4 cup), divided, plus more for serving; 1/2 small yellow onion; 4 garlic cloves; 1 c. low-sodium chicken broth; 1/2 c. dry white wine; 1 pkg. gnocchi; 3 c. packed baby spinach leaves; 1/2 c. heavy cream","In a medium bowl, using your hands, combine chicken, panko, egg, Italian seasoning, salt, pepper, garlic powder, 1/2 cup tomatoes, and 1/2 cup Parmesan. Form mixture into 18 (about 1"") meatballs.
In a slow cooker, combine onion, garlic, broth, wine, and tomato oil; season with salt. Nestle in meatballs. Cover and cook on High until meatballs are cooked through, about 4 hours.
Arrange a rack in upper third of oven; heat broiler. Using a slotted spoon, transfer meatballs to a foil-lined baking sheet.
Add gnocchi and remaining 1/2 cup tomatoes to slow cooker and stir to combine. Cover and cook on High until gnocchi is tender, about 20 minutes.
Meanwhile, broil meatballs, watching closely and turning halfway through, until golden brown in spots, 6 to 8 minutes.
Stir spinach, cream, and 1/4 cup Parmesan into slow cooker. Return meatballs to slow cooker. Cover and cook until spinach wilts, about 5 minutes more.
Divide gnocchi and meatballs among bowls. Top with more Parmesan.",715 Calories,42 g,52 g,34 g,5 g,,"date night,weeknight meals,dinner,poultry","content-type: Recipe, locale: US, displayType: recipe, shortTitle: Slow-Cooker Tuscan Chicken Meatballs With Gnocchi, contentId: b5bc440c-7887-4b21-a0d0-b5ea76c82430, subsection: Recipes, collection: Delish Member Exclusives, collection: Viral Hits, collection: Slow-Cooker Recipes, collection: Dinners, date night, dinner, poultry, weeknight meals, OCCASION: date night, OCCASION: weeknight meals, CATEGORY: dinner, CATEGORY: poultry, TOTALTIME: 05:00:00, FILTERTIME: >1HR",4.36,25
https://www.delish.com/cooking/recipe-ideas/a51825/best-slow-cooker-chicken-tortilla-soup-recipe/,Slow-Cooker Chicken Tortilla Soup,"This slow cooker chicken tortilla soup recipe combines chicken breasts, fire-roasted tomatoes, and beans for an easy meal. Don't skip the tortilla croutons!","https://hips.hearstapps.com/hmg-prod/images/slow-cooker-chicken-tortilla-soup-index-64d39b635fc55.jpg?crop=0.502xw:1.00xh;0.151xw,0&resize=1200:*",15,,6 servings,,"1 lb. boneless, skinless chicken breasts; 1 white onion, chopped; 2 bell peppers, seeds and ribs removed, chopped; 3 cloves garlic, finely chopped; 1 (15-oz.) can black beans, rinsed; 1 (15-oz.) can fire-roasted tomatoes; 1 c. frozen corn; 1/4 c. chopped fresh cilantro, plus more for serving; 1 tbsp. chili powder; 1 tbsp. ground cumin; 1 tsp. kosher salt; 2 c. low-sodium chicken broth; 1 c. shredded Monterey jack; 1 tbsp. extra-virgin olive oil; 3 small corn tortillas, cut into strips; Sliced avocados, sour cream, and lime wedges, for serving","In a large slow cooker, spread chicken in the bottom in an even layer. Add onion, bell peppers, garlic, beans, tomatoes, corn, cilantro, chili powder, cumin, and salt. Pour broth over. Cover and cook on low until chicken is cooked through and falling apart, 5 to 6 hours.
Shred chicken with 2 forks, then top with Monterey Jack. Cover and continue to cook on low until cheese is melted, about 5 minutes more.
Meanwhile, in a large skillet over medium heat, heat oil. Add tortilla strips and cook, tossing occasionally, until crispy and golden, about 3 minutes. Transfer to a paper towel-lined plate; season with salt.
Top soup with tortilla crisps, avocado, sour cream, and cilantro. Serve with lime wedges alongside.",357 Calories,31 g,22 g,13 g,10 g,"American,Mexican","gluten-free,low-cost,Cinco de Mayo,easy chicken,weeknight meals,winter,poultry,soup","content-type: Expanded Recipe, locale: US, displayType: recipe, shortTitle: Slow-Cooker Chicken Tortilla Soup, contentId: a529f088-5ce9-4789-bb23-d78646eab541, subsection: Recipes, collection: Delish Member Exclusives, collection: Slow-Cooker Recipes, slow cooker recipes, slow cooker soups, chicken tortilla soup, slow cooker chicken soups, chicken soup recipes, fall soups, winter soups, chicken breast soup recipes, healthy chicken soup recipes, healthy soup recipes, gluten free soup recipes, NUTRITION: gluten-free, NUTRITION: low-cost, OCCASION: Cinco de Mayo, OCCASION: easy chicken, OCCASION: weeknight meals, OCCASION: winter, CATEGORY: poultry, CATEGORY: soup, TOTALTIME: 05:30:00, FILTERTIME: >1HR",4.69,74
https://www.delish.com/cooking/recipe-ideas/a29416622/slow-cooker-creamy-chicken-gnocchi-soup-recipe/,Slow-Cooker Creamy Chicken Gnocchi Soup,Slow-Cooker Creamy Gnocchi Soup from Delish.com is the easiest and coziest weeknight dinner.,"https://hips.hearstapps.com/hmg-prod/images/220613-delish-quarterly-04-slow-cooker-gnocchi-soup-index-67044b3b6b88c.jpg?crop=0.412xw:0.824xh;0.588xw,0.176xh&resize=1200:*",15,,6 servings,,"1/2 yellow medium onion, chopped; 3 medium carrots, chopped; 3 stalks celery, chopped; 4 cloves garlic, minced; 1 lb. boneless skinless chicken breasts (about 3 breasts); Kosher salt; Freshly ground black pepper; 1 tbsp. fresh thyme; 3 sprigs rosemary; 4 c. low-sodium chicken broth; 2 tbsp. cornstarch; 1 c. heavy cream; 1 (17.5-oz.) package gnocchi; 3 c. baby spinach","Combine onion, carrots, celery, and garlic in the bowl of your slow cooker. Season chicken on both sides with salt and pepper and place on top of vegetables. Add thyme and rosemary, then pour in chicken broth. Cook on high for 4 to 5 hours or low for 7 to 8 hours.
Remove chicken and rosemary sprigs from slow cooker and discard rosemary. Using 2 forks, shred chicken, then return chicken to soup. Remove about 1/4 cup of hot broth and place in a medium bowl. Add cornstarch to broth and whisk to combine, then pour back into soup. Add cream and gnocchi, cover, and cook 45 minutes more on high.
Stir spinach into soup until wilted. Season to taste and serve with freshly ground black pepper.",486 Calories,40 g,33 g,20 g,4 g,,"autumn,dinner party,feed a crowd,winter,comfort food,dinner,soup","content-type: Recipe, locale: US, displayType: recipe, shortTitle: Slow-Cooker Creamy Chicken Gnocchi Soup, contentId: 3e600900-5e69-4098-844d-7348d8e0aa75, subsection: Recipes, collection: Dinners, autumn, dinner, dinner party, feed a crowd, soup, winter, gnocchi, gnocchi soup, slow-cooker, slow-cooker soup, slow-cooker recipes, creamy soup, hearty soup, OCCASION: autumn, OCCASION: dinner party, OCCASION: feed a crowd, OCCASION: winter, CATEGORY: comfort food, CATEGORY: dinner, CATEGORY: soup, TOTALTIME: 05:15:00, FILTERTIME: >1HR",4.79,19
https://www.delish.com/cooking/recipe-ideas/a56797/crock-pot-chicken-enchilada-soup-recipe/,Crock-Pot Chicken Enchilada Soup,This slow-cooker chicken enchilada soup is going to keep you cozy and satisfied all winter long.,"https://hips.hearstapps.com/hmg-prod/images/crock-pot-chicken-enchilada-soup-index-68eff2978dac9.jpeg?crop=0.565xw:1.00xh;0.218xw,0&resize=1200:*",15,,6 servings,,"1 yellow onion, finely chopped; 2 lb. boneless, skinless chicken breasts, cut into thirds; 1 (28-oz.) can fire-roasted diced tomatoes; 1 (19-oz.) can red enchilada sauce; 1 (15-oz.) can black beans, drained, rinsed; 1 (15-oz.) can corn, drained and rinsed; 2 1/2 c. low-sodium chicken broth; 1 tsp. chili powder; 1 tsp. cumin; 1 tsp. garlic powder; 1/3 c. shredded cheddar, plus more for serving; 1/4 c. heavy cream; Kosher salt (optional); Sour cream, chopped fresh cilantro, lime wedges, and crushed tortilla chips, for serving","In a slow cooker, combine onion, chicken, tomatoes, enchilada sauce, beans, corn, broth, chili powder, cumin, and garlic powder. Cook on High for 3 hours, until chicken is tender and an instant-read thermometer inserted into thickest part registers 165°.
Transfer chicken to a cutting board or plate and shred with 2 forks. Return to slow cooker and stir in cheese and cream. Cook on Low until cheese is melted, about 5 minutes; season with salt, if needed.
Divide soup among bowls. Top with sour cream, cilantro, a squeeze of lime, crushed chips, and more cheddar, as desired.",443 Calories,47 g,28 g,12 g,11 g,"American,Mexican,Tex Mex","tailgate,weeknight meals,winter,dinner","content-type: Expanded Recipe, locale: US, displayType: recipe, shortTitle: Crock-Pot Chicken Enchilada Soup, contentId: 6fd88d1d-cd56-4783-9bd7-c60fed7c60ea, subsection: Recipes, collection: Most Popular, collection: Winter Recipes, collection: Slow-Cooker Recipes, Crock-Pot Chicken Enchilada Soup, crock pot recipes, easy soup recipes, mexican, enchiladas, easy dinner recipes, OCCASION: tailgate, OCCASION: weeknight meals, OCCASION: winter, CATEGORY: dinner, TOTALTIME: 03:30:00, FILTERTIME: >1HR",4.64,28
https://www.delish.com/cooking/recipe-ideas/a30615986/slow-cooker-chicken-tinga-tacos-recipe/,Slow-Cooker Chicken Tinga Tacos,"Bright, fresh, and slightly spicy, these chicken tinga tacos are sensational in taco shells, over a bed of greens, or alongside rice.","https://hips.hearstapps.com/hmg-prod/images/chicken-tinga-5-1579643696.jpg?crop=0.670xw:1.00xh;0.162xw,0&resize=1200:*",5,,6 servings,,"1 ripe avocado; 3/4 -1 cup 2% Greek yogurt; 1 tsp. ground cumin; fresh, finely chopped cilantro, to taste; Juice from 1 lime; sea salt & pepper, to taste; 1 (14.5-oz) can roasted tomatoes; 4 chipotle peppers in adobo sauce; 1/2 cup diced white (or red) onion; 1 1/2 tbsp. coconut sugar; 1 tbsp. garlic, fresh; 2 tsp. smoked paprika; 2 tsp. ground cumin; 1 tsp. oregano; Juice of 1 lime; 2 lb. chicken breast tenders, raw; 12 white corn tortillas; Fresh cilantro; Diced white onion; Fresh lime juice","For the avocado cream:
Mash up the avocado with a fork – make it as smooth as possible, with no clumps.
Add the remaining ingredients and mix together to make smooth. Season to taste.
For the chicken:
In your multifunction cooker or slow cooker, add the ingredients for the sauce. Mix together.
Nestle the chicken breasts (or tenders) into the sauce.
Add the top of the cooker and cook. For pressure cooking, seal the steam hole, set temperature between HIGH and MEDIUM HIGH, and cook for 25 – 30 minutes. For slow cooking, cook on HIGH for 4 hours or on LOW for 6 – 8 hours.
At the end of the cooking cycle, remove the chicken breasts and add them to a bowl. Gently pull the chicken apart using forks to be shredded. Add the shredded chicken back to the sauce and thoroughly mix together. Pro-tip: before adding the chicken to the sauce, use an immersion blender to make the tinga sauce smooth; another option is to pour the liquid into a blender, pulse blend until smooth, then add it back to the cooker.
Cook on low for an additional 6 – 10 minutes, then enjoy! If you’re making tacos, toast the tortillas in a skillet without oil. If you want to make a burrito bowl instead, here are some options: your choice of rice (brown rice or cauliflower rice); sautéed bell peppers and onions; tomato, lettuce and avocado cream.",619 Calories,31 g,49 g,30 g,9 g,American,"nut-free,weeknight meals,main dish,poultry","content-type: Recipe, locale: US, displayType: recipe, shortTitle: Slow-Cooker Chicken Tinga Tacos, contentId: 4c6c3369-074c-473d-8f8c-8f3b7a807a9d, subsection: Recipes, collection: Chicken Recipes, American, main dish, nut-free, poultry, weeknight meals, NUTRITION: nut-free, OCCASION: weeknight meals, CATEGORY: main dish, CATEGORY: poultry, TOTALTIME: 00:35:00, FILTERTIME: <1HR",5.0,2
https://www.delish.com/cooking/recipe-ideas/a42861499/slow-cooker-creamy-chicken-and-potato-soup-recipe/,Slow-Cooker Creamy Chicken & Potato Soup,This easy slow-cooker creamy chicken & potato soup recipe is rich and creamy and warmly spiced by curry powder.,"https://hips.hearstapps.com/hmg-prod/images/slowcookercreamychickenpotatosoup-1676662656.jpeg?crop=0.670xw:1.00xh;0,0&resize=1200:*",20,,6 servings,,"1 1/2 lb. boneless, skinless chicken breasts; Kosher salt; Freshly ground black pepper; 1 lb. baby yellow potatoes, quartered; 1 (8-oz.) block cream cheese, softened; 1 medium yellow onion, chopped; 1 large carrot, chopped; 1 jalapeño, finely chopped; 4 cloves garlic, finely chopped; 1 small bunch thyme; 4 c. low-sodium chicken broth; 1 c. whole milk; 1 tbsp. chicken bouillon paste; 2 tsp. curry powder; 1 tsp. dried oregano; 1 bunch Tuscan kale, center ribs and stems removed, chopped (about 4 c.)","Season chicken all over with salt and pepper and place in a slow cooker. Add potatoes, cream cheese, onion, carrot, jalapeño, garlic, and thyme and stir to combine. Add broth, milk, bouillon, curry powder, and oregano; season with salt and pepper.
Cover and cook on low until chicken is tender and falling apart, 5 to 6 hours. Transfer chicken to a plate and shred with 2 forks. Return chicken to slow cooker and add kale. Stir until well combined.
Continue to cook on low until kale is wilted, about 10 minutes more; season with salt and pepper, if needed.",405 Calories,35 g,21 g,19 g,4 g,,"dinner,soup","content-type: Recipe, locale: US, displayType: recipe, shortTitle: Slow-Cooker Creamy Chicken & Potato Soup, contentId: 279aa6cf-0f42-408f-81f7-e7fe7b313dd3, subsection: Recipes, collection: Slow-Cooker Recipes, collection: Delish Member Exclusives, dinner, soup, CATEGORY: dinner, CATEGORY: soup, TOTALTIME: 06:00:00, FILTERTIME: >1HR",4.33,15
https://www.delish.com/cooking/recipe-ideas/a23119838/slow-cooker-chicken-drumsticks/,Crock-Pot Chicken Drumsticks,Looking for a quick and easy way to cook chicken drumsticks with your crockpot? This recipe for slow cooker soy and ginger chicken drumsticks is the perfect addition to any lunch or dinner.,"https://hips.hearstapps.com/hmg-prod/images/crock-pot-chicken-drumsticks-horizontal-1537306233.jpg?crop=0.668xw:1.00xh;0.167xw,0&resize=1200:*",20,,6 servings,,"1/2 c. low-sodium soy sauce; 1/2 c. low-sodium chicken broth; 1/4 c. sweet Thai chili sauce; 2 tbsp. Sriracha; 2 tbsp. brown sugar; Juice of 1 lime; 1"" fresh ginger, peeled and minced; 3 cloves garlic, crushed; 4 to 4 1/2 lb. chicken drumsticks; 2 green onions, thinly sliced; 1 tsp. toasted sesame seeds, for garnish","In a large bowl, whisk together soy sauce, chicken broth, chili sauce, Sriracha, brown sugar, and lime juice. Stir in ginger and garlic.
Place drumsticks in a large resealable back. Pour over marinade and seal. Marinate 30 minutes up to overnight.
Pour drumsticks and marinade into slow cooker and cook on high for 3 to 4 hours or low for 5 or 6.
When drumsticks are tender and cooked through, preheat broiler to high. Transfer drumsticks to a large foil-lined baking sheet and broil until golden and crisp, 3 to 5 minutes.
Garnish with green onions and sesame seeds and serve hot.",573 Calories,61 g,9 g,30 g,2 g,"American,Asian","dairy-free,easy chicken,feed a crowd,weeknight meals,dinner,poultry","content-type: Recipe, locale: US, displayType: recipe, shortTitle: Crock-Pot Chicken Drumsticks, contentId: f89151d4-10e8-4607-b429-64a913ad5498, subsection: Recipes, collection: Slow-Cooker Recipes, slow cooker chicken drumsticks, crock pot chicken drumsticks, slow cooker soy and ginger chicken, spicy soy chicken, slow cooker drumsticks, NUTRITION: dairy-free, OCCASION: easy chicken, OCCASION: feed a crowd, OCCASION: weeknight meals, CATEGORY: dinner, CATEGORY: poultry, TOTALTIME: 04:00:00, FILTERTIME: >1HR",4.0,10
https://www.delish.com/cooking/recipe-ideas/recipes/a55758/crock-pot-mexican-posole-recipe/,Slow-Cooker Chicken Pozole,This easy Posole from Delish.com is the perfect way to enjoy your favorite Mexican dish.,https://hips.hearstapps.com/del.h-cdn.co/assets/17/39/1600x1600/square-1506455863-delish-posole.jpg?resize=1200:*,10,,4 servings,,"4 c. low-sodium chicken broth; 3 boneless skinless chicken breasts; 2 poblano peppers, chopped; 1 white onion, chopped; 2 cloves garlic, minced; 1 tbsp. cumin; 1 tbsp. oregano; 2 tsp. chili powder; 2 tsp. kosher salt; Freshly ground black pepper; 2 (15-oz) cans hominy, drained and rinsed; Thinly sliced radishes, for garnish; Sliced green cabbage, for garnish; Fresh cilantro, for garnish","Place all ingredients except hominy and garnishes into the slow cooker. Cook on low for 6 to 8 hours, until the chicken is tender and cooked through.
Take chicken out of slow cooker and shred with two forks. Return to the slow cooker along with the hominy and cook for another 30 minutes.
Serve soup into bowls and garnish with radish, cabbage and cilantro.",1914 Calories,223 g,138 g,38 g,32 g,Mexican,"low-carb,autumn,weeknight meals,winter,dinner","content-type: Recipe, locale: US, displayType: recipe, shortTitle: Slow-Cooker Chicken Pozole, contentId: 6d6d77b4-be1a-4d3c-8659-5b3f9fb560fb, subsection: Recipes, collection: Slow-Cooker Recipes, posole, weeknight dinners, slow cooker recipes, mexican dishes, mexican soups, easy dinner recipes, hominy, NUTRITION: low-carb, OCCASION: autumn, OCCASION: weeknight meals, OCCASION: winter, CATEGORY: dinner, TOTALTIME: 06:40:00, FILTERTIME: >1HR",4.33,9
https://www.delish.com/cooking/recipe-ideas/a23725673/best-crock-pot-buffalo-chicken-dip-recipe/,Crock-Pot Buffalo Chicken Dip,"This classic Crock-Pot Buffalo chicken dip is hands-off, delicious, and ready to feed your whole game day crew.","https://hips.hearstapps.com/hmg-prod/images/crockpot-buffalo-chicken-dip-1673025385.jpg?crop=0.668xw:1.00xh;0.00641xw,0&resize=1200:*",10,,10 servings,,"1 rotisserie chicken, shredded; 3 (8-oz.) blocks cream cheese; 2 c. shredded cheddar; 3/4 c. Buffalo sauce; 1/2 c. ranch dressing; 1/2 c. crumbled blue cheese; Freshly chopped chives, for garnish; Sliced baguette; Celery sticks; Carrots","In a large slow cooker, combine chicken, cream cheese, cheddar, Buffalo sauce, and ranch.
Cook on low for 3 hours or until everything is melted together and warmed through.
When ready to serve, top with blue cheese and chives and serve with dippers.",,,,,,"American,Comfort Food","Super Bowl,tailgate,appetizers,snack","content-type: Expanded Recipe, locale: US, displayType: recipe, shortTitle: Crock-Pot Buffalo Chicken Dip, contentId: 2e5faeb7-f8a9-4cb0-a568-4040651a2370, subsection: Recipes, collection: Slow-Cooker Recipes, collection: Latest Recipes, collection: Appetizers, collection: Game Day Recipes, best buffalo chicken dip recipe, buffalo chicken dip, buffalo chicken, buffalo chicken and blue cheese, easy dip recipe, slow cooker dips, super bowl dips, super bowl appetizers, crock pot dips, OCCASION: Super Bowl, OCCASION: tailgate, CATEGORY: appetizers, CATEGORY: snack, TOTALTIME: 03:10:00, FILTERTIME: >1HR",5.0,6
https://www.delish.com/cooking/recipe-ideas/a29480090/best-slow-cooker-pot-roast-recipe/,Slow-Cooker Pot Roast,This slow-cooker pot roast is insanely easy and impossibly flavorful. Here's how to make this perfect recipe for a cold winter night or when feeding a crowd.,"https://hips.hearstapps.com/hmg-prod/images/slow-cooker-pot-roast-index-68f00d0d06399.jpeg?crop=0.565xw:1.00xh;0.218xw,0&resize=1200:*",15,,6 servings,,"1 (3.5 lb.) beef chuck roast; 4 1/2 tsp. Kosher salt, divided; Freshly ground black pepper; 1 tbsp. neutral oil; 3/4 c. low-sodium beef broth; 2 tbsp. tomato paste; 2 tbsp. Worcestershire sauce; 1 tbsp. cornstarch; 1 lb. small potatoes, scrubbed and halved; 3 carrots, peeled and cut crosswise into 2"" pieces; 1 medium yellow onion, cut into 1/2"" wedges; 4 garlic cloves; 1 rosemary sprig","Season beef all over with 3 ½ tsp. salt and a few grinds of pepper. In a large, heavy skillet over medium-high heat, heat oil. Cook beef, undisturbed, until bottom is browned, about 3 minutes. Turn and continue to cook, undisturbed, until other side is browned, about 3 minutes more. Transfer to a plate.
In a slow cooker, whisk broth, tomato paste, Worcestershire, and cornstarch. Add potatoes, carrots, onion, garlic, and rosemary; season with remaining 1 tsp. salt and a few grinds of pepper.
Nestle beef into vegetables. Cover and cook until beef is fork-tender, about 5 hours on High or 8 hours on Low. Transfer roast to a platter and thinly slice against the grain. Transfer vegetables to a platter. Arrange beef on top. Skim fat from extra juices in slow cooker and drizzle over. Serve warm.",455 Calories,56 g,20 g,16 g,3 g,American,"gluten-free,Sunday lunch,dinner,main dish,meat","content-type: Recipe, locale: US, displayType: recipe, shortTitle: Slow-Cooker Pot Roast, contentId: 747b99fa-4f4f-4f82-8e74-a01f0df2b6a5, subsection: Recipes, collection: Slow-Cooker Recipes, collection: Latest Recipes, collection: Fall Recipes, collection: Dinners, American, Sunday lunch, dinner, gluten-free, main dish, meat, NUTRITION: gluten-free, OCCASION: Sunday lunch, CATEGORY: dinner, CATEGORY: main dish, CATEGORY: meat, TOTALTIME: 05:30:00, FILTERTIME: >1HR",3.89,9
https://www.delish.com/cooking/recipe-ideas/a55419/best-slow-cooker-chicken-alfredo-recipe/,Slow-Cooker Chicken Alfredo,Let your slow cooker do all of the work—from the pasta to the sauce to the chicken—with this easy slow-cooker chicken Alfredo recipe.,"https://hips.hearstapps.com/hmg-prod/images/slow-cooker-chicken-alfredo-socialindex-web-049-lp-hi-res-del109925-6914dc785461f.jpg?crop=0.502xw:1.00xh;0.412xw,0&resize=1200:*",10,,4 servings,,"1 lb. boneless, skinless chicken breasts; 3 1/2 c. low-sodium chicken broth; 2 c. heavy cream; 3 tsp. kosher salt, plus more; 1 tsp. garlic powder; 1 tsp. Italian seasoning; 1/2 tsp. crushed red pepper flakes; 1/2 tsp. freshly ground black pepper, plus more; 1/2 tsp. onion powder; 1 lb. fettuccine; 4 tbsp. unsalted butter; 2 oz. Parmesan, finely grated (about 1 cup), plus more for serving; Finely chopped fresh parsley, for serving","In a large (6- to 9-qt.) slow cooker, cover chicken with cream and broth. Add salt, garlic powder, Italian seasoning, red pepper flakes, black pepper, and onion powder and stir to combine.
Cover and cook on High until chicken is cooked through and an instant-read thermometer inserted into the center registers 165°, about 2 hours. Transfer chicken to a plate and shred with 2 forks. Set aside.
Add fettuccine (if it doesn’t fit, break in half) and butter to slow cooker and continue to cook on high until fettuccine is al dente, 20 to 40 minutes, depending on your slow cooker’s heat level.
Return chicken to slow cooker along with Parmesan and toss to combine. Cook, uncovered, until sauce clings to pasta, 5 to 8 minutes more. If sauce is too thick, add more broth; season with salt and pepper, if needed.
Top with parsley and more Parmesan before serving.",1248 Calories,62 g,89 g,70 g,4 g,American,"easy chicken,weeknight meals,dinner","content-type: Expanded Recipe, locale: US, displayType: recipe, shortTitle: Slow-Cooker Chicken Alfredo, contentId: f9bac06b-79b0-42b3-8d45-7a7701c0ec1d, subsection: Recipes, collection: Dinners, collection: Latest Recipes, collection: Most Popular, collection: Slow-Cooker Recipes, collection: Chicken Recipes, slow-cooker chicken alfredo, Italian recipes, easy dinner recipes, slow cooker recipes, pasta dishes, chicken alfredo recipes, crock pot recipes, slow cooker alfredo, slow cooker pasta, crockpot pasta, crockpot alfredo, OCCASION: easy chicken, OCCASION: weeknight meals, CATEGORY: dinner, TOTALTIME: 02:45:00, FILTERTIME: >1HR",4.24,83
https://www.delish.com/cooking/recipe-ideas/a46066/slow-cooker-garlic-parmesan-chicken-recipe/,Slow-Cooker Garlic-Parmesan Chicken,"Want an easy slow-cooker chicken recipe? This slow-cooker garlic-Parmesan chicken (paired with herby, buttery potatoes) is a winner.","https://hips.hearstapps.com/hmg-prod/images/slow-cooker-garlic-parmesan-chicken-socialindex-web-0927-jg-del109925-69050bd978a5f.jpg?crop=0.502xw:1.00xh;0,0&resize=1200:*",10,,4 servings,,"2 lb. bone-in, skin-on chicken thighs; 1 tsp. garlic powder; Kosher salt; Freshly ground black pepper; 1 1/2 lb. baby red potatoes, quartered; 6 garlic cloves, finely chopped; 1 oz. Parmesan, finely shredded (about 1/2 cup), plus more for serving; 2 tbsp. unsalted butter, melted; 10 thyme sprigs, divided; 1/2 c. heavy cream; 2 tbsp. finely chopped fresh parsley","Season chicken thighs all over and under skin with garlic powder, 2 tsp. salt, and 1 tsp. pepper. Let sit, uncovered, on a wire rack in the refrigerator, at least 2 hours and up to overnight.
Meanwhile, in a slow cooker, toss potatoes, garlic, Parmesan, butter, and half of thyme; generously season with salt and pepper. Cook on High for 2 hours or on Low for 4 hours.
In a large skillet over medium heat, arrange chicken skin side down. Cook, undisturbed, until fat has rendered and skin is golden brown, 12 to 14 minutes.
Transfer chicken to slow cooker skin side up; discard fat. Pour cream into skillet to deglaze and cook over medium-low heat, scraping browned bits from bottom of skillet, until reduced by half, about 3 minutes.
Pour cream from skillet into slow cooker. Top with remaining thyme. Cook on High for 2 hours or Low for 4 hours, until potatoes are tender and an instant-read thermometer inserted into thickest part of chicken registers 165°.
Top with more Parmesan and parsley.",866 Calories,49 g,29 g,59 g,5 g,American,"gluten-free,low sugar,nut-free,easy chicken,weeknight meals,winter,dinner,poultry","content-type: Recipe, locale: US, displayType: recipe, shortTitle: Slow-Cooker Garlic-Parmesan Chicken, contentId: da719ab6-dd38-430e-86b3-502f04a7bd2e, subsection: Recipes, collection: Editors' Favorites, collection: Latest Recipes, collection: Winter Recipes, collection: Most Popular, collection: Delish 100 Best: Dinners, collection: Delish Member Exclusives, collection: Slow-Cooker Recipes, slow cooker chicken, garlic chicken, slow cooker garlic parmesan chicken, slow cooker chicken thighs, NUTRITION: gluten-free, NUTRITION: low sugar, NUTRITION: nut-free, OCCASION: easy chicken, OCCASION: weeknight meals, OCCASION: winter, CATEGORY: dinner, CATEGORY: poultry, TOTALTIME: 04:30:00, FILTERTIME: >1HR",3.72,60
https://www.delish.com/cooking/recipe-ideas/a54982/easy-slow-cooker-chicken-thighs-recipe/,Slow-Cooker Chicken Thighs,These sticky slow-cooker chicken thighs will be your weeknight dinner lifesaver. The sauce is filled with garlic and ginger and is perfect to spoon over rice.,"https://hips.hearstapps.com/hmg-prod/images/slow-cooker-chicken-thighs-index-67c243a8bfed7.jpg?crop=0.563xw:1.00xh;0.127xw,0&resize=1200:*",15,,3 servings,,"1 tbsp. extra-virgin olive oil; 6 bone-in or boneless chicken thighs; Kosher salt; Freshly ground black pepper; 3 cloves garlic, finely chopped; 1/2 c. ketchup; 1/2 c. reduced-sodium soy sauce; 1/4 c. honey; Juice of 1 lime; 2 tbsp. Sriracha; 2 tsp. finely grated peeled ginger; Cooked white rice, for serving","In a large skillet over medium-high heat, heat oil. Season chicken thighs with salt and pepper and cook, turning halfway through, until golden brown, about 3 minutes per side. Transfer to a slow cooker.
In a small bowl, whisk garlic, ketchup, soy sauce, honey, lime juice, sriracha, and ginger. Pour sauce over chicken and toss until coated.
Cover and cook on Low for 5 to 6 hours or on High for 2 hours, until an instant-read thermometer inserted into thickest part of chicken registers 165°.
Divide rice among plates. Top with chicken, then spoon sauce over.",1126 Calories,70 g,55 g,69 g,2 g,American,"dairy-free,nut-free,easy chicken,weeknight meals,dinner,poultry","content-type: Expanded Recipe, locale: US, displayType: recipe, shortTitle: Slow-Cooker Chicken Thighs, contentId: 2fa17b70-b6d3-4864-9239-fa773d450ab3, subsection: Recipes, collection: Chicken Recipes, collection: Most Popular, collection: Slow-Cooker Recipes, Slow Cooker Chicken Thighs, best Slow Cooker Chicken Thighs, easy Slow Cooker Chicken Thighs, how to make Slow Cooker Chicken Thighs, homemade Slow Cooker Chicken Thighs, Slow Cooker Chicken Thighs recipe, NUTRITION: dairy-free, NUTRITION: nut-free, OCCASION: easy chicken, OCCASION: weeknight meals, CATEGORY: dinner, CATEGORY: poultry, TOTALTIME: 06:15:00, FILTERTIME: >1HR",4.46,48
https://www.delish.com/cooking/recipe-ideas/a23106011/slow-cooker-chicken-cacciatore-recipe/,Slow-Cooker Chicken Cacciatore,Tender chicken and aromatic veggies make this slow-cooker chicken cacciatore the most flavorful weeknight dinner.,"https://hips.hearstapps.com/hmg-prod/images/slow-cooker-chicken-cacciatore-horizontal-1536771733.png?crop=0.668xw:1.00xh;0.167xw,0&resize=1200:*",10,,6 servings,,"2 lb. skin-on, bone-in chicken thighs; Kosher salt; Freshly ground black pepper; 2 bell peppers, chopped; 8 oz. baby Bella mushrooms, sliced; 2 cloves garlic, minced; 1 (28-oz.) can crushed tomatoes; 1/2 c. Swanson Chicken Broth; 1 tsp. dried oregano; 1/4 tsp. red pepper flakes; 1/3 c. capers; 8 oz. cooked linguine, for serving","Season chicken on both sides with salt and pepper and place in slow cooker. Add peppers, mushrooms, garlic, tomatoes, and broth, then season with oregano, red pepper flakes, salt, and pepper. Cover and cook on low for 6 to 8 hours or on high for 3 to 4 hours, until chicken is cooked through.
Remove chicken from slow-cooker and stir capers into sauce. Serve chicken over cooked pasta with sauce.",471 Calories,32 g,23 g,26 g,5 g,,"low-carb,easy chicken,weeknight meals,dinner","content-type: Expanded Recipe, locale: US, displayType: recipe, shortTitle: Slow-Cooker Chicken Cacciatore, contentId: e13bd587-4229-428e-923a-21d509df0ed5, subsection: Recipes, collection: Chicken Recipes, collection: Most Popular, collection: Slow-Cooker Recipes, dinner, easy chicken, low-carb, weeknight meals, Slow-Cooker Chicken Cacciatore, easy chicken cacciatore recipe, easy slow cooker recipe, easy crock pot recipes, slow-cooker chicken recipe, NUTRITION: low-carb, OCCASION: easy chicken, OCCASION: weeknight meals, CATEGORY: dinner, TOTALTIME: 06:10:00, FILTERTIME: >1HR",4.07,30
https://www.delish.com/cooking/recipe-ideas/a51806/slow-cooker-beef-broccoli-recipe/,Slow-Cooker Beef & Broccoli,"This slow-cooker beef & broccoli recipe takes a classic Chinese-American dish and does all the work for you, resulting in a rich and comforting meal.","https://hips.hearstapps.com/hmg-prod/images/slow-cooker-beef-and-broccoli-index-678594127fc33.jpg?crop=0.563xw:1.00xh;0.240xw,0&resize=1200:*",10,,4 servings,,"1 1/2 lb. sirloin steak, thinly sliced; 1 c. low-sodium beef broth; 1/2 c. low-sodium soy sauce; 1/2 c. brown sugar; 3 tbsp. sesame oil; 1 tbsp. sriracha; 3 cloves garlic, minced; 3 green onions, thinly sliced, plus more for garnish; 2 tbsp. cornstarch; 2 c. 1""-long broccoli florets; Sesame seeds, for garnish; Cooked jasmine rice, for serving","In a large slow cooker, add steak. Add beef broth, soy sauce, brown sugar, sesame oil, Sriracha, garlic, and green onions.
Cover and cook on low until beef is tender and cooked through, 3 1/2 to 4 hours.
When the steak is tender, spoon a few tablespoons of the slow-cooker broth into a bowl and whisk with cornstarch. Pour into slow cooker and toss with the beef until combined. Add broccoli and cook, covered, 20 minutes more.
Garnish with sesame seeds and green onions and serve over rice.",664 Calories,41 g,38 g,37 g,3 g,"American,Chinese","weeknight meals,comfort food,dinner","content-type: Expanded Recipe, locale: US, displayType: recipe, shortTitle: Slow-Cooker Beef & Broccoli, contentId: 3de43f3c-4d79-4a22-91e9-2fae0c397323, subsection: Recipes, collection: Slow-Cooker Recipes, collection: Winter Recipes, Slow Cooker Beef & Broccoli, slow cooker dinner, easy dinner, healthy dinner, slow cooker recipe, meal prep, weeknight dinner, weekend dinner, overnight recipe, slow cooker beef recipes, beef and broccoli recipes, asian recipes, asian slow cooker recipes, OCCASION: weeknight meals, CATEGORY: comfort food, CATEGORY: dinner, TOTALTIME: 04:30:00, FILTERTIME: >1HR",4.49,100
https://www.delish.com/cooking/recipe-ideas/a56362/best-crock-pot-roast-beef-recipe/,Crock-Pot Roast Beef,This easy slow cooker roast beef recipe with potatoes and French onion soup mix makes for an easy and impressive dinner.,"https://hips.hearstapps.com/hmg-prod/images/delish-hosted-slow-cooker-french-onion-beef-still002-1637252105.jpg?crop=0.564xw:1.00xh;0.220xw,0&resize=1200:*",10,,4 servings,,"1 tbsp. neutral oil, such as canola or vegetable; 2 lb. boneless chuck roast, cut into medium-sized cubes; 1 (12-oz.) can IPA beer; 3 c. low-sodium beef stock or broth; 1 tbsp. beef bouillon base, such as Better Than Bouillon; 1 medium carrot, cut into rounds; 1 medium yellow onion, chopped; 2 small Yukon Gold potatoes, cut into 1"" chunks; 2 sprigs fresh thyme; 1 packet onion soup mix; Kosher salt; Freshly ground black pepper","In a large skillet, heat oil over medium-high heat until it shimmers. Add half the beef and sear until browned on all sides. Transfer to a plate and repeat with the other half of the beef. Once all the beef is seared, add the beer and deglaze, scraping up all the browned bits with a wooden spoon. Cook for about 2 minutes, then remove skillet from heat.
Into the slow cooker, add a small amount of beef stock (about ¼ cup), then add the bouillon and stir until dissolved. Add the seared beef and all the dripping from the plate, along with the carrots, onions, potatoes, deglazed beer from the skillet, the remaining beef stock, thyme, and onion soup mix. Give it a gentle stir to make sure everything is mixed.
Set the slow cooker to low and let cook until beef and veggies are tender, about 8 to 9 hours.
Discard the thyme sprigs and season with salt and pepper to taste.",2668 Calories,202 g,112 g,142 g,16 g,American,"dairy-free,gluten-free,Christmas,Sunday lunch,weeknight meals,dinner,main dish","content-type: Recipe, locale: US, displayType: recipe, shortTitle: Crock-Pot Roast Beef, contentId: 70d9e6b2-4598-4181-adac-dc0033a60c93, subsection: Recipes, collection: Slow-Cooker Recipes, crockpot roast beef, slow cooker beef roast, slow cooker roast beef, easy slow cooker roast beef recipe, roast beef slow cooker recipe, slow roast beef, beef roast crock pot recipe, easy slow cooker roast beef, NUTRITION: dairy-free, NUTRITION: gluten-free, OCCASION: Christmas, OCCASION: Sunday lunch, OCCASION: weeknight meals, CATEGORY: dinner, CATEGORY: main dish, TOTALTIME: 09:10:00, FILTERTIME: >1HR",4.14,7
https://www.delish.com/cooking/recipe-ideas/a19660462/easy-crockpot-spaghetti-recipe/,Crock-Pot Spaghetti,"No time to cook? This Crock-Pot Spaghetti is a set & forget deal: all your classic flavors and ingredients, slow-cooked meatballs in sauce, and pasta of course!","https://hips.hearstapps.com/hmg-prod/images/crock-pot-spaghetti-horizontal-jpg-1522721232.jpg?crop=0.668xw:1.00xh;0.131xw,0&resize=1200:*",5,,6 servings,,"1 lb. ground beef; 1/4 c. bread crumbs; 1/4 c. freshly grated Parmesan; 1/4 c. freshly chopped parsley; 1 large egg, beaten; 2 cloves garlic, minced; 1 tsp. kosher salt; 1/2 tsp. crushed red pepper flakes; 2 (28-oz.) cans crushed tomatoes; 2 tbsp. tomato paste; 1/2 yellow onion, finely chopped; 2 tsp. dried oregano; 1 clove garlic, minced; Kosher salt; Freshly ground black pepper; Red pepper flakes; 1 1/2 c. low-sodium chicken broth; 3/4 lb. spaghetti; Grated Parmesan, for garnish; Freshly chopped parsley, for garnish","Make meatballs: In a large bowl, mix together ground beef, bread crumbs, Parmesan, parsley, egg, salt, and crushed red pepper flakes. Form into 16 meatballs and place in the bottom of a Crock Pot.
In another large bowl, mix together crushed tomatoes, tomato paste, onion, oregano, and garlic. Season with salt, pepper and a pinch of red pepper flakes. Pour sauce over meatballs. Cover Crock Pot with lid and cook on high for 3 hours or on low for 5 hours.
Add broth spaghetti to Crock Pot, breaking noodles in half to fit and stirring to coat noodles. Replace lid and continue cooking on low for 1 1/2 hour more hours, stirring about every 30 minutes and breaking up any clumps of noodles and adding more broth as needed.
Garnish with Parmesan and parsley before serving.",569 Calories,31 g,62 g,20 g,8 g,"American,Italian","low sugar,nut-free,weeknight meals,winter,dinner,main dish,meat","content-type: Recipe, locale: US, displayType: recipe, shortTitle: Crock-Pot Spaghetti, contentId: 6399de5d-feab-4885-a809-129939602c54, subsection: Recipes, collection: Dinners, hasProduct: true, dinner, crock-pot spaghetti, marinara, meatballs, easy dinner recipe, crock-pot recipes, slow cooker recipes, spaghetti, NUTRITION: low sugar, NUTRITION: nut-free, OCCASION: weeknight meals, OCCASION: winter, CATEGORY: dinner, CATEGORY: main dish, CATEGORY: meat, TOTALTIME: 06:05:00, FILTERTIME: >1HR",3.59,32
https://www.delish.com/cooking/recipe-ideas/a21581186/slow-cooker-beef-chili-recipe/,Slow-Cooker Beef Chili,"Chili is already one of our favorite make-ahead, big-batch dinners, but it becomes a true hero of any meal plan when made in a slow cooker.","https://hips.hearstapps.com/hmg-prod/images/slow-cooker-beef-chili-index-66f6bf7807ed3.jpg?crop=0.391xw:0.782xh;0.322xw,0&resize=1200:*",15,,8 servings,,"1 tbsp. vegetable or canola oil; 1 large yellow onion, chopped (about 1 1/2 c.); Kosher salt; 4 cloves garlic, finely chopped; 2 tbsp. tomato paste; 2 lb. (85% lean) ground beef; Freshly ground black pepper; 2 tbsp. chili powder; 1 tbsp. ground cumin; 2 tsp. smoked paprika; 1 tsp. dried oregano; Pinch of cayenne pepper or chipotle chili powder (optional); 2 (15-oz.) cans kidney beans, drained, rinsed; 1 (28-oz.) can crushed tomatoes; 1 c. beer, low-sodium beef broth, or water; 1 lime, halved; Fritos, shredded cheddar, thinly sliced scallions, and sour cream, for serving (optional)","In a large skillet over medium-high heat, heat oil. Add onion, season with salt, and cook, stirring occasionally, until slightly softened and translucent, 7 to 9 minutes. Add garlic and cook, stirring, until fragrant, about 1 minute more. Add tomato paste and cook, stirring, until brick-red, 1 to 2 minutes. Transfer onion mixture to a large slow cooker.
In same skillet over medium heat, break up beef; season with salt and black pepper. Cook, undisturbed, until mostly browned, about 5 minutes. (It doesn’t need to be fully cooked through.) Add chili powder, cumin, paprika, oregano, and cayenne (if using) and cook, stirring, until fragrant, about 1 minute. Using a slotted spoon, transfer beef mixture to slow cooker. Discard any excess fat.
Add beans, tomatoes, and beer to slow cooker; season with salt and black pepper.
Cover and cook on low, uncovering during the last 20 minutes if needed, until chili has slightly thickened, 4 to 6 hours.
Squeeze lime halves over chili; season with salt and pepper. Top with Fritos, cheddar, scallions, and sour cream (if using).",473 Calories,28 g,23 g,26 g,9 g,American,"weeknight meals,winter,dinner,main dish,soup","content-type: Expanded Recipe, locale: US, displayType: recipe, shortTitle: Slow-Cooker Beef Chili, contentId: 27c3ec34-7214-4184-a8fe-48001d9b4d00, subsection: Recipes, collection: Dinners, dinner, soup, Slow-Cooker Chili, slow cooker dinner, crock-pot chili, ground beef recipe, easy dinner ideas, OCCASION: weeknight meals, OCCASION: winter, CATEGORY: dinner, CATEGORY: main dish, CATEGORY: soup, TOTALTIME: 06:30:00, FILTERTIME: >1HR",3.79,14
https://www.delish.com/cooking/recipe-ideas/recipes/a45845/slow-cooker-beef-tacos-recipe/,Slow-Cooker Beef Tacos,Looking for slow-cooker beef recipes? These Slow-Cooker Beef Tacos from Delish.com are the best.,https://hips.hearstapps.com/del.h-cdn.co/assets/17/50/1600x1600/square-1513027614-1454351811-delish-slow-cooker-beef-tacos.jpg?resize=1200:*,20,,8 servings,,"1 small beef chuck roast (about 3 to 4 lbs.); 1 large onion, diced; 4 cloves garlic, chopped; Juice of 3 limes; 1 tbsp. chili powder; 1 tbsp. ground cumin; 1 tbsp. dried oregano; 4 c. low-sodium chicken broth; 20 small corn tortillas; Sour cream, green onions, red onion, and lime wedges for serving","In a 5-quart slow-cooker, combine chuck roast, onion, garlic, lime juice, chili powder, cumin, and oregano, then pour over chicken broth. Cover and let cook on low, 8 hours.
When ready to shred, add roast and onion to a large bowl and shred with two forks. Pour over enough juice so it's nicely marinated.
Char tortillas over the flame of a gas burner, then top with beef and serve with sour cream, green onions, chopped red onion, and limes.",3406 Calories,370 g,232 g,105 g,43 g,Mexican,"gluten-free,Super Bowl,dinner","content-type: Recipe, locale: US, displayType: recipe, shortTitle: Slow-Cooker Beef Tacos, contentId: d17d2a53-9972-4b0f-821a-bb89895f94ad, subsection: Recipes, collection: Dinners, slow cooker beef, slow cooker roast, slow cooker tacos, slow cooker chuck roast, chuck roast recipes, NUTRITION: gluten-free, OCCASION: Super Bowl, CATEGORY: dinner, TOTALTIME: 08:20:00, FILTERTIME: >1HR",2.8,5
https://www.delish.com/cooking/recipe-ideas/a29492060/slow-cooker-short-ribs-recipe/,Slow-Cooker Short Ribs,Use your slow cooker for fall-off-the-bone tender short ribs that rival any restaurant.,"https://hips.hearstapps.com/hmg-prod/images/delish-191016-slow-cooker-short-ribs-0065-landscape-pf-1572371534.jpg?crop=0.668xw:1.00xh;0.167xw,0&resize=1200:*",25,,5 servings,,"2 tbsp. vegetable oil; 5 lb. bone-in beef short ribs, cut crosswise into 2-inch pieces; Kosher salt; Freshly ground black pepper; 1/2 c. low-sodium soy sauce; 1/2 c. water; 1/4 c. packed light brown sugar; 1/4 c. rice vinegar; 2 tsp. sesame oil; 1 tsp. crush red pepper flakes (optional ); 3 Carrots, medium, peeled and chopped into thirds; 1 yellow onion, large, sliced into 1/2 inch wedges; 5 cloves garlic, crushed; 1 1/2 inch piece ginger, thinly sliced; Toasted sesame seeds, for serving; 2 green onions, thinly sliced, for serving; Cooked short grain white rice, for serving","Season short ribs with salt and pepper. Heat oil in a large Dutch oven over medium-high heat. Working in 2 batches, brown short ribs on all sides, about 8 minutes per batch. Transfer short ribs to slow cooker and pour off all but 3 tablespoons drippings from pot.
Meanwhile, whisk soy sauce, water, brown sugar, rice vinegar, sesame oil, and red pepper flakes.
Add carrots and onions to pan, and cook, mixing occasionally until browned. Add garlic and ginger and brown until fragrant, 1 minute more. Remove from heat and deglaze with reserved soy sauce mixture, scraping up any brown bits from the bottom. Pour this mixture into the slow cooker.
Cover slow cooker and cook on low for 9 to 10 hours, or on high for 4 to 5 hours, or until the meat is very tender and falling off the bone.
Garnish short ribs with toasted sesame seeds and green onions. Spoon sauce over rice and serve.",1936 Calories,69 g,20 g,173 g,3 g,,"dinner party,winter,dinner,main dish,meat","content-type: Recipe, locale: US, displayType: recipe, shortTitle: Slow-Cooker Short Ribs, contentId: 1885700c-b363-4002-b368-9aa3ecea4b12, subsection: Recipes, collection: Taste Good, Feel Good, dinner, dinner party, main dish, meat, winter, OCCASION: dinner party, OCCASION: winter, CATEGORY: dinner, CATEGORY: main dish, CATEGORY: meat, TOTALTIME: 09:25:00, FILTERTIME: >1HR",4.31,26
https://www.delish.com/cooking/recipe-ideas/a36806011/crock-pot-pepper-steak-recipe/,Crock-Pot Pepper Steak,"This is a slow cooker take on the Pepper Steak, the classic Chinese-American stir fry filled with bell pepper, onion, garlic, ginger, and soy.","https://hips.hearstapps.com/hmg-prod/images/crockpot-pepper-steak-index-657781bd5fc36.jpg?crop=0.502xw:1.00xh;0.250xw,0&resize=1200:*",10,,4 servings,,"1 1/2 lb. flank steak, cut into strips; Kosher salt; Freshly ground black pepper; 1 large red bell pepper, sliced; 1 large green bell pepper, sliced; 1 medium white onion, sliced; 1 (2"") piece ginger, peeled, quartered; 2 garlic cloves, peeled, smashed; 1 c. low-sodium beef stock; 1/3 c. low-sodium soy sauce; 1/4 c. brown sugar; 3 tbsp. rice wine vinegar; 3 tbsp. sesame oil; 2 tbsp. cornstarch (optional); Cooked rice, for serving; Sliced scallion, for garnish; White sesame seeds, for granish","Season flank steak thoroughly with salt and black pepper. In a large Crock-Pot, combine steak, bell pepper, onions, ginger, and garlic. In a mixing bowl or measuring cup combine beef broth, soy sauce, brown sugar, rice wine vinegar and sesame oil. Season to taste with salt and pepper before adding into the Crock Pot.
Cover and cook on high for 3 1/2 hours to 4 hours or on low for 5 to 6 hours, until the steak is totally tender. Remove the garlic and ginger.
Optional step: If you desire the sauce to be a bit thicker, in a small bowl combine cornstarch and 1/4 cup of the cooking liquid to create a slurry. Stir the slurry into the Crock Pot, cover and cook on high until thickened, an additional 10 to 15 minutes.
Serve over rice and garnish with scallion and white sesame seeds.",586 Calories,44 g,37 g,27 g,5 g,Asian,"weeknight meals,dinner,main dish","content-type: Recipe, locale: US, displayType: recipe, shortTitle: Crock-Pot Pepper Steak, contentId: d2be9f5a-a5e1-4f72-8d81-8c8bc6b0c78c, subsection: Recipes, collection: Delish Member Exclusives, collection: Budget Recipes, collection: Dinners, Asian, dinner, main dish, slow cooker, slow cooker pepper steak, OCCASION: weeknight meals, CATEGORY: dinner, CATEGORY: main dish, TOTALTIME: 04:00:00, FILTERTIME: >1HR",4.0,7
https://www.delish.com/cooking/recipe-ideas/a49563/slow-cooker-red-wine-beef-stew-recipe/,Slow-Cooker Red Wine Beef Stew,"Our slow-cooker beef stew with red wine and tomatoes is easy, classic, and comforting.","https://hips.hearstapps.com/hmg-prod/images/delish-190621-slow-cooker-beef-stew-0229-landscape-pf-1567629879.jpg?crop=0.596xw:0.894xh;0.191xw,0.0577xh&resize=1200:*",20,,8 servings,,"3 lb. beef chuck, cut into 2"" pieces; Kosher salt; Freshly ground black pepper; 2 tbsp. extra-virgin olive oil; 2 tbsp. butter; 1 2/3 c. dry red wine; 1 tbsp. tomato paste; 2 Yukon Gold potatoes, cut into 1"" cubes; 3 carrots, chopped into 1"" pieces; 3 celery stalks, chopped into 1"" pieces; 2 onions, chopped into quarters; 1 c. chopped sun-dried tomatoes; 4 cloves garlic, minced; 1 large rosemary sprig; 2 c. low-sodium beef broth; 1 (28-oz.) can crushed tomatoes; Freshly chopped parsley, for garnish","In a large mixing bowl, pat beef dry with a paper towel. Season generously with salt and pepper.
In a large skillet over medium-high heat, heat oil. Sear meat on all sides until golden brown with a crust, working in batches if necessary, about 10 minutes. Transfer meat to slow cooker.
Add butter and scrape pan with a wooden spoon to loosen all browned meat bits. Stir in red wine and tomato paste; simmer for 1 minute, then transfer to slow cooker.
Add potatoes, carrots, celery, onions, sun-dried tomatoes, garlic, rosemary, beef broth, and crushed tomatoes to slow cooker. Season with salt and cook on high until meat is tender, 4 to 5 hours.
Remove stalk of rosemary. Garnish with parsley before serving.",451 Calories,43 g,24 g,15 g,6 g,American,"dairy-free,gluten-free,low sugar,nut-free,dinner party,weeknight meals,winter,dinner,main dish,stews","content-type: Recipe, locale: US, displayType: recipe, shortTitle: Slow-Cooker Beef Stew, contentId: 74fbca6d-f1f9-4788-a6dc-43d5b1902796, subsection: Recipes, collection: Slow-Cooker Recipes, American, cook insta, dairy-free, dinner, dinner party, gluten-free, low sugar, main dish, nut-free, stews, weeknight dinners, weeknight meals, winter, NUTRITION: dairy-free, NUTRITION: gluten-free, NUTRITION: low sugar, NUTRITION: nut-free, OCCASION: dinner party, OCCASION: weeknight meals, OCCASION: winter, CATEGORY: dinner, CATEGORY: main dish, CATEGORY: stews, TOTALTIME: 04:40:00, FILTERTIME: >1HR",4.5,20
https://www.delish.com/cooking/recipe-ideas/a57965/slow-cooker-corned-beef-and-cabbage-recipe/,Slow-Cooker Corned Beef,"If you don't have the time or energy, then make this slow-cooker corned beef recipe for the easiest St. Patrick's Day main dish.","https://hips.hearstapps.com/hmg-prod/images/slow-cooker-corned-beef-index-67cb7112a2215.jpg?crop=0.566xw:1.00xh;0.234xw,0&resize=1200:*",30,,6 servings,,"1 medium yellow onion, cut into large wedges; 3 large carrots, peeled, cut into thirds; 2 celery ribs, cut into thirds; 1/2 lb. baby potatoes, halved; 1 (2- t0 3-lb.) corned beef brisket; Kosher salt; Freshly ground black pepper; 2 tbsp. store-bought pickling spice; 3 thyme sprigs; 2 bay leaves; 1/2 head of green cabbage, cut into large wedges","In a slow cooker, combine onion, carrots, celery, and potatoes. Place corned beef on top; generously season with salt and pepper. Sprinkle pickling spice over. Top meat with thyme and bay leaves. Fill slow cooker bowl with water until meat is covered.
Cook on Low for 7 to 8 hours or on High for 4 to 4 1/2 hours, until meat is tender. Add cabbage and cook on High for 45 minutes to 1 hour more until cabbage is tender and cooked through.
Transfer meat to a cutting board and slice. Arrange meat and vegetables on a platter.",580 Calories,35 g,10 g,42 g,3 g,American,"dairy-free,gluten-free,St. Patrick's Day,winter,dinner,main dish,meat","content-type: Expanded Recipe, locale: US, displayType: recipe, shortTitle: Slow-Cooker Corned Beef, contentId: e2008833-f5da-4a5e-b401-ace3cf1caec2, subsection: Recipes, collection: St. Patrick's Day Recipes, collection: Slow-Cooker Recipes, Slow Cooker Corned Beef and Cabbage, Slow Cooker Corned Beef and Cabbage recipe, crock pot corned beef and cabbage, crock pot corned beef and cabbage recipe, corned beef and cabbage slow cooker, corned beef and cabbage crock pot, NUTRITION: dairy-free, NUTRITION: gluten-free, OCCASION: St. Patrick's Day, OCCASION: winter, CATEGORY: dinner, CATEGORY: main dish, CATEGORY: meat, TOTALTIME: 09:00:00, FILTERTIME: >1HR",3.86,7
https://www.delish.com/cooking/recipe-ideas/a30498905/crock-pot-cube-steak-recipe/,Crock-Pot Cube Steak,"Savory, hearty Crock-Pot Cube Steak will be waiting for you in the evening with just 25 minutes of hands-on time—serve with a side of buttered egg noodles for a wholly satisfying dinner.","https://hips.hearstapps.com/hmg-prod/images/20200108-seo-crock-pot-cube-steak-delish-ehg-9226-jpg-1579900614.jpg?crop=0.669xw:1.00xh;0.292xw,0&resize=1200:*",15,,4 servings,,"2 lb. cube steak (about 4 pieces); 2 tsp. kosher salt; 1 1/2 tsp. freshly ground black pepper; 2 tsp. garlic powder; 2 large yellow onion, sliced into 1/4"" rings; 1 (2-oz.) packet onion soup mix; 1 c. low-sodium beef broth; 1/4 c. cold water; 2 tbsp. cornstarch; Buttered egg noodles, for serving","Season steaks with salt and pepper. Add to slow cooker along with garlic powder, onion, onion soup mix, and beef broth.
Set slow cooker to low for 8 hours.
1 hour before you’re ready to serve, mix cold water and cornstarch in a small bowl and stir into slow cooker. Cook on high until gravy has thickened, stirring periodically.
Serve over buttered egg noodles, and garnish with more pepper.",,,,,,American,"nut-free,weeknight meals,winter,dinner,main dish,meat","content-type: Recipe, locale: US, displayType: recipe, shortTitle: Crock-Pot Cube Steak, contentId: a92730da-c52d-48de-bc23-f920baf030e6, subsection: Recipes, collection: Dinners, American, dinner, main dish, meat, nut-free, weeknight meals, winter, NUTRITION: nut-free, OCCASION: weeknight meals, OCCASION: winter, CATEGORY: dinner, CATEGORY: main dish, CATEGORY: meat, TOTALTIME: 09:25:00, FILTERTIME: >1HR",4.15,13
https://www.delish.com/cooking/recipe-ideas/recipes/a45850/slow-cooker-korean-beef-recipe/,Slow-Cooker Korean Beef,"Toss a pot roast (we went for shoulder roast) in the slow cooker with flavorful ingredients and soy sauce, and you've got killer Korean beef for dinner.","https://hips.hearstapps.com/hmg-prod/images/slow-cooker-korean-beef-index-65d517a96641a.jpg?crop=0.502xw:1.00xh;0.327xw,0&resize=1200:*",10,,4 servings,,"1 (2”) piece ginger, peeled, finely chopped; 4 cloves garlic, finely chopped; 3/4 c. low-sodium beef broth; 1/2 c. packed light brown sugar; 1/3 c. reduced-sodium soy sauce; 1/4 c. gochujang; 2 tbsp. toasted sesame oil; 2 tbsp. unseasoned rice vinegar; 1 tbsp. cornstarch; 4 lb. beef shoulder, excess fat trimmed, cut into about 1 ½” pieces; Cooked white rice, chopped scallions, chopped fresh cilantro, and toasted sesame seeds, for serving","In a 6-quart slow-cooker, whisk ginger, garlic, broth, brown sugar, soy sauce, gochujang, oil, vinegar, and cornstarch. Add beef and mix to combine. Cover and cook on high until beef is super-tender, 5 to 6 hours. Turn off slow cooker, uncover, and let cool about 15 minutes.
Using a spoon, skim excess fat from surface of sauce, leaving only a thin layer of fat on top. Stir to combine sauce. Shred beef with 2 forks into bite-sized pieces and toss again to combine.
Spoon beef and sauce over rice. Top with scallions, cilantro, and sesame seeds.",939 Calories,99 g,48 g,36 g,2 g,Asian,"weeknight meals,dinner","content-type: Recipe, locale: US, displayType: recipe, shortTitle: Slow-Cooker Korean Beef, contentId: 41ff5f42-fcab-474e-8fc0-b5b4dc289d16, subsection: Recipes, collection: Slow-Cooker Recipes, collection: Dinners, korean beef recipe, korean beef, slow cooker beef recipes, slow cooker korean beef, slow cooker asian beef, OCCASION: weeknight meals, CATEGORY: dinner, TOTALTIME: 06:00:00, FILTERTIME: >1HR",4.6,10
https://www.delish.com/cooking/recipe-ideas/a51806/slow-cooker-beef-broccoli-recipe/,Slow-Cooker Beef & Broccoli,"This slow-cooker beef & broccoli recipe takes a classic Chinese-American dish and does all the work for you, resulting in a rich and comforting meal.","https://hips.hearstapps.com/hmg-prod/images/slow-cooker-beef-and-broccoli-index-678594127fc33.jpg?crop=0.563xw:1.00xh;0.240xw,0&resize=1200:*",10,,4 servings,,"1 1/2 lb. sirloin steak, thinly sliced; 1 c. low-sodium beef broth; 1/2 c. low-sodium soy sauce; 1/2 c. brown sugar; 3 tbsp. sesame oil; 1 tbsp. sriracha; 3 cloves garlic, minced; 3 green onions, thinly sliced, plus more for garnish; 2 tbsp. cornstarch; 2 c. 1""-long broccoli florets; Sesame seeds, for garnish; Cooked jasmine rice, for serving","In a large slow cooker, add steak. Add beef broth, soy sauce, brown sugar, sesame oil, Sriracha, garlic, and green onions.
Cover and cook on low until beef is tender and cooked through, 3 1/2 to 4 hours.
When the steak is tender, spoon a few tablespoons of the slow-cooker broth into a bowl and whisk with cornstarch. Pour into slow cooker and toss with the beef until combined. Add broccoli and cook, covered, 20 minutes more.
Garnish with sesame seeds and green onions and serve over rice.",664 Calories,41 g,38 g,37 g,3 g,"American,Chinese","weeknight meals,comfort food,dinner","content-type: Expanded Recipe, locale: US, displayType: recipe, shortTitle: Slow-Cooker Beef & Broccoli, contentId: 3de43f3c-4d79-4a22-91e9-2fae0c397323, subsection: Recipes, collection: Slow-Cooker Recipes, collection: Winter Recipes, Slow Cooker Beef & Broccoli, slow cooker dinner, easy dinner, healthy dinner, slow cooker recipe, meal prep, weeknight dinner, weekend dinner, overnight recipe, slow cooker beef recipes, beef and broccoli recipes, asian recipes, asian slow cooker recipes, OCCASION: weeknight meals, CATEGORY: comfort food, CATEGORY: dinner, TOTALTIME: 04:30:00, FILTERTIME: >1HR",4.49,100
https://www.delish.com/cooking/recipe-ideas/a64324710/slow-cooker-brisket-recipe/,Slow-Cooker Brisket,This easy slow cooker brisket is fork tender and comes with an irresistible umami-packed gravy.,"https://hips.hearstapps.com/hmg-prod/images/slow-cooker-brisket-social-index-67e6f0d12bb2f.jpg?crop=0.5000559346683074xw:1xh;center,top&resize=1200:*",10,,8 servings,,"4 lb. beef brisket, preferably flat cut, cut in half; 4 tsp. kosher salt; 2 tbsp. neutral oil; 2 c. low-sodium beef broth; 1/4 c. Dijon mustard; 1/4 c. Worcestershire sauce; 2 tbsp. fish sauce; 2 tbsp. reduced-sodium soy sauce; 2 medium yellow onions, sliced into 1/2"" wedges, divided; 4 garlic cloves, smashed, peeled, divided; 1/2 bunch fresh thyme, plus more for topping; 3 tbsp. cornstarch","Heat a large cast-iron or stainless steel skillet over medium heat until hot. Season both brisket halves all over with salt. Pour oil into skillet and swirl to coat pan. Place one brisket half in skillet and cook, turning halfway through, until seared and golden brown, about 2 minutes per side. Transfer to a large plate. Repeat with remaining brisket.
In a 4-qt. (or larger) slow cooker, whisk broth, mustard, Worcestershire, fish sauce, and soy sauce until smooth.
Add half of onions and 2 smashed garlic cloves to slow cooker. Place first brisket half on top. Add remaining onions and garlic, then place remaining brisket on top. Arrange thyme sprigs around brisket. Cover and cook on High for 5 to 6 hours or on Low for 7 to 8 hours, until brisket is tender enough to easily pull apart with a fork.
Transfer brisket to a cutting board. Discard thyme. Using a spider or slotted spoon, transfer onions and garlic to a medium bowl.
Pour cooking liquid into a small saucepan. Bring to a boil over medium-high heat.
Set slow cooker to Warm and return brisket halves, onions, and garlic to slow cooker. Cover with a lid to keep warm.
In a small bowl, whisk cornstarch and 1/2 cup cooking liquid until dissolved. Add cornstarch mixture to saucepan and whisk to combine. Return to a boil and cook, stirring occasionally, until slightly thickened, 10 to 12 minutes. Keep warm until ready to serve.
Arrange onions and garlic on a platter. Transfer brisket to cutting board. Slice across the grain into 1/4""-thick slices and transfer to platter. Serve with gravy alongside. Top with fresh thyme.",705 Calories,43 g,8 g,54 g,1 g,American,"dairy-free,low sugar,nut-free,Christmas,dinner party,Hanukkah,Passover,Thanksgiving,dinner,main dish,meat","content-type: Expanded Recipe, locale: US, displayType: recipe, shortTitle: Slow-Cooker Brisket, contentId: 658c4abd-3b2a-448f-8870-b68d29d080cf, subsection: Recipes, collection: Holiday How-Tos, collection: What We're Craving this Easter, American, Christmas, Hanukkah, Passover, Thanksgiving, dairy-free, dinner, dinner party, low sugar, main dish, meat, nut-free, NUTRITION: dairy-free, NUTRITION: low sugar, NUTRITION: nut-free, OCCASION: Christmas, OCCASION: dinner party, OCCASION: Hanukkah, OCCASION: Passover, OCCASION: Thanksgiving, CATEGORY: dinner, CATEGORY: main dish, CATEGORY: meat, TOTALTIME: 06:00:00, FILTERTIME: >1HR",3.33,3
https://www.delish.com/cooking/recipe-ideas/recipes/a56239/crock-pot-lasagna-recipe/,Crock-Pot Lasagna,A classic lasagna made easy.,https://hips.hearstapps.com/del.h-cdn.co/assets/17/43/1024x1024/square-1509119928-delish-crock-pot-lasagna-still003.jpg?resize=1200:*,30,,8 servings,,"1 tbsp. olive oil; 1/2 onion, chopped; 2 garlic cloves, minced; 1 lb. ground beef; Kosher salt; Freshly ground black pepper; 1 tsp. Italian seasoning; 3 1/2 c. marinara sauce, divided; 16 oz. whole-milk ricotta; 1/4 c. freshly grated Parmesan, plus more for garnish; 1/4 c. chopped parsley, plus more for garnish; 1 (16-oz.) box lasagna noodles, unboiled; 4 1/2 c. shredded mozzarella","In a large skillet over medium heat, heat oil. Add onion and cook until translucent, 3 to 4 minutes. Add garlic and cook until fragrant, 1 minute. Add beef and season with salt, pepper, and Italian seasoning. Cook until no pink remains, then drain grease. Stir in 3 cups of the marinara until combined, and cook 2 to 3 minutes more.
In a large bowl, combine ricotta with Parmesan and parsley. Season with salt and pepper and stir until fully incorporated.
Grease the bowl of your slow cooker with a nonstick cooking spray or olive oil. Using the remaining marinara, spread a thin layer on the bottom of the crock pot. Next, add a layer of noodles (you’ll have to break some to make them fit), a layer of meat mixture, a layer of mozzarella, and a layer of ricotta mixture. Repeat until all ingredients are used up, ending with mozzarella. Cover and cook on low for 4 to 5 hours.
Garnish with more Parmesan and parsley and serve.",5918 Calories,329 g,414 g,306 g,35 g,,"dinner,main dish","content-type: Recipe, locale: US, displayType: recipe, shortTitle: Crock-Pot Lasagna, contentId: 60c17865-e78c-4343-8492-e77ae9bcd3dd, subsection: Recipes, collection: Slow-Cooker Recipes, crock-pot lasagna, homemade lasagna, classic lasagna, crock-pot recipes, slow cooker recipes, weeknight dinners, Italian recipes, CATEGORY: dinner, CATEGORY: main dish, TOTALTIME: 04:30:00, FILTERTIME: >1HR",4.77,22
https://www.delish.com/cooking/recipe-ideas/recipes/a49488/slow-cooker-bolognese-recipe/,Slow-Cooker Bolognese,Homemade Bolognese sauce is just a timer away.,"https://hips.hearstapps.com/hmg-prod/images/delish-slow-cooker-bolognese-horizontal-1541522351.jpg?crop=0.636xw:0.954xh;0.181xw,0&resize=1200:*",20,,8 servings,,"1 tbsp. extra-virgin olive oil; 1 large onion, chopped; 2 large carrots, chopped; 3 celery stalks, chopped; 4 cloves garlic, minced; 3 tbsp. tomato paste; 2 lb. ground beef; 1 oz. (28-oz.) can crushed tomatoes; 1 tbsp. dried oregano; 1 tbsp. dried thyme; 1 bay leaf; 1 tsp. kosher salt; 1 c. whole milk; 1/4 c. dry red wine; Freshly ground black pepper","In a large skillet over medium heat, heat oil. Add onion, carrot, celery, and garlic and cook until tender, 6 minutes. Add tomato paste and stir until combined, then add ground beef and cook until no longer pink, 6 to 8 minutes. Transfer mixture with a slotted spoon to slow cooker.
Add crushed tomatoes, oregano, thyme, bay leaf, salt, milk, and red wine. Season with pepper and stir until combined.
Cover and cook on low for 6 hours. Discard bay leaf.
Serve over cooked pasta.",2857 Calories,172 g,52 g,204 g,15 g,Italian,"winter,dinner","content-type: Recipe, locale: US, displayType: recipe, shortTitle: Slow-Cooker Bolognese, contentId: eda03f93-ed31-4bb8-9b40-32824289e90e, subsection: Recipes, hasProduct: true, slow cooker pasta, slow cooker bolognese, bolognese sauce, bolognese recipes, slow cooker meat sauce, slow cooker ragu, slow cooker pasta sauce, winter slow cooker recipes, fall slow cooker recipes, OCCASION: winter, CATEGORY: dinner, TOTALTIME: 06:20:00, FILTERTIME: >1HR",3.57,7
https://www.delish.com/cooking/recipe-ideas/recipes/a55311/slow-cooker-corned-beef-and-hash-recipe/,Slow-Cooker Corned Beef Hash,This Slow-Cooker Corned Beef and Hash from Delish.com makes a comfort food super simple to make.,https://hips.hearstapps.com/del.h-cdn.co/assets/17/36/1600x1600/square-1504715493-delish-corned-beef-hash.jpg?resize=1200:*,10,,4 servings,,"1 lb. corned beef, chopped; 1 lb. russet potatoes, chopped; 1 onion, chopped; 2 tbsp. extra-virgin olive oil; 2 tbsp. Worcestershire sauce; 1 tsp. garlic powder; 1 tsp. dried oregano; 1 tbsp. chopped parsley, plus more for garnish; Fried eggs, for serving","Line a slow cooker with foil and spray with cooking spray.
In the slow cooker, combine corned beef, potatoes, onion, olive oil, Worcestershire sauce, garlic powder, oregano and parsley and toss. Cover and cook on high until potatoes are tender, 4 to 5 hours.
Garnish with more parsley and serve warm with eggs.",1658 Calories,83 g,96 g,101 g,9 g,,dinner,"content-type: Recipe, locale: US, displayType: recipe, shortTitle: Slow-Cooker Corned Beef & Hash, contentId: 49b60096-b80e-4ecb-97f9-6195c8015888, subsection: Recipes, collection: Slow-Cooker Recipes, collection: St. Patrick's Day Recipes, slow cooker corned beef hash and eggs recipe, CATEGORY: dinner, TOTALTIME: 05:10:00, FILTERTIME: >1HR",2.0,2
https://www.delish.com/cooking/recipe-ideas/recipes/a46976/slow-cooker-spring-beef-bourginon-recipe/,Beef Stew,"Stay warm all winter with this classic, stick-to-your-ribs beef stew recipe that's filled with all your comforting, hearty favorites.","https://hips.hearstapps.com/hmg-prod/images/beef-stew-index-652e94c53b39b.jpg?crop=0.502xw:1.00xh;0.250xw,0&resize=1200:*",15,,8 servings,,"1 tbsp. (or more) vegetable oil; 2 lb. beef chuck stew meat, cut into 1"" cubes; 1 medium yellow onion, chopped; 2 carrots, peeled, cut into rounds; 2 stalks celery, chopped; Kosher salt; Freshly ground black pepper; 3 cloves garlic, finely chopped; 1/4 c. tomato paste; 6 c. low-sodium beef broth; 1 c. red wine; 1 tbsp. Worcestershire sauce; 2 fresh thyme sprigs; 2 bay leaves; 1 lb. baby potatoes, halved; 1 c. frozen peas; 1/4 c. chopped fresh parsley","In a large Dutch oven or heavy pot over medium heat, heat oil. Add beef and cook, turning occasionally, until seared on all sides, about 10 minutes. Transfer beef to a plate.
Coat bottom of pot with oil if needed and heat over medium-high heat. Cook onion, carrots, and celery, stirring occasionally, until softened, about 7 minutes; season with salt and pepper. Add garlic and tomato paste and cook, stirring, until garlic is fragrant and tomato paste is darkened, about 2 minutes. Return beef and any accumulated juices to pot. Add broth, wine, Worcestershire, thyme, and bay leaves. Bring to a boil, then reduce heat to medium-low and bring to a simmer; season with salt and pepper. Cover and simmer, stirring occasionally, until beef is tender, 30 to 45 minutes.
Add potatoes and simmer, covered, until potatoes are tender, about 15 minutes.
Remove bay leaves and thyme. Stir in peas and cook, stirring, until warmed through, about 2 minutes; season with salt and pepper.
Divide stew among bowls. Top with parsley.",296 Calories,31 g,18 g,8 g,4 g,"American,Comfort Food","weeknight meals,winter,dinner,main dish,meat,soup","content-type: Recipe, locale: US, displayType: recipe, shortTitle: Beef Stew, contentId: c646278f-cff7-412f-8d75-d4539a4ec3f5, subsection: Recipes, collection: Winter Recipes, collection: Most Popular, collection: America's Most Delish, collection: Dinners, best beef stew, homemade beef stew, easy beef stew, beef stew recipe, beef stew with potatoes, basic beef stew, traditional beef stew, classic beef stew, potato and beef stew, OCCASION: weeknight meals, OCCASION: winter, CATEGORY: dinner, CATEGORY: main dish, CATEGORY: meat, CATEGORY: soup, TOTALTIME: 01:40:00, FILTERTIME: >1HR",4.35,97
https://www.delish.com/cooking/recipes/a46315/slow-cooker-korean-beef-tacos-recipe/,Slow-Cooker Korean Beef Tacos,Why didn't we combine taco night and steak dinners sooner?,https://hips.hearstapps.com/del.h-cdn.co/assets/16/10/2560x2560/square-1457638265-slow-cooker-korean-beef-tacosp1.jpeg?resize=1200:*,10,,4 servings,,"1 1/2 lb. skirt steak; 1 1/2 red onions, plus more for garnish; 1/4 c. soy sauce; 1/4 c. dry white wine; 1/4 c. brown sugar; 1/2 tsp. Freshly ground black pepper; 4 garlic cloves; 5 medium tomatillos, husk removed; 1 c. cilantro, chopped, plus more for garnish; 2 Limes, juiced; 3 scallions, chopped; 1 tsp. kosher salt; 8 corn tortillas; 1/2 c. seedless cucumbers, sliced","In the bowl of a slow cooker, add the skirt steak, 1 red onion cut in half, soy sauce, white wine, brown sugar, black pepper and 3 garlic cloves that have been smashed. Mix ingredients together to coat the meat. Cook on low for 9 hours.
Meanwhile, cut the tomatillos in half and place on a sheet pan lined with parchment paper. Broil for 10 minutes, flipping about half way through to brown both sides and prevent burning. Set aside to cool for a few minutes. In the bowl of a food processor add tomatillos, 1 smashed garlic clove, 1 cup chopped cilantro, half of a red onion roughly chopped, juice of 2 limes, scallions and salt. Pulse until well combined but not pulverized. Keep in refrigerator.
After 9 hours, transfer the beef to a cutting board and remove any excess fat. Shred the beef using 2 forks and mix in a bowl with 1 to 2 tbsp of the braising liquid.
Warm tortillas in a dry skillet. Serve with tomatillo salsa verde and garnish with chopped cilantro, diced red onion and cucumbers.",2180 Calories,160 g,153 g,95 g,25 g,"Asian,Mexican",dinner,"content-type: Recipe, locale: US, displayType: recipe, shortTitle: Slow-Cooker Korean Beef Tacos, contentId: 1c3b5f17-3e37-4ecf-a56e-50d171a92ec5, weeknight dinners, weeknight meals, dinner recipes, family dinner recipes, slow cooker recipes, tacos, CATEGORY: dinner, TOTALTIME: 09:35:00, FILTERTIME: >1HR",4.0,2
