2026-01-09 14:29:40,015 - INFO - Attempting to fetch URL: https://www.allrecipes.com/recipe/158968/spinach-and-feta-turkey-burgers/
2026-01-09 14:29:40,363 - INFO - HTTP Status Code: 200
2026-01-09 14:29:40,363 - INFO - Response Headers: {'Date': 'Fri, 09 Jan 2026 14:29:40 GMT', 'Content-Type': 'text/html;charset=utf-8', 'Transfer-Encoding': 'chunked', 'Connection': 'close', 'Content-Encoding': 'gzip', 'CF-Ray': '9bb4a0cf09d8f826-MAN', 'CF-Cache-Status': 'DYNAMIC', 'Cache-Control': 'max-age=1800, private', 'Expires': 'Thu, 01 Jan 1970 00:00:00 GMT', 'Link': '<//www.allrecipes.com/static/4.140.0/cache/eNqtWFGapCgMvtDyeYh53UsgpjTTCG5Aa2pPPwG1SkuksbsfqoCQ_CEhIWDlvPSoql4ar6FSzlWBAv9UxwnsZQti0FJBZ3UDlGLqgbBBaSo0Dfx5csQpieYgYvvBGjDeVTVJ0zDXg8JPrEAvCduMGtxWhCRqMWEDNiqIvRx_Ld1ioxKyca_VvViYXJ1MTWAaS9Uwuk4_liZjzx2bFrjtANvO_-qkaeFfdB4MUJKYwWq1raVmKdlEYbn1finfEdbICVues6YaPWr0D8Gkbf9zJRtmIXjjvqUuIoibtU0G5map5y0ESaoTYbDtZ-R6cC5EcC1N2IL9sGzZs81x1a9umeht1NopAjBRfD_8AYgLzndWodQRIybDc5ja7bRcQiaVn6BwALHd7CMpmYXEBF7_0gplDaeIX6Qv4iYW1vfBW1HEiZucLKGHNPWHYISQmlj07MzRMZxqK6nJadywxb1Lip0dH5xXngN_bjKZnebLh2bkncPy2b0kqtF8uN2gTLyxvpGuE6PBCcgt8ZmkZgC50mjbLk3xliNHJTmPnsXOZ8Q76tEcuDsNPli-LORAyWzXFemj7jXVQjQt_WxGar3a-M6d8FasyOL3nS8ND46otXMl5efyPgPN0oxXFho1cXYoGvvabfuCD02rdYL0LdgCH6-2LaVzPyxxSl7wsuIevNwNctezBydl2F337OdWvLJfYJWj7ywJb632OOSs8p6wHsNm7AaCz9m-4Ea2aKgKNO2WNOfIySrPqh_H1lwrXScJksSvV8AEdBr53Bk7iHhNZ84TkHMbCSaEO9-lKEFK2be3I8F7fp1gBhLETKZNkDImxwdMtLHFW4lVe6c_x1_frz31-3gN5yxq9zYsMW0v6Y6iiWu31vYufIeOo39gngOlRDFXRrKhWO4IGb3O06j8SNA8naC4CtnRV6_qvlCueHJpRa2t-pjPtR9AWVbmO-D3ReXGvpf0WNucfwxPTHN0zt0SZ2oK_mvZN5ijF51SLzenENPTRcDzE-UuPyBFK4IAmlircPg_8MP99-jC_TQ7ey2gOt_r-HdNbD5Q4v83I-8Uo2dPy0XRDVtWz7E-hGpX5Dg5QTgXQQyEm4Psjf71A-iAnULNLLDn-wiX7fdxiagZufDHsn-T6pwuCnLvKqSWNegvOO0dP4-bWmj4aiTCZ68YNa9hTsj9N661nV8k6uMhZkqpzJ65wFqNznOKzw_UuZ8SHzrr7fpk2Q4uXGjfVWbUja0Kv-WusekWfTG8afiDtQ4HTO6MABWfCGG_SYn0MCOv-B0vgg2v3ifc8a_g0hTx4n3_nfAX-v9-4A.min.css>; rel=preload; as=style; nopush, <//www.allrecipes.com/static/fonts/copperpot.woff2>; rel=preload; as=font; type="font/woff2"; crossorigin; nopush, <//www.allrecipes.com/static/fonts/copperpot-700.woff2>; rel=preload; as=font; type="font/woff2"; crossorigin; nopush, <//www.googletagmanager.com/gtm.js?id=GTM-P3X3VT7>; rel=preload; as=script; nopush, <//www.allrecipes.com/static/fonts/sourcesanspro.woff2>; rel=preload; as=font; type="font/woff2"; crossorigin; nopush, <//www.allrecipes.com/static/fonts/sourcesanspro-700.woff2>; rel=preload; as=font; type="font/woff2"; crossorigin; nopush, <//www.googletagmanager.com/gtag/js?id=G-9D9M6LNQMD&l=dataLayer&cx=c>; rel=preload; as=script; nopush, <//securepubads.g.doubleclick.net/tag/js/gpt.js>; rel=preload; as=script; nopush, <//www.allrecipes.com/static/4.140.0/cache/eNqNVFFOwzAMvRChZxgI8YU0wS7gpm7rNU0qxynaTk9SAeuGO_GRKvF7dtxnO1UUELLVCF4cVsdYCYPFh-rabsM4BY9eYuXgFJIU5jEa26MdbsnHQjqfIp0xM4JvqbulOKrjNY-8IEe0QsFrAQM02CiADWEgjAqShByJjrXe3IObMN7Fi0YD-e4uaUbfBK6k5yDZtBEGDTRxE7Ofs4KNeWNqRhimkHW7uGcMnGO0NGVJN5NbVdNGbpePdg2cai3tCTo0M-HnnbidjEt1HNnB_MilxUp1TLUCPL_tL9bQJIdLw7wfnsragpab8uZlxrUuK9ZuhHPw1T7VjmKPvEsNobcZ_GvS_KH5bmkDE12fNLpSg3WsNxQmGw8lbWSVk5aRMK0LgW-PmsOHC_qfv-4PZWmQAHcopaEjtJhVEI0V7XWvXhDGrHfCw22dVw2RPQuzm0QP0DLGHmqHu7_j8PtaxMfkZyTX56HfSKS0vtlWfZURU9eLYSC3eP6e_u9DufKeBM3FbHLKeTz4C-_eAzQ.min.js>; rel=preload; as=script; nopush; group=top, <//www.allrecipes.com/static/4.140.0/cache/eNqNVt2WoyAMfqHNeuYR9szt3O0TBIxKi-AStHWefoLaTm0dlosewicJ-f1oxRGj0VWPLlqqTlz1IsCEzliLwDp4a39V-1Pa94N35CJXxkUKDm1VU0Mh6S9CoPpbydejJX7UiuEK2DTGGowEEduWwjNqjTtDoEswcTUs-j0FTblzGU_punpqPlcdTjZfwBev5dCfGv52hmxdYQ28SEfHLH7OgHXGBe0lW9c4ooUB537BTodwxsjF1C3J2pFpu_jeoWvpw3AkJ2k6AjO2WuuV1K4jrBfltNyPl57bzFqjlmjw7W2G2qD1bakpgH7OuelwMq18864ao5Q9ziDQo5xRbnzouWLCoDtIm0c5o9cTM7YECl3K7H6b0VtD35alqcoi21KRAvsWy1Sb0VqZVCK3qO-3uTns-5R50mYghgYnn4boGD3q-Ns3SJXI9awK6Gq5bg7pB9LwcnTX5q--3RwIacjVGKMEeoCVViKXSbqwpShMsPXtK5JzdDI1eThdBotzYqpN-Gk-LP9WLVMsK60K0gs6jL3iR3kj5gOogDmi9zaa4bZmNHCMnQ9wUzg9IyX1Y68lhcKbGOgQzPXNUmK-P0tDkPfm_4W_Bbq7-rTfF7UeTYYuMvLhADoiNwwCiC_bCguzu7hpbwsMnY8eglHq3tI7LPfc9sJBKZTWNCUR1BRRRvN5n1N18mFa7lilkmtsYDCulVff5PCidlmJ64JnOsKKTFCY5Fbg9KpjfRo5_YPIfs2knGMYdRwlhns51yqIU0JDH-nBVf76jsGPTLbEwV7oHUx83peoujEK4wozCDHrn3GwqMj-REEs2HlWJl8R_jfe5kaD9foMK3LU-Gv7buz5uMldoJAX842lq1GW8n-emPTCiCnioOF4-wXnwSms.min.js>; rel=preload; as=script; nopush; group=bottom, <//cdn.cookielaw.org/scripttemplates/otSDKStub.js>; rel=preload; as=script; nopush', 'Set-Cookie': 'TMog=n2790b59d10684010a0b9b486af05b00a14; Path=/; Domain=.allrecipes.com; Expires=Wed, 27 Jan 2094 17:43:47 GMT; Max-Age=2147483647; Secure', 'Strict-Transport-Security': 'max-age=15552000', 'Vary': 'Accept-Encoding, Origin, Access-Control-Request-Method, Access-Control-Request-Headers', 'content-security-policy': "frame-ancestors 'self' https://*.seo.aws.about.com https://*.dotdash.com *.allrecipes.com; upgrade-insecure-requests;", 'referrer-policy': 'no-referrer-when-downgrade', 'x-abt-application-version': '4.140.0', 'x-content-security-policy': "frame-ancestors 'self' https://*.seo.aws.about.com https://*.dotdash.com *.allrecipes.com; upgrade-insecure-requests;", 'x-content-type-options': 'nosniff', 'Server-Timing': 'cfCacheStatus;desc="DYNAMIC"', 'x-connection-protocol': 'HTTP/1.1', 'nel': '{"report_to":"network-errors","max_age":2592000,"success_fraction":0,"failure_fraction":1.0,"include_subdomains":true}', 'report-to': '{"group":"network-errors","max_age":2592000,"endpoints":[{"url":"https://rjs.3gl.net/hawklogserver/7823/re.p"}]}', 'Server': 'cloudflare', 'alt-svc': 'h3=":443"; ma=86400'}
2026-01-09 14:29:40,721 - ERROR - Unexpected error occurred: UnicodeDecodeError - 'utf-8' codec can't decode byte 0x8b in position 1: invalid start byte
2026-01-09 14:30:13,809 - INFO - Attempting to fetch URL: https://www.allrecipes.com/recipe/158968/spinach-and-feta-turkey-burgers/
2026-01-09 14:30:14,116 - INFO - HTTP Status Code: 200
2026-01-09 14:30:14,116 - INFO - Response Headers: {'Date': 'Fri, 09 Jan 2026 14:30:14 GMT', 'Content-Type': 'text/html;charset=utf-8', 'Transfer-Encoding': 'chunked', 'Connection': 'close', 'Content-Encoding': 'gzip', 'CF-Ray': '9bb4a1a21e54b317-MAN', 'CF-Cache-Status': 'DYNAMIC', 'Cache-Control': 'max-age=1800, private', 'Expires': 'Thu, 01 Jan 1970 00:00:00 GMT', 'Link': '<//www.allrecipes.com/static/4.140.0/cache/eNqtWFGapCgMvtDyeYh53UsgpjTTCG5Aa2pPPwG1SkuksbsfqoCQ_CEhIWDlvPSoql4ar6FSzlWBAv9UxwnsZQti0FJBZ3UDlGLqgbBBaSo0Dfx5csQpieYgYvvBGjDeVTVJ0zDXg8JPrEAvCduMGtxWhCRqMWEDNiqIvRx_Ld1ioxKyca_VvViYXJ1MTWAaS9Uwuk4_liZjzx2bFrjtANvO_-qkaeFfdB4MUJKYwWq1raVmKdlEYbn1finfEdbICVues6YaPWr0D8Gkbf9zJRtmIXjjvqUuIoibtU0G5map5y0ESaoTYbDtZ-R6cC5EcC1N2IL9sGzZs81x1a9umeht1NopAjBRfD_8AYgLzndWodQRIybDc5ja7bRcQiaVn6BwALHd7CMpmYXEBF7_0gplDaeIX6Qv4iYW1vfBW1HEiZucLKGHNPWHYISQmlj07MzRMZxqK6nJadywxb1Lip0dH5xXngN_bjKZnebLh2bkncPy2b0kqtF8uN2gTLyxvpGuE6PBCcgt8ZmkZgC50mjbLk3xliNHJTmPnsXOZ8Q76tEcuDsNPli-LORAyWzXFemj7jXVQjQt_WxGar3a-M6d8FasyOL3nS8ND46otXMl5efyPgPN0oxXFho1cXYoGvvabfuCD02rdYL0LdgCH6-2LaVzPyxxSl7wsuIevNwNctezBydl2F337OdWvLJfYJWj7ywJb632OOSs8p6wHsNm7AaCz9m-4Ea2aKgKNO2WNOfIySrPqh_H1lwrXScJksSvV8AEdBr53Bk7iHhNZ84TkHMbCSaEO9-lKEFK2be3I8F7fp1gBhLETKZNkDImxwdMtLHFW4lVe6c_x1_frz31-3gN5yxq9zYsMW0v6Y6iiWu31vYufIeOo39gngOlRDFXRrKhWO4IGb3O06j8SNA8naC4CtnRV6_qvlCueHJpRa2t-pjPtR9AWVbmO-D3ReXGvpf0WNucfwxPTHN0zt0SZ2oK_mvZN5ijF51SLzenENPTRcDzE-UuPyBFK4IAmlircPg_8MP99-jC_TQ7ey2gOt_r-HdNbD5Q4v83I-8Uo2dPy0XRDVtWz7E-hGpX5Dg5QTgXQQyEm4Psjf71A-iAnULNLLDn-wiX7fdxiagZufDHsn-T6pwuCnLvKqSWNegvOO0dP4-bWmj4aiTCZ68YNa9hTsj9N661nV8k6uMhZkqpzJ65wFqNznOKzw_UuZ8SHzrr7fpk2Q4uXGjfVWbUja0Kv-WusekWfTG8afiDtQ4HTO6MABWfCGG_SYn0MCOv-B0vgg2v3ifc8a_g0hTx4n3_nfAX-v9-4A.min.css>; rel=preload; as=style; nopush, <//www.allrecipes.com/static/fonts/copperpot.woff2>; rel=preload; as=font; type="font/woff2"; crossorigin; nopush, <//www.allrecipes.com/static/fonts/copperpot-700.woff2>; rel=preload; as=font; type="font/woff2"; crossorigin; nopush, <//www.googletagmanager.com/gtm.js?id=GTM-P3X3VT7>; rel=preload; as=script; nopush, <//www.allrecipes.com/static/fonts/sourcesanspro.woff2>; rel=preload; as=font; type="font/woff2"; crossorigin; nopush, <//www.allrecipes.com/static/fonts/sourcesanspro-700.woff2>; rel=preload; as=font; type="font/woff2"; crossorigin; nopush, <//www.googletagmanager.com/gtag/js?id=G-9D9M6LNQMD&l=dataLayer&cx=c>; rel=preload; as=script; nopush, <//securepubads.g.doubleclick.net/tag/js/gpt.js>; rel=preload; as=script; nopush, <//www.allrecipes.com/static/4.140.0/cache/eNqNVFFOwzAMvRChZxgI8YU0wS7gpm7rNU0qxynaTk9SAeuGO_GRKvF7dtxnO1UUELLVCF4cVsdYCYPFh-rabsM4BY9eYuXgFJIU5jEa26MdbsnHQjqfIp0xM4JvqbulOKrjNY-8IEe0QsFrAQM02CiADWEgjAqShByJjrXe3IObMN7Fi0YD-e4uaUbfBK6k5yDZtBEGDTRxE7Ofs4KNeWNqRhimkHW7uGcMnGO0NGVJN5NbVdNGbpePdg2cai3tCTo0M-HnnbidjEt1HNnB_MilxUp1TLUCPL_tL9bQJIdLw7wfnsragpab8uZlxrUuK9ZuhHPw1T7VjmKPvEsNobcZ_GvS_KH5bmkDE12fNLpSg3WsNxQmGw8lbWSVk5aRMK0LgW-PmsOHC_qfv-4PZWmQAHcopaEjtJhVEI0V7XWvXhDGrHfCw22dVw2RPQuzm0QP0DLGHmqHu7_j8PtaxMfkZyTX56HfSKS0vtlWfZURU9eLYSC3eP6e_u9DufKeBM3FbHLKeTz4C-_eAzQ.min.js>; rel=preload; as=script; nopush; group=top, <//www.allrecipes.com/static/4.140.0/cache/eNqNVt2WoyAMfqHNeuYR9szt3O0TBIxKi-AStHWefoLaTm0dlosewicJ-f1oxRGj0VWPLlqqTlz1IsCEzliLwDp4a39V-1Pa94N35CJXxkUKDm1VU0Mh6S9CoPpbydejJX7UiuEK2DTGGowEEduWwjNqjTtDoEswcTUs-j0FTblzGU_punpqPlcdTjZfwBev5dCfGv52hmxdYQ28SEfHLH7OgHXGBe0lW9c4ooUB537BTodwxsjF1C3J2pFpu_jeoWvpw3AkJ2k6AjO2WuuV1K4jrBfltNyPl57bzFqjlmjw7W2G2qD1bakpgH7OuelwMq18864ao5Q9ziDQo5xRbnzouWLCoDtIm0c5o9cTM7YECl3K7H6b0VtD35alqcoi21KRAvsWy1Sb0VqZVCK3qO-3uTns-5R50mYghgYnn4boGD3q-Ns3SJXI9awK6Gq5bg7pB9LwcnTX5q--3RwIacjVGKMEeoCVViKXSbqwpShMsPXtK5JzdDI1eThdBotzYqpN-Gk-LP9WLVMsK60K0gs6jL3iR3kj5gOogDmi9zaa4bZmNHCMnQ9wUzg9IyX1Y68lhcKbGOgQzPXNUmK-P0tDkPfm_4W_Bbq7-rTfF7UeTYYuMvLhADoiNwwCiC_bCguzu7hpbwsMnY8eglHq3tI7LPfc9sJBKZTWNCUR1BRRRvN5n1N18mFa7lilkmtsYDCulVff5PCidlmJ64JnOsKKTFCY5Fbg9KpjfRo5_YPIfs2knGMYdRwlhns51yqIU0JDH-nBVf76jsGPTLbEwV7oHUx83peoujEK4wozCDHrn3GwqMj-REEs2HlWJl8R_jfe5kaD9foMK3LU-Gv7buz5uMldoJAX842lq1GW8n-emPTCiCnioOF4-wXnwSms.min.js>; rel=preload; as=script; nopush; group=bottom, <//cdn.cookielaw.org/scripttemplates/otSDKStub.js>; rel=preload; as=script; nopush', 'Set-Cookie': 'TMog=na6189755aa38463687032f6ff245e0bd14; Path=/; Domain=.allrecipes.com; Expires=Wed, 27 Jan 2094 17:44:21 GMT; Max-Age=2147483647; Secure', 'Strict-Transport-Security': 'max-age=15552000', 'Vary': 'Accept-Encoding, Origin, Access-Control-Request-Method, Access-Control-Request-Headers', 'content-security-policy': "frame-ancestors 'self' https://*.seo.aws.about.com https://*.dotdash.com *.allrecipes.com; upgrade-insecure-requests;", 'referrer-policy': 'no-referrer-when-downgrade', 'x-abt-application-version': '4.140.0', 'x-content-security-policy': "frame-ancestors 'self' https://*.seo.aws.about.com https://*.dotdash.com *.allrecipes.com; upgrade-insecure-requests;", 'x-content-type-options': 'nosniff', 'Server-Timing': 'cfCacheStatus;desc="DYNAMIC"', 'x-connection-protocol': 'HTTP/1.1', 'nel': '{"report_to":"network-errors","max_age":2592000,"success_fraction":0,"failure_fraction":1.0,"include_subdomains":true}', 'report-to': '{"group":"network-errors","max_age":2592000,"endpoints":[{"url":"https://rjs.3gl.net/hawklogserver/7823/re.p"}]}', 'Server': 'cloudflare', 'alt-svc': 'h3=":443"; ma=86400'}
2026-01-09 14:30:14,425 - ERROR - Unexpected error occurred: UnicodeDecodeError - 'utf-8' codec can't decode byte 0x8b in position 1: invalid start byte
2026-01-09 14:31:51,228 - INFO - Attempting to fetch URL: https://www.allrecipes.com/recipe/158968/spinach-and-feta-turkey-burgers/
2026-01-09 14:31:51,531 - INFO - HTTP Status Code: 200
2026-01-09 14:31:51,532 - INFO - Response Headers: {'Date': 'Fri, 09 Jan 2026 14:31:51 GMT', 'Content-Type': 'text/html;charset=utf-8', 'Transfer-Encoding': 'chunked', 'Connection': 'close', 'Content-Encoding': 'gzip', 'CF-Ray': '9bb4a402fd14b355-MAN', 'CF-Cache-Status': 'DYNAMIC', 'Cache-Control': 'max-age=1800, private', 'Expires': 'Thu, 01 Jan 1970 00:00:00 GMT', 'Link': '<//www.allrecipes.com/static/4.140.0/cache/eNqtWFGapCgMvtDyeYh53UsgpjTTCG5Aa2pPPwG1SkuksbsfqoCQ_CEhIWDlvPSoql4ar6FSzlWBAv9UxwnsZQti0FJBZ3UDlGLqgbBBaSo0Dfx5csQpieYgYvvBGjDeVTVJ0zDXg8JPrEAvCduMGtxWhCRqMWEDNiqIvRx_Ld1ioxKyca_VvViYXJ1MTWAaS9Uwuk4_liZjzx2bFrjtANvO_-qkaeFfdB4MUJKYwWq1raVmKdlEYbn1finfEdbICVues6YaPWr0D8Gkbf9zJRtmIXjjvqUuIoibtU0G5map5y0ESaoTYbDtZ-R6cC5EcC1N2IL9sGzZs81x1a9umeht1NopAjBRfD_8AYgLzndWodQRIybDc5ja7bRcQiaVn6BwALHd7CMpmYXEBF7_0gplDaeIX6Qv4iYW1vfBW1HEiZucLKGHNPWHYISQmlj07MzRMZxqK6nJadywxb1Lip0dH5xXngN_bjKZnebLh2bkncPy2b0kqtF8uN2gTLyxvpGuE6PBCcgt8ZmkZgC50mjbLk3xliNHJTmPnsXOZ8Q76tEcuDsNPli-LORAyWzXFemj7jXVQjQt_WxGar3a-M6d8FasyOL3nS8ND46otXMl5efyPgPN0oxXFho1cXYoGvvabfuCD02rdYL0LdgCH6-2LaVzPyxxSl7wsuIevNwNctezBydl2F337OdWvLJfYJWj7ywJb632OOSs8p6wHsNm7AaCz9m-4Ea2aKgKNO2WNOfIySrPqh_H1lwrXScJksSvV8AEdBr53Bk7iHhNZ84TkHMbCSaEO9-lKEFK2be3I8F7fp1gBhLETKZNkDImxwdMtLHFW4lVe6c_x1_frz31-3gN5yxq9zYsMW0v6Y6iiWu31vYufIeOo39gngOlRDFXRrKhWO4IGb3O06j8SNA8naC4CtnRV6_qvlCueHJpRa2t-pjPtR9AWVbmO-D3ReXGvpf0WNucfwxPTHN0zt0SZ2oK_mvZN5ijF51SLzenENPTRcDzE-UuPyBFK4IAmlircPg_8MP99-jC_TQ7ey2gOt_r-HdNbD5Q4v83I-8Uo2dPy0XRDVtWz7E-hGpX5Dg5QTgXQQyEm4Psjf71A-iAnULNLLDn-wiX7fdxiagZufDHsn-T6pwuCnLvKqSWNegvOO0dP4-bWmj4aiTCZ68YNa9hTsj9N661nV8k6uMhZkqpzJ65wFqNznOKzw_UuZ8SHzrr7fpk2Q4uXGjfVWbUja0Kv-WusekWfTG8afiDtQ4HTO6MABWfCGG_SYn0MCOv-B0vgg2v3ifc8a_g0hTx4n3_nfAX-v9-4A.min.css>; rel=preload; as=style; nopush, <//www.allrecipes.com/static/fonts/copperpot.woff2>; rel=preload; as=font; type="font/woff2"; crossorigin; nopush, <//www.allrecipes.com/static/fonts/copperpot-700.woff2>; rel=preload; as=font; type="font/woff2"; crossorigin; nopush, <//www.googletagmanager.com/gtm.js?id=GTM-P3X3VT7>; rel=preload; as=script; nopush, <//www.allrecipes.com/static/fonts/sourcesanspro.woff2>; rel=preload; as=font; type="font/woff2"; crossorigin; nopush, <//www.allrecipes.com/static/fonts/sourcesanspro-700.woff2>; rel=preload; as=font; type="font/woff2"; crossorigin; nopush, <//www.googletagmanager.com/gtag/js?id=G-9D9M6LNQMD&l=dataLayer&cx=c>; rel=preload; as=script; nopush, <//securepubads.g.doubleclick.net/tag/js/gpt.js>; rel=preload; as=script; nopush, <//www.allrecipes.com/static/4.140.0/cache/eNqNVFFOwzAMvRChZxgI8YU0wS7gpm7rNU0qxynaTk9SAeuGO_GRKvF7dtxnO1UUELLVCF4cVsdYCYPFh-rabsM4BY9eYuXgFJIU5jEa26MdbsnHQjqfIp0xM4JvqbulOKrjNY-8IEe0QsFrAQM02CiADWEgjAqShByJjrXe3IObMN7Fi0YD-e4uaUbfBK6k5yDZtBEGDTRxE7Ofs4KNeWNqRhimkHW7uGcMnGO0NGVJN5NbVdNGbpePdg2cai3tCTo0M-HnnbidjEt1HNnB_MilxUp1TLUCPL_tL9bQJIdLw7wfnsragpab8uZlxrUuK9ZuhHPw1T7VjmKPvEsNobcZ_GvS_KH5bmkDE12fNLpSg3WsNxQmGw8lbWSVk5aRMK0LgW-PmsOHC_qfv-4PZWmQAHcopaEjtJhVEI0V7XWvXhDGrHfCw22dVw2RPQuzm0QP0DLGHmqHu7_j8PtaxMfkZyTX56HfSKS0vtlWfZURU9eLYSC3eP6e_u9DufKeBM3FbHLKeTz4C-_eAzQ.min.js>; rel=preload; as=script; nopush; group=top, <//www.allrecipes.com/static/4.140.0/cache/eNqNVt2WoyAMfqHNeuYR9szt3O0TBIxKi-AStHWefoLaTm0dlosewicJ-f1oxRGj0VWPLlqqTlz1IsCEzliLwDp4a39V-1Pa94N35CJXxkUKDm1VU0Mh6S9CoPpbydejJX7UiuEK2DTGGowEEduWwjNqjTtDoEswcTUs-j0FTblzGU_punpqPlcdTjZfwBev5dCfGv52hmxdYQ28SEfHLH7OgHXGBe0lW9c4ooUB537BTodwxsjF1C3J2pFpu_jeoWvpw3AkJ2k6AjO2WuuV1K4jrBfltNyPl57bzFqjlmjw7W2G2qD1bakpgH7OuelwMq18864ao5Q9ziDQo5xRbnzouWLCoDtIm0c5o9cTM7YECl3K7H6b0VtD35alqcoi21KRAvsWy1Sb0VqZVCK3qO-3uTns-5R50mYghgYnn4boGD3q-Ns3SJXI9awK6Gq5bg7pB9LwcnTX5q--3RwIacjVGKMEeoCVViKXSbqwpShMsPXtK5JzdDI1eThdBotzYqpN-Gk-LP9WLVMsK60K0gs6jL3iR3kj5gOogDmi9zaa4bZmNHCMnQ9wUzg9IyX1Y68lhcKbGOgQzPXNUmK-P0tDkPfm_4W_Bbq7-rTfF7UeTYYuMvLhADoiNwwCiC_bCguzu7hpbwsMnY8eglHq3tI7LPfc9sJBKZTWNCUR1BRRRvN5n1N18mFa7lilkmtsYDCulVff5PCidlmJ64JnOsKKTFCY5Fbg9KpjfRo5_YPIfs2knGMYdRwlhns51yqIU0JDH-nBVf76jsGPTLbEwV7oHUx83peoujEK4wozCDHrn3GwqMj-REEs2HlWJl8R_jfe5kaD9foMK3LU-Gv7buz5uMldoJAX842lq1GW8n-emPTCiCnioOF4-wXnwSms.min.js>; rel=preload; as=script; nopush; group=bottom, <//cdn.cookielaw.org/scripttemplates/otSDKStub.js>; rel=preload; as=script; nopush', 'Set-Cookie': 'TMog=n65ab6c59a33944129cfbdcbac0619f7814; Path=/; Domain=.allrecipes.com; Expires=Wed, 27 Jan 2094 17:45:58 GMT; Max-Age=2147483647; Secure', 'Strict-Transport-Security': 'max-age=15552000', 'Vary': 'Accept-Encoding, Origin, Access-Control-Request-Method, Access-Control-Request-Headers', 'content-security-policy': "frame-ancestors 'self' https://*.seo.aws.about.com https://*.dotdash.com *.allrecipes.com; upgrade-insecure-requests;", 'referrer-policy': 'no-referrer-when-downgrade', 'x-abt-application-version': '4.140.0', 'x-content-security-policy': "frame-ancestors 'self' https://*.seo.aws.about.com https://*.dotdash.com *.allrecipes.com; upgrade-insecure-requests;", 'x-content-type-options': 'nosniff', 'Server-Timing': 'cfCacheStatus;desc="DYNAMIC"', 'x-connection-protocol': 'HTTP/1.1', 'nel': '{"report_to":"network-errors","max_age":2592000,"success_fraction":0,"failure_fraction":1.0,"include_subdomains":true}', 'report-to': '{"group":"network-errors","max_age":2592000,"endpoints":[{"url":"https://rjs.3gl.net/hawklogserver/7823/re.p"}]}', 'Server': 'cloudflare', 'alt-svc': 'h3=":443"; ma=86400'}
2026-01-09 14:31:51,636 - INFO - Raw response size: 222488 bytes
2026-01-09 14:31:51,636 - INFO - Content-Encoding: gzip
2026-01-09 14:31:51,636 - INFO - Decompressing gzip content...
2026-01-09 14:31:51,641 - INFO - Successfully fetched HTML (length: 615235 characters)
2026-01-09 14:31:51,641 - INFO - Parsing HTML with recipe_scrapers...
2026-01-09 14:31:51,738 - INFO - Successfully created scraper object
2026-01-09 14:31:51,738 - INFO - Extracting recipe data...
2026-01-09 14:31:51,742 - INFO - Nutrients data type: <class 'dict'>
2026-01-09 14:31:51,742 - INFO - Nutrients keys available: ['calories', 'carbohydrateContent', 'cholesterolContent', 'fiberContent', 'proteinContent', 'saturatedFatContent', 'sodiumContent', 'sugarContent', 'fatContent', 'unsaturatedFatContent']
2026-01-09 14:31:51,742 - INFO - Found ratings: 4.6
2026-01-09 14:31:51,742 - INFO - Writing data to recipe_data.csv...
2026-01-09 14:31:51,743 - INFO - Successfully saved recipe data to recipe_data.csv
2026-01-09 16:14:29,305 - INFO - Read 57 URLs from 30-minute-meals-recipe-urls.txt
2026-01-09 16:14:29,306 - INFO - Fetching URL: https://www.allrecipes.com/recipe/8508776/homemade-pasta-roni/
2026-01-09 16:14:29,920 - WARNING - Could not extract cuisine: SchemaOrgException - recipe-scrapers (15.11.0) exception: No cuisine data in SchemaOrg.
2026-01-09 16:14:29,923 - INFO - Fetching URL: https://www.allrecipes.com/recipe/47015/quick-and-easy-pancit/
2026-01-09 16:14:30,383 - INFO - Fetching URL: https://www.allrecipes.com/recipe/23431/to-die-for-fettuccine-alfredo/
2026-01-09 16:14:30,878 - INFO - Fetching URL: https://www.allrecipes.com/recipe/228823/quick-beef-stir-fry/
2026-01-09 16:14:31,350 - INFO - Fetching URL: https://www.allrecipes.com/recipe/11887/pesto-pasta/
2026-01-09 16:14:31,843 - INFO - Fetching URL: https://www.allrecipes.com/recipe/257938/spicy-thai-basil-chicken-pad-krapow-gai/
2026-01-09 16:14:32,372 - INFO - Fetching URL: https://www.allrecipes.com/recipe/72068/chicken-katsu/
2026-01-09 16:14:32,878 - INFO - Fetching URL: https://www.allrecipes.com/recipe/16311/simple-beef-stroganoff/
2026-01-09 16:14:33,796 - INFO - Fetching URL: https://www.allrecipes.com/recipe/8887/chicken-marsala/
2026-01-09 16:14:34,323 - INFO - Fetching URL: https://www.allrecipes.com/recipe/201934/pan-seared-tilapia/
2026-01-09 16:14:34,823 - INFO - Fetching URL: https://www.allrecipes.com/recipe/230857/easy-tuna-patties/
2026-01-09 16:14:35,346 - INFO - Fetching URL: https://www.allrecipes.com/recipe/132358/easy-garlic-lemon-scallops/
2026-01-09 16:14:35,895 - INFO - Fetching URL: https://www.allrecipes.com/recipe/15559/black-beans-and-rice/
2026-01-09 16:14:36,361 - INFO - Fetching URL: https://www.allrecipes.com/recipe/9025/bourbon-chicken/
2026-01-09 16:14:36,846 - INFO - Fetching URL: https://www.allrecipes.com/recipe/20225/creamed-chipped-beef-on-toast/
2026-01-09 16:14:37,351 - INFO - Fetching URL: https://www.allrecipes.com/recipe/244458/buttered-noodles/
2026-01-09 16:14:37,846 - INFO - Fetching URL: https://www.allrecipes.com/recipe/140930/southern-fried-catfish/
2026-01-09 16:14:38,281 - INFO - Fetching URL: https://www.allrecipes.com/recipe/272858/air-fryer-chicken-thighs/
2026-01-09 16:14:38,748 - INFO - Fetching URL: https://www.allrecipes.com/recipe/232906/simple-broiled-haddock/
2026-01-09 16:14:39,291 - INFO - Fetching URL: https://www.allrecipes.com/recipe/12011/easy-lasagna-ii/
2026-01-09 16:14:39,775 - INFO - Fetching URL: https://www.allrecipes.com/recipe/21306/fish-in-foil/
2026-01-09 16:14:40,275 - INFO - Fetching URL: https://www.allrecipes.com/recipe/269500/creamy-garlic-pasta/
2026-01-09 16:14:40,728 - INFO - Fetching URL: https://www.allrecipes.com/recipe/220597/simple-garlic-shrimp/
2026-01-09 16:14:41,254 - INFO - Fetching URL: https://www.allrecipes.com/recipe/46982/pesto-pasta-with-chicken/
2026-01-09 16:14:41,995 - INFO - Fetching URL: https://www.allrecipes.com/recipe/8571/blackened-chicken/
2026-01-09 16:14:42,588 - INFO - Fetching URL: https://www.allrecipes.com/recipe/11951/linguine-with-clam-sauce/
2026-01-09 16:14:43,485 - INFO - Fetching URL: https://www.allrecipes.com/recipe/100195/baked-haddock/
2026-01-09 16:14:43,972 - INFO - Fetching URL: https://www.allrecipes.com/recipe/231939/honey-glazed-chicken/
2026-01-09 16:14:44,462 - INFO - Fetching URL: https://www.allrecipes.com/recipe/16305/sweet-and-sour-meatballs-ii/
2026-01-09 16:14:44,895 - INFO - Fetching URL: https://www.allrecipes.com/recipe/93234/honey-walnut-shrimp/
2026-01-09 16:14:45,479 - INFO - Fetching URL: https://www.allrecipes.com/recipe/14554/sirloin-steak-with-garlic-butter/
2026-01-09 16:14:45,938 - INFO - Fetching URL: https://www.allrecipes.com/recipe/134483/chicago-style-hot-dog/
2026-01-09 16:14:46,666 - INFO - Fetching URL: https://www.allrecipes.com/recipe/189058/super-simple-salmon/
2026-01-09 16:14:47,151 - INFO - Fetching URL: https://www.allrecipes.com/recipe/12775/spicy-grilled-shrimp/
2026-01-09 16:14:47,650 - INFO - Fetching URL: https://www.allrecipes.com/recipe/236814/baked-fresh-rainbow-trout/
2026-01-09 16:14:48,094 - INFO - Fetching URL: https://www.allrecipes.com/recipe/155375/crab-legs-with-garlic-butter-sauce/
2026-01-09 16:14:48,569 - INFO - Fetching URL: https://www.allrecipes.com/recipe/244950/baked-chicken-schnitzel/
2026-01-09 16:14:49,038 - INFO - Fetching URL: https://www.allrecipes.com/recipe/76659/heavenly-halibut/
2026-01-09 16:14:49,525 - INFO - Fetching URL: https://www.allrecipes.com/recipe/231549/baked-flounder-with-panko-and-parmesan/
2026-01-09 16:14:49,971 - INFO - Fetching URL: https://www.allrecipes.com/recipe/220164/classic-cuban-style-picadillo/
2026-01-09 16:14:50,605 - INFO - Fetching URL: https://www.allrecipes.com/recipe/239428/crispy-panko-chicken-breasts/
2026-01-09 16:14:51,038 - INFO - Fetching URL: https://www.allrecipes.com/recipe/82347/best-ever-crab-cakes/
2026-01-09 16:14:51,505 - INFO - Fetching URL: https://www.allrecipes.com/recipe/69471/baby-spinach-omelet/
2026-01-09 16:14:51,979 - INFO - Fetching URL: https://www.allrecipes.com/recipe/26286/quick-and-easy-chicken-spaghetti/
2026-01-09 16:14:52,663 - INFO - Fetching URL: https://www.allrecipes.com/recipe/22538/baked-salmon-fillets-dijon/
2026-01-09 16:14:53,127 - INFO - Fetching URL: https://www.allrecipes.com/recipe/240130/scrumptious-salmon-cakes/
2026-01-09 16:14:53,565 - INFO - Fetching URL: https://www.allrecipes.com/recipe/218562/super-easy-chicken-and-dumplings/
2026-01-09 16:14:54,026 - INFO - Fetching URL: https://www.allrecipes.com/recipe/71698/sesame-seared-tuna/
2026-01-09 16:14:54,471 - INFO - Fetching URL: https://www.allrecipes.com/recipe/228056/parmesan-crusted-tilapia-fillets/
2026-01-09 16:14:54,936 - INFO - Fetching URL: https://www.allrecipes.com/recipe/38028/blackened-fish/
2026-01-09 16:14:55,439 - INFO - Fetching URL: https://www.allrecipes.com/recipe/216757/savory-sea-scallops-and-angel-hair-pasta/
2026-01-09 16:14:55,982 - INFO - Fetching URL: https://www.allrecipes.com/recipe/127500/japanese-style-deep-fried-shrimp/
2026-01-09 16:14:56,471 - INFO - Fetching URL: https://www.allrecipes.com/recipe/220751/quick-chicken-piccata/
2026-01-09 16:14:57,400 - INFO - Fetching URL: https://www.allrecipes.com/recipe/20107/beer-batter-fish-made-great/
2026-01-09 16:14:58,127 - INFO - Fetching URL: https://www.allrecipes.com/recipe/280935/air-fryer-tilapia-with-fresh-lemon-pepper/
2026-01-09 16:14:58,570 - INFO - Fetching URL: https://www.allrecipes.com/recipe/36487/blackened-salmon-fillets/
2026-01-09 16:14:59,146 - INFO - Fetching URL: https://www.allrecipes.com/recipe/276006/air-fryer-lobster-tails-with-lemon-garlic-butter/
2026-01-09 16:14:59,893 - INFO - Writing 57 recipes to recipe_data.csv...
2026-01-09 16:14:59,894 - ERROR - Error writing CSV file: PermissionError - [Errno 13] Permission denied: 'recipe_data.csv'
2026-01-09 16:23:18,135 - INFO - Read 57 URLs from 30-minute-meals-recipe-urls.txt
2026-01-09 16:23:18,136 - INFO - Fetching URL: https://www.allrecipes.com/recipe/8508776/homemade-pasta-roni/
2026-01-09 16:23:18,590 - WARNING - Could not extract cuisine: SchemaOrgException - recipe-scrapers (15.11.0) exception: No cuisine data in SchemaOrg.
2026-01-09 16:23:18,594 - INFO - Fetching URL: https://www.allrecipes.com/recipe/47015/quick-and-easy-pancit/
2026-01-09 16:23:19,022 - INFO - Fetching URL: https://www.allrecipes.com/recipe/23431/to-die-for-fettuccine-alfredo/
2026-01-09 16:23:19,493 - INFO - Fetching URL: https://www.allrecipes.com/recipe/228823/quick-beef-stir-fry/
2026-01-09 16:23:19,954 - INFO - Fetching URL: https://www.allrecipes.com/recipe/11887/pesto-pasta/
2026-01-09 16:23:20,378 - INFO - Fetching URL: https://www.allrecipes.com/recipe/257938/spicy-thai-basil-chicken-pad-krapow-gai/
2026-01-09 16:23:20,836 - INFO - Fetching URL: https://www.allrecipes.com/recipe/72068/chicken-katsu/
2026-01-09 16:23:21,287 - INFO - Fetching URL: https://www.allrecipes.com/recipe/16311/simple-beef-stroganoff/
2026-01-09 16:23:21,767 - INFO - Fetching URL: https://www.allrecipes.com/recipe/8887/chicken-marsala/
2026-01-09 16:23:22,220 - INFO - Fetching URL: https://www.allrecipes.com/recipe/201934/pan-seared-tilapia/
2026-01-09 16:23:22,648 - INFO - Fetching URL: https://www.allrecipes.com/recipe/230857/easy-tuna-patties/
2026-01-09 16:23:23,502 - INFO - Fetching URL: https://www.allrecipes.com/recipe/132358/easy-garlic-lemon-scallops/
2026-01-09 16:23:24,066 - INFO - Fetching URL: https://www.allrecipes.com/recipe/15559/black-beans-and-rice/
2026-01-09 16:23:24,470 - INFO - Fetching URL: https://www.allrecipes.com/recipe/9025/bourbon-chicken/
2026-01-09 16:23:24,922 - INFO - Fetching URL: https://www.allrecipes.com/recipe/20225/creamed-chipped-beef-on-toast/
2026-01-09 16:23:25,412 - INFO - Fetching URL: https://www.allrecipes.com/recipe/244458/buttered-noodles/
2026-01-09 16:23:26,358 - INFO - Fetching URL: https://www.allrecipes.com/recipe/140930/southern-fried-catfish/
2026-01-09 16:23:27,293 - INFO - Fetching URL: https://www.allrecipes.com/recipe/272858/air-fryer-chicken-thighs/
2026-01-09 16:23:27,765 - INFO - Fetching URL: https://www.allrecipes.com/recipe/232906/simple-broiled-haddock/
2026-01-09 16:23:28,232 - INFO - Fetching URL: https://www.allrecipes.com/recipe/12011/easy-lasagna-ii/
2026-01-09 16:23:28,675 - INFO - Fetching URL: https://www.allrecipes.com/recipe/21306/fish-in-foil/
2026-01-09 16:23:29,120 - INFO - Fetching URL: https://www.allrecipes.com/recipe/269500/creamy-garlic-pasta/
2026-01-09 16:23:29,567 - INFO - Fetching URL: https://www.allrecipes.com/recipe/220597/simple-garlic-shrimp/
2026-01-09 16:23:30,038 - INFO - Fetching URL: https://www.allrecipes.com/recipe/46982/pesto-pasta-with-chicken/
2026-01-09 16:23:30,443 - INFO - Fetching URL: https://www.allrecipes.com/recipe/8571/blackened-chicken/
2026-01-09 16:23:30,991 - INFO - Fetching URL: https://www.allrecipes.com/recipe/11951/linguine-with-clam-sauce/
2026-01-09 16:23:31,910 - INFO - Fetching URL: https://www.allrecipes.com/recipe/100195/baked-haddock/
2026-01-09 16:23:32,364 - INFO - Fetching URL: https://www.allrecipes.com/recipe/231939/honey-glazed-chicken/
2026-01-09 16:23:32,839 - INFO - Fetching URL: https://www.allrecipes.com/recipe/16305/sweet-and-sour-meatballs-ii/
2026-01-09 16:23:33,338 - INFO - Fetching URL: https://www.allrecipes.com/recipe/93234/honey-walnut-shrimp/
2026-01-09 16:23:33,770 - INFO - Fetching URL: https://www.allrecipes.com/recipe/14554/sirloin-steak-with-garlic-butter/
2026-01-09 16:23:34,190 - INFO - Fetching URL: https://www.allrecipes.com/recipe/134483/chicago-style-hot-dog/
2026-01-09 16:23:34,633 - INFO - Fetching URL: https://www.allrecipes.com/recipe/189058/super-simple-salmon/
2026-01-09 16:23:35,322 - INFO - Fetching URL: https://www.allrecipes.com/recipe/12775/spicy-grilled-shrimp/
2026-01-09 16:23:35,787 - INFO - Fetching URL: https://www.allrecipes.com/recipe/236814/baked-fresh-rainbow-trout/
2026-01-09 16:23:36,330 - INFO - Fetching URL: https://www.allrecipes.com/recipe/155375/crab-legs-with-garlic-butter-sauce/
2026-01-09 16:23:36,796 - INFO - Fetching URL: https://www.allrecipes.com/recipe/244950/baked-chicken-schnitzel/
2026-01-09 16:23:37,248 - INFO - Fetching URL: https://www.allrecipes.com/recipe/76659/heavenly-halibut/
2026-01-09 16:23:37,698 - INFO - Fetching URL: https://www.allrecipes.com/recipe/231549/baked-flounder-with-panko-and-parmesan/
2026-01-09 16:23:38,131 - INFO - Fetching URL: https://www.allrecipes.com/recipe/220164/classic-cuban-style-picadillo/
2026-01-09 16:23:38,994 - INFO - Fetching URL: https://www.allrecipes.com/recipe/239428/crispy-panko-chicken-breasts/
2026-01-09 16:23:39,487 - INFO - Fetching URL: https://www.allrecipes.com/recipe/82347/best-ever-crab-cakes/
2026-01-09 16:23:39,939 - INFO - Fetching URL: https://www.allrecipes.com/recipe/69471/baby-spinach-omelet/
2026-01-09 16:23:40,379 - INFO - Fetching URL: https://www.allrecipes.com/recipe/26286/quick-and-easy-chicken-spaghetti/
2026-01-09 16:23:40,840 - INFO - Fetching URL: https://www.allrecipes.com/recipe/22538/baked-salmon-fillets-dijon/
2026-01-09 16:23:41,309 - INFO - Fetching URL: https://www.allrecipes.com/recipe/240130/scrumptious-salmon-cakes/
2026-01-09 16:23:41,736 - INFO - Fetching URL: https://www.allrecipes.com/recipe/218562/super-easy-chicken-and-dumplings/
2026-01-09 16:23:42,155 - INFO - Fetching URL: https://www.allrecipes.com/recipe/71698/sesame-seared-tuna/
2026-01-09 16:23:42,605 - INFO - Fetching URL: https://www.allrecipes.com/recipe/228056/parmesan-crusted-tilapia-fillets/
2026-01-09 16:23:43,050 - INFO - Fetching URL: https://www.allrecipes.com/recipe/38028/blackened-fish/
2026-01-09 16:23:43,520 - INFO - Fetching URL: https://www.allrecipes.com/recipe/216757/savory-sea-scallops-and-angel-hair-pasta/
2026-01-09 16:23:44,067 - INFO - Fetching URL: https://www.allrecipes.com/recipe/127500/japanese-style-deep-fried-shrimp/
2026-01-09 16:23:44,482 - INFO - Fetching URL: https://www.allrecipes.com/recipe/220751/quick-chicken-piccata/
2026-01-09 16:23:44,933 - INFO - Fetching URL: https://www.allrecipes.com/recipe/20107/beer-batter-fish-made-great/
2026-01-09 16:23:45,473 - INFO - Fetching URL: https://www.allrecipes.com/recipe/280935/air-fryer-tilapia-with-fresh-lemon-pepper/
2026-01-09 16:23:45,914 - INFO - Fetching URL: https://www.allrecipes.com/recipe/36487/blackened-salmon-fillets/
2026-01-09 16:23:46,495 - INFO - Fetching URL: https://www.allrecipes.com/recipe/276006/air-fryer-lobster-tails-with-lemon-garlic-butter/
2026-01-09 16:23:46,943 - INFO - Writing 57 recipes to recipe_data_1.csv...
2026-01-09 16:23:46,945 - INFO - Successfully saved 57 recipes to recipe_data_1.csv
2026-01-11 16:35:52,521 - INFO - Read 57 URLs from 30-minute-meals-recipe-urls.txt
2026-01-11 16:35:52,522 - INFO - Fetching URL: https://www.allrecipes.com/recipe/8508776/homemade-pasta-roni/
2026-01-11 16:35:53,114 - WARNING - Could not extract cuisine: SchemaOrgException - recipe-scrapers (15.11.0) exception: No cuisine data in SchemaOrg.
2026-01-11 16:35:53,303 - INFO - Fetching URL: https://www.allrecipes.com/recipe/47015/quick-and-easy-pancit/
2026-01-11 16:35:54,013 - INFO - Fetching URL: https://www.allrecipes.com/recipe/23431/to-die-for-fettuccine-alfredo/
2026-01-11 16:35:54,754 - INFO - Fetching URL: https://www.allrecipes.com/recipe/228823/quick-beef-stir-fry/
2026-01-11 16:35:55,879 - INFO - Fetching URL: https://www.allrecipes.com/recipe/11887/pesto-pasta/
2026-01-11 16:35:56,580 - INFO - Fetching URL: https://www.allrecipes.com/recipe/257938/spicy-thai-basil-chicken-pad-krapow-gai/
2026-01-11 16:35:57,383 - INFO - Fetching URL: https://www.allrecipes.com/recipe/72068/chicken-katsu/
2026-01-11 16:35:58,082 - INFO - Fetching URL: https://www.allrecipes.com/recipe/16311/simple-beef-stroganoff/
2026-01-11 16:35:58,770 - INFO - Fetching URL: https://www.allrecipes.com/recipe/8887/chicken-marsala/
2026-01-11 16:35:59,737 - INFO - Fetching URL: https://www.allrecipes.com/recipe/201934/pan-seared-tilapia/
2026-01-11 16:36:00,476 - INFO - Fetching URL: https://www.allrecipes.com/recipe/230857/easy-tuna-patties/
2026-01-11 16:36:01,155 - INFO - Fetching URL: https://www.allrecipes.com/recipe/132358/easy-garlic-lemon-scallops/
2026-01-11 16:36:01,874 - INFO - Fetching URL: https://www.allrecipes.com/recipe/15559/black-beans-and-rice/
2026-01-11 16:36:03,210 - INFO - Fetching URL: https://www.allrecipes.com/recipe/9025/bourbon-chicken/
2026-01-11 16:36:04,203 - INFO - Fetching URL: https://www.allrecipes.com/recipe/20225/creamed-chipped-beef-on-toast/
2026-01-11 16:36:04,905 - INFO - Fetching URL: https://www.allrecipes.com/recipe/244458/buttered-noodles/
2026-01-11 16:36:05,606 - INFO - Fetching URL: https://www.allrecipes.com/recipe/140930/southern-fried-catfish/
2026-01-11 16:36:06,291 - INFO - Fetching URL: https://www.allrecipes.com/recipe/272858/air-fryer-chicken-thighs/
2026-01-11 16:36:06,942 - INFO - Fetching URL: https://www.allrecipes.com/recipe/232906/simple-broiled-haddock/
2026-01-11 16:36:07,882 - INFO - Fetching URL: https://www.allrecipes.com/recipe/12011/easy-lasagna-ii/
2026-01-11 16:36:08,729 - INFO - Fetching URL: https://www.allrecipes.com/recipe/21306/fish-in-foil/
2026-01-11 16:36:09,485 - INFO - Fetching URL: https://www.allrecipes.com/recipe/269500/creamy-garlic-pasta/
2026-01-11 16:36:10,441 - INFO - Fetching URL: https://www.allrecipes.com/recipe/220597/simple-garlic-shrimp/
2026-01-11 16:36:11,127 - INFO - Fetching URL: https://www.allrecipes.com/recipe/46982/pesto-pasta-with-chicken/
2026-01-11 16:36:11,882 - INFO - Fetching URL: https://www.allrecipes.com/recipe/8571/blackened-chicken/
2026-01-11 16:36:12,636 - INFO - Fetching URL: https://www.allrecipes.com/recipe/11951/linguine-with-clam-sauce/
2026-01-11 16:36:13,641 - INFO - Fetching URL: https://www.allrecipes.com/recipe/100195/baked-haddock/
2026-01-11 16:36:14,452 - INFO - Fetching URL: https://www.allrecipes.com/recipe/231939/honey-glazed-chicken/
2026-01-11 16:36:15,296 - INFO - Fetching URL: https://www.allrecipes.com/recipe/16305/sweet-and-sour-meatballs-ii/
2026-01-11 16:36:15,940 - INFO - Fetching URL: https://www.allrecipes.com/recipe/93234/honey-walnut-shrimp/
2026-01-11 16:36:16,629 - INFO - Fetching URL: https://www.allrecipes.com/recipe/14554/sirloin-steak-with-garlic-butter/
2026-01-11 16:36:17,291 - INFO - Fetching URL: https://www.allrecipes.com/recipe/134483/chicago-style-hot-dog/
2026-01-11 16:36:17,960 - INFO - Fetching URL: https://www.allrecipes.com/recipe/189058/super-simple-salmon/
2026-01-11 16:36:18,850 - INFO - Fetching URL: https://www.allrecipes.com/recipe/12775/spicy-grilled-shrimp/
2026-01-11 16:36:19,590 - INFO - Fetching URL: https://www.allrecipes.com/recipe/236814/baked-fresh-rainbow-trout/
2026-01-11 16:36:20,449 - INFO - Fetching URL: https://www.allrecipes.com/recipe/155375/crab-legs-with-garlic-butter-sauce/
2026-01-11 16:36:21,180 - INFO - Fetching URL: https://www.allrecipes.com/recipe/244950/baked-chicken-schnitzel/
2026-01-11 16:36:21,927 - INFO - Fetching URL: https://www.allrecipes.com/recipe/76659/heavenly-halibut/
2026-01-11 16:36:22,654 - INFO - Fetching URL: https://www.allrecipes.com/recipe/231549/baked-flounder-with-panko-and-parmesan/
2026-01-11 16:36:23,558 - INFO - Fetching URL: https://www.allrecipes.com/recipe/220164/classic-cuban-style-picadillo/
2026-01-11 16:36:24,324 - INFO - Fetching URL: https://www.allrecipes.com/recipe/239428/crispy-panko-chicken-breasts/
2026-01-11 16:36:24,971 - INFO - Fetching URL: https://www.allrecipes.com/recipe/82347/best-ever-crab-cakes/
2026-01-11 16:36:25,673 - INFO - Fetching URL: https://www.allrecipes.com/recipe/69471/baby-spinach-omelet/
2026-01-11 16:36:26,625 - INFO - Fetching URL: https://www.allrecipes.com/recipe/26286/quick-and-easy-chicken-spaghetti/
2026-01-11 16:36:27,315 - INFO - Fetching URL: https://www.allrecipes.com/recipe/22538/baked-salmon-fillets-dijon/
2026-01-11 16:36:27,956 - INFO - Fetching URL: https://www.allrecipes.com/recipe/240130/scrumptious-salmon-cakes/
2026-01-11 16:36:28,632 - INFO - Fetching URL: https://www.allrecipes.com/recipe/218562/super-easy-chicken-and-dumplings/
2026-01-11 16:36:29,336 - INFO - Fetching URL: https://www.allrecipes.com/recipe/71698/sesame-seared-tuna/
2026-01-11 16:36:30,019 - INFO - Fetching URL: https://www.allrecipes.com/recipe/228056/parmesan-crusted-tilapia-fillets/
2026-01-11 16:36:30,642 - INFO - Fetching URL: https://www.allrecipes.com/recipe/38028/blackened-fish/
2026-01-11 16:36:31,451 - INFO - Fetching URL: https://www.allrecipes.com/recipe/216757/savory-sea-scallops-and-angel-hair-pasta/
2026-01-11 16:36:32,434 - INFO - Fetching URL: https://www.allrecipes.com/recipe/127500/japanese-style-deep-fried-shrimp/
2026-01-11 16:36:33,095 - INFO - Fetching URL: https://www.allrecipes.com/recipe/220751/quick-chicken-piccata/
2026-01-11 16:36:34,053 - INFO - Fetching URL: https://www.allrecipes.com/recipe/20107/beer-batter-fish-made-great/
2026-01-11 16:36:34,769 - INFO - Fetching URL: https://www.allrecipes.com/recipe/280935/air-fryer-tilapia-with-fresh-lemon-pepper/
2026-01-11 16:36:35,409 - INFO - Fetching URL: https://www.allrecipes.com/recipe/36487/blackened-salmon-fillets/
2026-01-11 16:36:36,406 - INFO - Fetching URL: https://www.allrecipes.com/recipe/276006/air-fryer-lobster-tails-with-lemon-garlic-butter/
2026-01-11 16:36:37,091 - INFO - Writing 57 recipes to recipe_data_1.csv...
2026-01-11 16:36:37,095 - INFO - Successfully saved 57 recipes to recipe_data_1.csv
2026-01-11 16:56:53,974 - INFO - Read 57 URLs from 30-minute-meals-recipe-urls.txt
2026-01-11 16:56:53,975 - INFO - Fetching URL: https://www.allrecipes.com/recipe/8508776/homemade-pasta-roni/
2026-01-11 16:56:54,633 - WARNING - Could not extract cuisine: SchemaOrgException - recipe-scrapers (15.11.0) exception: No cuisine data in SchemaOrg.
2026-01-11 16:56:54,803 - INFO - Fetching URL: https://www.allrecipes.com/recipe/47015/quick-and-easy-pancit/
2026-01-11 16:56:55,464 - INFO - Fetching URL: https://www.allrecipes.com/recipe/23431/to-die-for-fettuccine-alfredo/
2026-01-11 16:56:56,394 - INFO - Fetching URL: https://www.allrecipes.com/recipe/228823/quick-beef-stir-fry/
2026-01-11 16:56:57,086 - INFO - Fetching URL: https://www.allrecipes.com/recipe/11887/pesto-pasta/
2026-01-11 16:56:57,745 - INFO - Fetching URL: https://www.allrecipes.com/recipe/257938/spicy-thai-basil-chicken-pad-krapow-gai/
2026-01-11 16:56:58,738 - INFO - Fetching URL: https://www.allrecipes.com/recipe/72068/chicken-katsu/
2026-01-11 16:56:59,432 - INFO - Fetching URL: https://www.allrecipes.com/recipe/16311/simple-beef-stroganoff/
2026-01-11 16:57:00,211 - INFO - Fetching URL: https://www.allrecipes.com/recipe/8887/chicken-marsala/
2026-01-11 16:57:00,870 - INFO - Fetching URL: https://www.allrecipes.com/recipe/201934/pan-seared-tilapia/
2026-01-11 16:57:01,587 - INFO - Fetching URL: https://www.allrecipes.com/recipe/230857/easy-tuna-patties/
2026-01-11 16:57:02,286 - INFO - Fetching URL: https://www.allrecipes.com/recipe/132358/easy-garlic-lemon-scallops/
2026-01-11 16:57:03,064 - INFO - Fetching URL: https://www.allrecipes.com/recipe/15559/black-beans-and-rice/
2026-01-11 16:57:03,885 - INFO - Fetching URL: https://www.allrecipes.com/recipe/9025/bourbon-chicken/
2026-01-11 16:57:04,620 - INFO - Fetching URL: https://www.allrecipes.com/recipe/20225/creamed-chipped-beef-on-toast/
2026-01-11 16:57:05,367 - INFO - Fetching URL: https://www.allrecipes.com/recipe/244458/buttered-noodles/
2026-01-11 16:57:06,017 - INFO - Fetching URL: https://www.allrecipes.com/recipe/140930/southern-fried-catfish/
2026-01-11 16:57:06,666 - INFO - Fetching URL: https://www.allrecipes.com/recipe/272858/air-fryer-chicken-thighs/
2026-01-11 16:57:07,329 - INFO - Fetching URL: https://www.allrecipes.com/recipe/232906/simple-broiled-haddock/
2026-01-11 16:57:08,545 - INFO - Fetching URL: https://www.allrecipes.com/recipe/12011/easy-lasagna-ii/
2026-01-11 16:57:09,293 - INFO - Fetching URL: https://www.allrecipes.com/recipe/21306/fish-in-foil/
2026-01-11 16:57:10,134 - INFO - Fetching URL: https://www.allrecipes.com/recipe/269500/creamy-garlic-pasta/
2026-01-11 16:57:10,859 - INFO - Fetching URL: https://www.allrecipes.com/recipe/220597/simple-garlic-shrimp/
2026-01-11 16:57:11,514 - INFO - Fetching URL: https://www.allrecipes.com/recipe/46982/pesto-pasta-with-chicken/
2026-01-11 16:57:12,182 - INFO - Fetching URL: https://www.allrecipes.com/recipe/8571/blackened-chicken/
2026-01-11 16:57:12,834 - INFO - Fetching URL: https://www.allrecipes.com/recipe/11951/linguine-with-clam-sauce/
2026-01-11 16:57:13,467 - INFO - Fetching URL: https://www.allrecipes.com/recipe/100195/baked-haddock/
2026-01-11 16:57:14,167 - INFO - Fetching URL: https://www.allrecipes.com/recipe/231939/honey-glazed-chicken/
2026-01-11 16:57:14,960 - INFO - Fetching URL: https://www.allrecipes.com/recipe/16305/sweet-and-sour-meatballs-ii/
2026-01-11 16:57:15,887 - INFO - Fetching URL: https://www.allrecipes.com/recipe/93234/honey-walnut-shrimp/
2026-01-11 16:57:16,496 - INFO - Fetching URL: https://www.allrecipes.com/recipe/14554/sirloin-steak-with-garlic-butter/
2026-01-11 16:57:17,177 - INFO - Fetching URL: https://www.allrecipes.com/recipe/134483/chicago-style-hot-dog/
2026-01-11 16:57:17,832 - INFO - Fetching URL: https://www.allrecipes.com/recipe/189058/super-simple-salmon/
2026-01-11 16:57:18,458 - INFO - Fetching URL: https://www.allrecipes.com/recipe/12775/spicy-grilled-shrimp/
2026-01-11 16:57:19,362 - INFO - Fetching URL: https://www.allrecipes.com/recipe/236814/baked-fresh-rainbow-trout/
2026-01-11 16:57:20,170 - INFO - Fetching URL: https://www.allrecipes.com/recipe/155375/crab-legs-with-garlic-butter-sauce/
2026-01-11 16:57:21,091 - INFO - Fetching URL: https://www.allrecipes.com/recipe/244950/baked-chicken-schnitzel/
2026-01-11 16:57:21,775 - INFO - Fetching URL: https://www.allrecipes.com/recipe/76659/heavenly-halibut/
2026-01-11 16:57:22,434 - INFO - Fetching URL: https://www.allrecipes.com/recipe/231549/baked-flounder-with-panko-and-parmesan/
2026-01-11 16:57:23,048 - INFO - Fetching URL: https://www.allrecipes.com/recipe/220164/classic-cuban-style-picadillo/
2026-01-11 16:57:23,709 - INFO - Fetching URL: https://www.allrecipes.com/recipe/239428/crispy-panko-chicken-breasts/
2026-01-11 16:57:24,344 - INFO - Fetching URL: https://www.allrecipes.com/recipe/82347/best-ever-crab-cakes/
2026-01-11 16:57:25,097 - INFO - Fetching URL: https://www.allrecipes.com/recipe/69471/baby-spinach-omelet/
2026-01-11 16:57:25,887 - INFO - Fetching URL: https://www.allrecipes.com/recipe/26286/quick-and-easy-chicken-spaghetti/
2026-01-11 16:57:26,836 - INFO - Fetching URL: https://www.allrecipes.com/recipe/22538/baked-salmon-fillets-dijon/
2026-01-11 16:57:27,489 - INFO - Fetching URL: https://www.allrecipes.com/recipe/240130/scrumptious-salmon-cakes/
2026-01-11 16:57:28,105 - INFO - Fetching URL: https://www.allrecipes.com/recipe/218562/super-easy-chicken-and-dumplings/
2026-01-11 16:57:28,749 - INFO - Fetching URL: https://www.allrecipes.com/recipe/71698/sesame-seared-tuna/
2026-01-11 16:57:29,417 - INFO - Fetching URL: https://www.allrecipes.com/recipe/228056/parmesan-crusted-tilapia-fillets/
2026-01-11 16:57:30,522 - INFO - Fetching URL: https://www.allrecipes.com/recipe/38028/blackened-fish/
2026-01-11 16:57:31,344 - INFO - Fetching URL: https://www.allrecipes.com/recipe/216757/savory-sea-scallops-and-angel-hair-pasta/
2026-01-11 16:57:32,026 - INFO - Fetching URL: https://www.allrecipes.com/recipe/127500/japanese-style-deep-fried-shrimp/
2026-01-11 16:57:32,921 - INFO - Fetching URL: https://www.allrecipes.com/recipe/220751/quick-chicken-piccata/
2026-01-11 16:57:33,570 - INFO - Fetching URL: https://www.allrecipes.com/recipe/20107/beer-batter-fish-made-great/
2026-01-11 16:57:34,212 - INFO - Fetching URL: https://www.allrecipes.com/recipe/280935/air-fryer-tilapia-with-fresh-lemon-pepper/
2026-01-11 16:57:34,793 - INFO - Fetching URL: https://www.allrecipes.com/recipe/36487/blackened-salmon-fillets/
2026-01-11 16:57:35,402 - INFO - Fetching URL: https://www.allrecipes.com/recipe/276006/air-fryer-lobster-tails-with-lemon-garlic-butter/
2026-01-11 16:57:36,068 - INFO - Writing 57 recipes to test.csv...
2026-01-11 16:57:36,072 - INFO - Successfully saved 57 recipes to test.csv
2026-01-11 17:02:09,933 - ERROR - URL file not found: test.txt
2026-01-11 17:02:39,053 - ERROR - URL file not found: test.txt
2026-01-11 17:04:31,274 - ERROR - URL file not found: test.txt
2026-01-11 17:04:59,328 - ERROR - URL file not found: test.txt
2026-01-14 22:36:50,701 - INFO - Read 91 URLs from bbcgoodfood_slow_cooker_recipes.txt
2026-01-14 22:36:50,702 - INFO - Fetching URL: https://www.bbcgoodfood.com/recipes/collection/budget-slow-cooker-recipes?page=2#site-main
2026-01-14 22:36:51,005 - WARNING - Could not extract prep_time: SchemaOrgException - recipe-scrapers (15.11.0) exception: Preptime information not found in SchemaOrg
2026-01-14 22:36:51,006 - WARNING - Could not extract cook_time: SchemaOrgException - recipe-scrapers (15.11.0) exception: Cooktime information not found in SchemaOrg
2026-01-14 22:36:51,006 - WARNING - Could not extract yields: SchemaOrgException - recipe-scrapers (15.11.0) exception: Servings information not found in SchemaOrg
2026-01-14 22:36:51,006 - WARNING - Could not extract cuisine: SchemaOrgException - recipe-scrapers (15.11.0) exception: No cuisine data in SchemaOrg.
2026-01-14 22:36:51,007 - WARNING - Error extracting rating for https://www.bbcgoodfood.com/recipes/collection/budget-slow-cooker-recipes?page=2#site-main: SchemaOrgException - recipe-scrapers (15.11.0) exception: No ratingValue in SchemaOrg.
2026-01-14 22:36:51,036 - INFO - Fetching URL: https://www.bbcgoodfood.com/recipes/collection/budget-slow-cooker-recipes?page=2#main-navigation-popup
2026-01-14 22:36:51,181 - WARNING - Could not extract prep_time: SchemaOrgException - recipe-scrapers (15.11.0) exception: Preptime information not found in SchemaOrg
2026-01-14 22:36:51,181 - WARNING - Could not extract cook_time: SchemaOrgException - recipe-scrapers (15.11.0) exception: Cooktime information not found in SchemaOrg
2026-01-14 22:36:51,182 - WARNING - Could not extract yields: SchemaOrgException - recipe-scrapers (15.11.0) exception: Servings information not found in SchemaOrg
2026-01-14 22:36:51,182 - WARNING - Could not extract cuisine: SchemaOrgException - recipe-scrapers (15.11.0) exception: No cuisine data in SchemaOrg.
2026-01-14 22:36:51,182 - WARNING - Error extracting rating for https://www.bbcgoodfood.com/recipes/collection/budget-slow-cooker-recipes?page=2#main-navigation-popup: SchemaOrgException - recipe-scrapers (15.11.0) exception: No ratingValue in SchemaOrg.
2026-01-14 22:36:51,205 - INFO - Fetching URL: https://www.bbcgoodfood.com/recipes/collection/budget-slow-cooker-recipes?page=2#search-popup
2026-01-14 22:36:51,344 - WARNING - Could not extract prep_time: SchemaOrgException - recipe-scrapers (15.11.0) exception: Preptime information not found in SchemaOrg
2026-01-14 22:36:51,344 - WARNING - Could not extract cook_time: SchemaOrgException - recipe-scrapers (15.11.0) exception: Cooktime information not found in SchemaOrg
2026-01-14 22:36:51,344 - WARNING - Could not extract yields: SchemaOrgException - recipe-scrapers (15.11.0) exception: Servings information not found in SchemaOrg
2026-01-14 22:36:51,345 - WARNING - Could not extract cuisine: SchemaOrgException - recipe-scrapers (15.11.0) exception: No cuisine data in SchemaOrg.
2026-01-14 22:36:51,345 - WARNING - Error extracting rating for https://www.bbcgoodfood.com/recipes/collection/budget-slow-cooker-recipes?page=2#search-popup: SchemaOrgException - recipe-scrapers (15.11.0) exception: No ratingValue in SchemaOrg.
2026-01-14 22:36:51,367 - INFO - Fetching URL: https://www.bbcgoodfood.com/recipes/collection/january-recipes
2026-01-14 22:36:51,507 - WARNING - Could not extract prep_time: SchemaOrgException - recipe-scrapers (15.11.0) exception: Preptime information not found in SchemaOrg
2026-01-14 22:36:51,507 - WARNING - Could not extract cook_time: SchemaOrgException - recipe-scrapers (15.11.0) exception: Cooktime information not found in SchemaOrg
2026-01-14 22:36:51,507 - WARNING - Could not extract yields: SchemaOrgException - recipe-scrapers (15.11.0) exception: Servings information not found in SchemaOrg
2026-01-14 22:36:51,507 - WARNING - Could not extract cuisine: SchemaOrgException - recipe-scrapers (15.11.0) exception: No cuisine data in SchemaOrg.
2026-01-14 22:36:51,508 - WARNING - Error extracting rating for https://www.bbcgoodfood.com/recipes/collection/january-recipes: SchemaOrgException - recipe-scrapers (15.11.0) exception: No ratingValue in SchemaOrg.
2026-01-14 22:36:51,530 - INFO - Fetching URL: https://www.bbcgoodfood.com/recipes/collection/soup-recipes
2026-01-14 22:36:51,672 - WARNING - Could not extract prep_time: SchemaOrgException - recipe-scrapers (15.11.0) exception: Preptime information not found in SchemaOrg
2026-01-14 22:36:51,672 - WARNING - Could not extract cook_time: SchemaOrgException - recipe-scrapers (15.11.0) exception: Cooktime information not found in SchemaOrg
2026-01-14 22:36:51,672 - WARNING - Could not extract yields: SchemaOrgException - recipe-scrapers (15.11.0) exception: Servings information not found in SchemaOrg
2026-01-14 22:36:51,673 - WARNING - Could not extract cuisine: SchemaOrgException - recipe-scrapers (15.11.0) exception: No cuisine data in SchemaOrg.
2026-01-14 22:36:51,673 - WARNING - Error extracting rating for https://www.bbcgoodfood.com/recipes/collection/soup-recipes: SchemaOrgException - recipe-scrapers (15.11.0) exception: No ratingValue in SchemaOrg.
2026-01-14 22:36:51,695 - INFO - Fetching URL: https://www.bbcgoodfood.com/recipes/collection/best-healthy-soup-recipes
2026-01-14 22:36:51,841 - WARNING - Could not extract prep_time: SchemaOrgException - recipe-scrapers (15.11.0) exception: Preptime information not found in SchemaOrg
2026-01-14 22:36:51,842 - WARNING - Could not extract cook_time: SchemaOrgException - recipe-scrapers (15.11.0) exception: Cooktime information not found in SchemaOrg
2026-01-14 22:36:51,842 - WARNING - Could not extract yields: SchemaOrgException - recipe-scrapers (15.11.0) exception: Servings information not found in SchemaOrg
2026-01-14 22:36:51,842 - WARNING - Could not extract cuisine: SchemaOrgException - recipe-scrapers (15.11.0) exception: No cuisine data in SchemaOrg.
2026-01-14 22:36:51,842 - WARNING - Error extracting rating for https://www.bbcgoodfood.com/recipes/collection/best-healthy-soup-recipes: SchemaOrgException - recipe-scrapers (15.11.0) exception: No ratingValue in SchemaOrg.
2026-01-14 22:36:51,891 - INFO - Fetching URL: https://www.bbcgoodfood.com/recipes/collection/quick-and-easy-family-recipes
2026-01-14 22:36:52,028 - WARNING - Could not extract prep_time: SchemaOrgException - recipe-scrapers (15.11.0) exception: Preptime information not found in SchemaOrg
2026-01-14 22:36:52,029 - WARNING - Could not extract cook_time: SchemaOrgException - recipe-scrapers (15.11.0) exception: Cooktime information not found in SchemaOrg
2026-01-14 22:36:52,029 - WARNING - Could not extract yields: SchemaOrgException - recipe-scrapers (15.11.0) exception: Servings information not found in SchemaOrg
2026-01-14 22:36:52,029 - WARNING - Could not extract cuisine: SchemaOrgException - recipe-scrapers (15.11.0) exception: No cuisine data in SchemaOrg.
2026-01-14 22:36:52,029 - WARNING - Error extracting rating for https://www.bbcgoodfood.com/recipes/collection/quick-and-easy-family-recipes: SchemaOrgException - recipe-scrapers (15.11.0) exception: No ratingValue in SchemaOrg.
2026-01-14 22:36:52,050 - INFO - Fetching URL: https://www.bbcgoodfood.com/recipes/collection/family-meal-recipes
2026-01-14 22:36:52,186 - WARNING - Could not extract prep_time: SchemaOrgException - recipe-scrapers (15.11.0) exception: Preptime information not found in SchemaOrg
2026-01-14 22:36:52,187 - WARNING - Could not extract cook_time: SchemaOrgException - recipe-scrapers (15.11.0) exception: Cooktime information not found in SchemaOrg
2026-01-14 22:36:52,187 - WARNING - Could not extract yields: SchemaOrgException - recipe-scrapers (15.11.0) exception: Servings information not found in SchemaOrg
2026-01-14 22:36:52,187 - WARNING - Could not extract cuisine: SchemaOrgException - recipe-scrapers (15.11.0) exception: No cuisine data in SchemaOrg.
2026-01-14 22:36:52,187 - WARNING - Error extracting rating for https://www.bbcgoodfood.com/recipes/collection/family-meal-recipes: SchemaOrgException - recipe-scrapers (15.11.0) exception: No ratingValue in SchemaOrg.
2026-01-14 22:36:52,209 - INFO - Fetching URL: https://www.bbcgoodfood.com/recipes/collection/one-pot-recipes
2026-01-14 22:36:52,346 - WARNING - Could not extract prep_time: SchemaOrgException - recipe-scrapers (15.11.0) exception: Preptime information not found in SchemaOrg
2026-01-14 22:36:52,346 - WARNING - Could not extract cook_time: SchemaOrgException - recipe-scrapers (15.11.0) exception: Cooktime information not found in SchemaOrg
2026-01-14 22:36:52,346 - WARNING - Could not extract yields: SchemaOrgException - recipe-scrapers (15.11.0) exception: Servings information not found in SchemaOrg
2026-01-14 22:36:52,347 - WARNING - Could not extract cuisine: SchemaOrgException - recipe-scrapers (15.11.0) exception: No cuisine data in SchemaOrg.
2026-01-14 22:36:52,347 - WARNING - Error extracting rating for https://www.bbcgoodfood.com/recipes/collection/one-pot-recipes: SchemaOrgException - recipe-scrapers (15.11.0) exception: No ratingValue in SchemaOrg.
2026-01-14 22:36:52,368 - INFO - Fetching URL: https://www.bbcgoodfood.com/recipes/collection/slow-cooker-recipes
2026-01-14 22:36:52,506 - WARNING - Could not extract prep_time: SchemaOrgException - recipe-scrapers (15.11.0) exception: Preptime information not found in SchemaOrg
2026-01-14 22:36:52,506 - WARNING - Could not extract cook_time: SchemaOrgException - recipe-scrapers (15.11.0) exception: Cooktime information not found in SchemaOrg
2026-01-14 22:36:52,506 - WARNING - Could not extract yields: SchemaOrgException - recipe-scrapers (15.11.0) exception: Servings information not found in SchemaOrg
2026-01-14 22:36:52,506 - WARNING - Could not extract cuisine: SchemaOrgException - recipe-scrapers (15.11.0) exception: No cuisine data in SchemaOrg.
2026-01-14 22:36:52,506 - WARNING - Error extracting rating for https://www.bbcgoodfood.com/recipes/collection/slow-cooker-recipes: SchemaOrgException - recipe-scrapers (15.11.0) exception: No ratingValue in SchemaOrg.
2026-01-14 22:36:52,528 - INFO - Fetching URL: https://www.bbcgoodfood.com/recipes/collection/traybake-dinner-recipes
2026-01-14 22:36:52,673 - WARNING - Could not extract prep_time: SchemaOrgException - recipe-scrapers (15.11.0) exception: Preptime information not found in SchemaOrg
2026-01-14 22:36:52,674 - WARNING - Could not extract cook_time: SchemaOrgException - recipe-scrapers (15.11.0) exception: Cooktime information not found in SchemaOrg
2026-01-14 22:36:52,674 - WARNING - Could not extract yields: SchemaOrgException - recipe-scrapers (15.11.0) exception: Servings information not found in SchemaOrg
2026-01-14 22:36:52,674 - WARNING - Error extracting rating for https://www.bbcgoodfood.com/recipes/collection/traybake-dinner-recipes: SchemaOrgException - recipe-scrapers (15.11.0) exception: No ratingValue in SchemaOrg.
2026-01-14 22:36:52,696 - INFO - Fetching URL: https://www.bbcgoodfood.com/recipes/collection/air-fryer-recipes
2026-01-14 22:36:52,895 - WARNING - Could not extract prep_time: SchemaOrgException - recipe-scrapers (15.11.0) exception: Preptime information not found in SchemaOrg
2026-01-14 22:36:52,895 - WARNING - Could not extract cook_time: SchemaOrgException - recipe-scrapers (15.11.0) exception: Cooktime information not found in SchemaOrg
2026-01-14 22:36:52,896 - WARNING - Could not extract yields: SchemaOrgException - recipe-scrapers (15.11.0) exception: Servings information not found in SchemaOrg
2026-01-14 22:36:52,896 - WARNING - Could not extract cuisine: SchemaOrgException - recipe-scrapers (15.11.0) exception: No cuisine data in SchemaOrg.
2026-01-14 22:36:52,896 - WARNING - Error extracting rating for https://www.bbcgoodfood.com/recipes/collection/air-fryer-recipes: SchemaOrgException - recipe-scrapers (15.11.0) exception: No ratingValue in SchemaOrg.
2026-01-14 22:36:52,919 - INFO - Fetching URL: https://www.bbcgoodfood.com/recipes/collection/batch-cooking-recipes
2026-01-14 22:36:53,055 - WARNING - Could not extract prep_time: SchemaOrgException - recipe-scrapers (15.11.0) exception: Preptime information not found in SchemaOrg
2026-01-14 22:36:53,056 - WARNING - Could not extract cook_time: SchemaOrgException - recipe-scrapers (15.11.0) exception: Cooktime information not found in SchemaOrg
2026-01-14 22:36:53,056 - WARNING - Could not extract yields: SchemaOrgException - recipe-scrapers (15.11.0) exception: Servings information not found in SchemaOrg
2026-01-14 22:36:53,056 - WARNING - Could not extract cuisine: SchemaOrgException - recipe-scrapers (15.11.0) exception: No cuisine data in SchemaOrg.
2026-01-14 22:36:53,056 - WARNING - Error extracting rating for https://www.bbcgoodfood.com/recipes/collection/batch-cooking-recipes: SchemaOrgException - recipe-scrapers (15.11.0) exception: No ratingValue in SchemaOrg.
2026-01-14 22:36:53,080 - INFO - Fetching URL: https://www.bbcgoodfood.com/recipes/category/special-occasion-collections
2026-01-14 22:36:53,191 - WARNING - Could not extract title: RecipeSchemaNotFound - recipe-scrapers (15.11.0) exception: No Recipe Schema found at https://www.bbcgoodfood.com/recipes/category/special-occasion-collections.
2026-01-14 22:36:53,191 - WARNING - Could not extract description: RecipeSchemaNotFound - recipe-scrapers (15.11.0) exception: No Recipe Schema found at https://www.bbcgoodfood.com/recipes/category/special-occasion-collections.
2026-01-14 22:36:53,192 - WARNING - Could not extract prep_time: RecipeSchemaNotFound - recipe-scrapers (15.11.0) exception: No Recipe Schema found at https://www.bbcgoodfood.com/recipes/category/special-occasion-collections.
2026-01-14 22:36:53,192 - WARNING - Could not extract cook_time: RecipeSchemaNotFound - recipe-scrapers (15.11.0) exception: No Recipe Schema found at https://www.bbcgoodfood.com/recipes/category/special-occasion-collections.
2026-01-14 22:36:53,192 - WARNING - Could not extract yields: RecipeSchemaNotFound - recipe-scrapers (15.11.0) exception: No Recipe Schema found at https://www.bbcgoodfood.com/recipes/category/special-occasion-collections.
2026-01-14 22:36:53,192 - WARNING - Could not extract ingredients: RecipeSchemaNotFound - recipe-scrapers (15.11.0) exception: No Recipe Schema found at https://www.bbcgoodfood.com/recipes/category/special-occasion-collections.
2026-01-14 22:36:53,193 - WARNING - Could not extract instructions: RecipeSchemaNotFound - recipe-scrapers (15.11.0) exception: No Recipe Schema found at https://www.bbcgoodfood.com/recipes/category/special-occasion-collections.
2026-01-14 22:36:53,193 - WARNING - Could not extract nutrients: RecipeSchemaNotFound - recipe-scrapers (15.11.0) exception: No Recipe Schema found at https://www.bbcgoodfood.com/recipes/category/special-occasion-collections.
2026-01-14 22:36:53,193 - WARNING - Could not extract cuisine: RecipeSchemaNotFound - recipe-scrapers (15.11.0) exception: No Recipe Schema found at https://www.bbcgoodfood.com/recipes/category/special-occasion-collections.
2026-01-14 22:36:53,193 - WARNING - Could not extract category: RecipeSchemaNotFound - recipe-scrapers (15.11.0) exception: No Recipe Schema found at https://www.bbcgoodfood.com/recipes/category/special-occasion-collections.
2026-01-14 22:36:53,193 - WARNING - Error extracting rating for https://www.bbcgoodfood.com/recipes/category/special-occasion-collections: RecipeSchemaNotFound - recipe-scrapers (15.11.0) exception: No Recipe Schema found at https://www.bbcgoodfood.com/recipes/category/special-occasion-collections.
2026-01-14 22:36:53,278 - INFO - Fetching URL: https://www.bbcgoodfood.com/recipes/collection/top-winter-recipes
2026-01-14 22:36:53,550 - WARNING - Could not extract title: RecipeSchemaNotFound - recipe-scrapers (15.11.0) exception: No Recipe Schema found at https://www.bbcgoodfood.com/recipes/collection/top-winter-recipes.
2026-01-14 22:36:53,550 - WARNING - Could not extract description: RecipeSchemaNotFound - recipe-scrapers (15.11.0) exception: No Recipe Schema found at https://www.bbcgoodfood.com/recipes/collection/top-winter-recipes.
2026-01-14 22:36:53,558 - WARNING - Could not extract prep_time: RecipeSchemaNotFound - recipe-scrapers (15.11.0) exception: No Recipe Schema found at https://www.bbcgoodfood.com/recipes/collection/top-winter-recipes.
2026-01-14 22:36:53,558 - WARNING - Could not extract cook_time: RecipeSchemaNotFound - recipe-scrapers (15.11.0) exception: No Recipe Schema found at https://www.bbcgoodfood.com/recipes/collection/top-winter-recipes.
2026-01-14 22:36:53,558 - WARNING - Could not extract yields: RecipeSchemaNotFound - recipe-scrapers (15.11.0) exception: No Recipe Schema found at https://www.bbcgoodfood.com/recipes/collection/top-winter-recipes.
2026-01-14 22:36:53,558 - WARNING - Could not extract ingredients: RecipeSchemaNotFound - recipe-scrapers (15.11.0) exception: No Recipe Schema found at https://www.bbcgoodfood.com/recipes/collection/top-winter-recipes.
2026-01-14 22:36:53,558 - WARNING - Could not extract instructions: RecipeSchemaNotFound - recipe-scrapers (15.11.0) exception: No Recipe Schema found at https://www.bbcgoodfood.com/recipes/collection/top-winter-recipes.
2026-01-14 22:36:53,559 - WARNING - Could not extract nutrients: RecipeSchemaNotFound - recipe-scrapers (15.11.0) exception: No Recipe Schema found at https://www.bbcgoodfood.com/recipes/collection/top-winter-recipes.
2026-01-14 22:36:53,559 - WARNING - Could not extract cuisine: RecipeSchemaNotFound - recipe-scrapers (15.11.0) exception: No Recipe Schema found at https://www.bbcgoodfood.com/recipes/collection/top-winter-recipes.
2026-01-14 22:36:53,559 - WARNING - Could not extract category: RecipeSchemaNotFound - recipe-scrapers (15.11.0) exception: No Recipe Schema found at https://www.bbcgoodfood.com/recipes/collection/top-winter-recipes.
2026-01-14 22:36:53,559 - WARNING - Error extracting rating for https://www.bbcgoodfood.com/recipes/collection/top-winter-recipes: RecipeSchemaNotFound - recipe-scrapers (15.11.0) exception: No Recipe Schema found at https://www.bbcgoodfood.com/recipes/collection/top-winter-recipes.
2026-01-14 22:36:53,925 - INFO - Fetching URL: https://www.bbcgoodfood.com/recipes/collection/burns-night-recipes
2026-01-14 22:36:54,063 - WARNING - Could not extract prep_time: SchemaOrgException - recipe-scrapers (15.11.0) exception: Preptime information not found in SchemaOrg
2026-01-14 22:36:54,063 - WARNING - Could not extract cook_time: SchemaOrgException - recipe-scrapers (15.11.0) exception: Cooktime information not found in SchemaOrg
2026-01-14 22:36:54,063 - WARNING - Could not extract yields: SchemaOrgException - recipe-scrapers (15.11.0) exception: Servings information not found in SchemaOrg
2026-01-14 22:36:54,064 - WARNING - Could not extract cuisine: SchemaOrgException - recipe-scrapers (15.11.0) exception: No cuisine data in SchemaOrg.
2026-01-14 22:36:54,064 - WARNING - Error extracting rating for https://www.bbcgoodfood.com/recipes/collection/burns-night-recipes: SchemaOrgException - recipe-scrapers (15.11.0) exception: No ratingValue in SchemaOrg.
2026-01-14 22:36:54,086 - INFO - Fetching URL: https://www.bbcgoodfood.com/recipes/collection/breakfast-recipes
2026-01-14 22:36:54,226 - WARNING - Could not extract prep_time: SchemaOrgException - recipe-scrapers (15.11.0) exception: Preptime information not found in SchemaOrg
2026-01-14 22:36:54,226 - WARNING - Could not extract cook_time: SchemaOrgException - recipe-scrapers (15.11.0) exception: Cooktime information not found in SchemaOrg
2026-01-14 22:36:54,226 - WARNING - Could not extract yields: SchemaOrgException - recipe-scrapers (15.11.0) exception: Servings information not found in SchemaOrg
2026-01-14 22:36:54,227 - WARNING - Could not extract cuisine: SchemaOrgException - recipe-scrapers (15.11.0) exception: No cuisine data in SchemaOrg.
2026-01-14 22:36:54,227 - WARNING - Error extracting rating for https://www.bbcgoodfood.com/recipes/collection/breakfast-recipes: SchemaOrgException - recipe-scrapers (15.11.0) exception: No ratingValue in SchemaOrg.
2026-01-14 22:36:54,385 - INFO - Fetching URL: https://www.bbcgoodfood.com/recipes/collection/quick-lunch-recipes
2026-01-14 22:36:54,523 - WARNING - Could not extract prep_time: SchemaOrgException - recipe-scrapers (15.11.0) exception: Preptime information not found in SchemaOrg
2026-01-14 22:36:54,523 - WARNING - Could not extract cook_time: SchemaOrgException - recipe-scrapers (15.11.0) exception: Cooktime information not found in SchemaOrg
2026-01-14 22:36:54,524 - WARNING - Could not extract yields: SchemaOrgException - recipe-scrapers (15.11.0) exception: Servings information not found in SchemaOrg
2026-01-14 22:36:54,524 - WARNING - Could not extract cuisine: SchemaOrgException - recipe-scrapers (15.11.0) exception: No cuisine data in SchemaOrg.
2026-01-14 22:36:54,524 - WARNING - Error extracting rating for https://www.bbcgoodfood.com/recipes/collection/quick-lunch-recipes: SchemaOrgException - recipe-scrapers (15.11.0) exception: No ratingValue in SchemaOrg.
2026-01-14 22:36:54,546 - INFO - Fetching URL: https://www.bbcgoodfood.com/recipes/collection/easy-dinner-recipes
2026-01-14 22:36:54,702 - WARNING - Could not extract prep_time: SchemaOrgException - recipe-scrapers (15.11.0) exception: Preptime information not found in SchemaOrg
2026-01-14 22:36:54,702 - WARNING - Could not extract cook_time: SchemaOrgException - recipe-scrapers (15.11.0) exception: Cooktime information not found in SchemaOrg
2026-01-14 22:36:54,702 - WARNING - Could not extract yields: SchemaOrgException - recipe-scrapers (15.11.0) exception: Servings information not found in SchemaOrg
2026-01-14 22:36:54,702 - WARNING - Could not extract cuisine: SchemaOrgException - recipe-scrapers (15.11.0) exception: No cuisine data in SchemaOrg.
2026-01-14 22:36:54,703 - WARNING - Error extracting rating for https://www.bbcgoodfood.com/recipes/collection/easy-dinner-recipes: SchemaOrgException - recipe-scrapers (15.11.0) exception: No ratingValue in SchemaOrg.
2026-01-14 22:36:54,725 - INFO - Fetching URL: https://www.bbcgoodfood.com/recipes/category/dietary-needs-collections
2026-01-14 22:36:54,847 - WARNING - Could not extract title: RecipeSchemaNotFound - recipe-scrapers (15.11.0) exception: No Recipe Schema found at https://www.bbcgoodfood.com/recipes/category/dietary-needs-collections.
2026-01-14 22:36:54,847 - WARNING - Could not extract description: RecipeSchemaNotFound - recipe-scrapers (15.11.0) exception: No Recipe Schema found at https://www.bbcgoodfood.com/recipes/category/dietary-needs-collections.
2026-01-14 22:36:54,848 - WARNING - Could not extract prep_time: RecipeSchemaNotFound - recipe-scrapers (15.11.0) exception: No Recipe Schema found at https://www.bbcgoodfood.com/recipes/category/dietary-needs-collections.
2026-01-14 22:36:54,848 - WARNING - Could not extract cook_time: RecipeSchemaNotFound - recipe-scrapers (15.11.0) exception: No Recipe Schema found at https://www.bbcgoodfood.com/recipes/category/dietary-needs-collections.
2026-01-14 22:36:54,848 - WARNING - Could not extract yields: RecipeSchemaNotFound - recipe-scrapers (15.11.0) exception: No Recipe Schema found at https://www.bbcgoodfood.com/recipes/category/dietary-needs-collections.
2026-01-14 22:36:54,849 - WARNING - Could not extract ingredients: RecipeSchemaNotFound - recipe-scrapers (15.11.0) exception: No Recipe Schema found at https://www.bbcgoodfood.com/recipes/category/dietary-needs-collections.
2026-01-14 22:36:54,849 - WARNING - Could not extract instructions: RecipeSchemaNotFound - recipe-scrapers (15.11.0) exception: No Recipe Schema found at https://www.bbcgoodfood.com/recipes/category/dietary-needs-collections.
2026-01-14 22:36:54,849 - WARNING - Could not extract nutrients: RecipeSchemaNotFound - recipe-scrapers (15.11.0) exception: No Recipe Schema found at https://www.bbcgoodfood.com/recipes/category/dietary-needs-collections.
2026-01-14 22:36:54,849 - WARNING - Could not extract cuisine: RecipeSchemaNotFound - recipe-scrapers (15.11.0) exception: No Recipe Schema found at https://www.bbcgoodfood.com/recipes/category/dietary-needs-collections.
2026-01-14 22:36:54,849 - WARNING - Could not extract category: RecipeSchemaNotFound - recipe-scrapers (15.11.0) exception: No Recipe Schema found at https://www.bbcgoodfood.com/recipes/category/dietary-needs-collections.
2026-01-14 22:36:54,849 - WARNING - Error extracting rating for https://www.bbcgoodfood.com/recipes/category/dietary-needs-collections: RecipeSchemaNotFound - recipe-scrapers (15.11.0) exception: No Recipe Schema found at https://www.bbcgoodfood.com/recipes/category/dietary-needs-collections.
2026-01-14 22:36:54,933 - INFO - Fetching URL: https://www.bbcgoodfood.com/recipes/collection/vegan-recipes
2026-01-14 22:36:55,085 - WARNING - Could not extract prep_time: SchemaOrgException - recipe-scrapers (15.11.0) exception: Preptime information not found in SchemaOrg
2026-01-14 22:36:55,085 - WARNING - Could not extract cook_time: SchemaOrgException - recipe-scrapers (15.11.0) exception: Cooktime information not found in SchemaOrg
2026-01-14 22:36:55,085 - WARNING - Could not extract yields: SchemaOrgException - recipe-scrapers (15.11.0) exception: Servings information not found in SchemaOrg
2026-01-14 22:36:55,086 - WARNING - Could not extract cuisine: SchemaOrgException - recipe-scrapers (15.11.0) exception: No cuisine data in SchemaOrg.
2026-01-14 22:36:55,086 - WARNING - Error extracting rating for https://www.bbcgoodfood.com/recipes/collection/vegan-recipes: SchemaOrgException - recipe-scrapers (15.11.0) exception: No ratingValue in SchemaOrg.
2026-01-14 22:36:55,109 - INFO - Fetching URL: https://www.bbcgoodfood.com/recipes/collection/vegetarian-dinner-recipes
2026-01-14 22:36:55,252 - WARNING - Could not extract prep_time: SchemaOrgException - recipe-scrapers (15.11.0) exception: Preptime information not found in SchemaOrg
2026-01-14 22:36:55,253 - WARNING - Could not extract cook_time: SchemaOrgException - recipe-scrapers (15.11.0) exception: Cooktime information not found in SchemaOrg
2026-01-14 22:36:55,253 - WARNING - Could not extract yields: SchemaOrgException - recipe-scrapers (15.11.0) exception: Servings information not found in SchemaOrg
2026-01-14 22:36:55,253 - WARNING - Could not extract cuisine: SchemaOrgException - recipe-scrapers (15.11.0) exception: No cuisine data in SchemaOrg.
2026-01-14 22:36:55,253 - WARNING - Error extracting rating for https://www.bbcgoodfood.com/recipes/collection/vegetarian-dinner-recipes: SchemaOrgException - recipe-scrapers (15.11.0) exception: No ratingValue in SchemaOrg.
2026-01-14 22:36:55,276 - INFO - Fetching URL: https://www.bbcgoodfood.com/recipes/category/cuisine-collections
2026-01-14 22:36:55,383 - WARNING - Could not extract title: RecipeSchemaNotFound - recipe-scrapers (15.11.0) exception: No Recipe Schema found at https://www.bbcgoodfood.com/recipes/category/cuisine-collections.
2026-01-14 22:36:55,383 - WARNING - Could not extract description: RecipeSchemaNotFound - recipe-scrapers (15.11.0) exception: No Recipe Schema found at https://www.bbcgoodfood.com/recipes/category/cuisine-collections.
2026-01-14 22:36:55,384 - WARNING - Could not extract prep_time: RecipeSchemaNotFound - recipe-scrapers (15.11.0) exception: No Recipe Schema found at https://www.bbcgoodfood.com/recipes/category/cuisine-collections.
2026-01-14 22:36:55,384 - WARNING - Could not extract cook_time: RecipeSchemaNotFound - recipe-scrapers (15.11.0) exception: No Recipe Schema found at https://www.bbcgoodfood.com/recipes/category/cuisine-collections.
2026-01-14 22:36:55,384 - WARNING - Could not extract yields: RecipeSchemaNotFound - recipe-scrapers (15.11.0) exception: No Recipe Schema found at https://www.bbcgoodfood.com/recipes/category/cuisine-collections.
2026-01-14 22:36:55,384 - WARNING - Could not extract ingredients: RecipeSchemaNotFound - recipe-scrapers (15.11.0) exception: No Recipe Schema found at https://www.bbcgoodfood.com/recipes/category/cuisine-collections.
2026-01-14 22:36:55,384 - WARNING - Could not extract instructions: RecipeSchemaNotFound - recipe-scrapers (15.11.0) exception: No Recipe Schema found at https://www.bbcgoodfood.com/recipes/category/cuisine-collections.
2026-01-14 22:36:55,384 - WARNING - Could not extract nutrients: RecipeSchemaNotFound - recipe-scrapers (15.11.0) exception: No Recipe Schema found at https://www.bbcgoodfood.com/recipes/category/cuisine-collections.
2026-01-14 22:36:55,384 - WARNING - Could not extract cuisine: RecipeSchemaNotFound - recipe-scrapers (15.11.0) exception: No Recipe Schema found at https://www.bbcgoodfood.com/recipes/category/cuisine-collections.
2026-01-14 22:36:55,385 - WARNING - Could not extract category: RecipeSchemaNotFound - recipe-scrapers (15.11.0) exception: No Recipe Schema found at https://www.bbcgoodfood.com/recipes/category/cuisine-collections.
2026-01-14 22:36:55,385 - WARNING - Error extracting rating for https://www.bbcgoodfood.com/recipes/category/cuisine-collections: RecipeSchemaNotFound - recipe-scrapers (15.11.0) exception: No Recipe Schema found at https://www.bbcgoodfood.com/recipes/category/cuisine-collections.
2026-01-14 22:36:55,594 - INFO - Fetching URL: https://www.bbcgoodfood.com/recipes/collection/gordon-ramsay-recipes
2026-01-14 22:36:55,763 - WARNING - Could not extract prep_time: SchemaOrgException - recipe-scrapers (15.11.0) exception: Preptime information not found in SchemaOrg
2026-01-14 22:36:55,763 - WARNING - Could not extract cook_time: SchemaOrgException - recipe-scrapers (15.11.0) exception: Cooktime information not found in SchemaOrg
2026-01-14 22:36:55,763 - WARNING - Could not extract yields: SchemaOrgException - recipe-scrapers (15.11.0) exception: Servings information not found in SchemaOrg
2026-01-14 22:36:55,763 - WARNING - Could not extract cuisine: SchemaOrgException - recipe-scrapers (15.11.0) exception: No cuisine data in SchemaOrg.
2026-01-14 22:36:55,764 - WARNING - Error extracting rating for https://www.bbcgoodfood.com/recipes/collection/gordon-ramsay-recipes: SchemaOrgException - recipe-scrapers (15.11.0) exception: No ratingValue in SchemaOrg.
2026-01-14 22:36:55,892 - INFO - Fetching URL: https://www.bbcgoodfood.com/recipes/collection/budget-batch-cooking-recipes
2026-01-14 22:36:56,030 - WARNING - Could not extract prep_time: SchemaOrgException - recipe-scrapers (15.11.0) exception: Preptime information not found in SchemaOrg
2026-01-14 22:36:56,030 - WARNING - Could not extract cook_time: SchemaOrgException - recipe-scrapers (15.11.0) exception: Cooktime information not found in SchemaOrg
2026-01-14 22:36:56,031 - WARNING - Could not extract yields: SchemaOrgException - recipe-scrapers (15.11.0) exception: Servings information not found in SchemaOrg
2026-01-14 22:36:56,031 - WARNING - Could not extract cuisine: SchemaOrgException - recipe-scrapers (15.11.0) exception: No cuisine data in SchemaOrg.
2026-01-14 22:36:56,031 - WARNING - Error extracting rating for https://www.bbcgoodfood.com/recipes/collection/budget-batch-cooking-recipes: SchemaOrgException - recipe-scrapers (15.11.0) exception: No ratingValue in SchemaOrg.
2026-01-14 22:36:56,054 - INFO - Fetching URL: https://www.bbcgoodfood.com/recipes/collection/healthy-batch-cooking-recipes-2
2026-01-14 22:36:56,198 - WARNING - Could not extract prep_time: SchemaOrgException - recipe-scrapers (15.11.0) exception: Preptime information not found in SchemaOrg
2026-01-14 22:36:56,198 - WARNING - Could not extract cook_time: SchemaOrgException - recipe-scrapers (15.11.0) exception: Cooktime information not found in SchemaOrg
2026-01-14 22:36:56,199 - WARNING - Could not extract yields: SchemaOrgException - recipe-scrapers (15.11.0) exception: Servings information not found in SchemaOrg
2026-01-14 22:36:56,199 - WARNING - Could not extract cuisine: SchemaOrgException - recipe-scrapers (15.11.0) exception: No cuisine data in SchemaOrg.
2026-01-14 22:36:56,199 - WARNING - Error extracting rating for https://www.bbcgoodfood.com/recipes/collection/healthy-batch-cooking-recipes-2: SchemaOrgException - recipe-scrapers (15.11.0) exception: No ratingValue in SchemaOrg.
2026-01-14 22:36:56,223 - INFO - Fetching URL: https://www.bbcgoodfood.com/recipes/collection/vegetarian-batch-cooking-recipes
2026-01-14 22:36:56,368 - WARNING - Could not extract prep_time: SchemaOrgException - recipe-scrapers (15.11.0) exception: Preptime information not found in SchemaOrg
2026-01-14 22:36:56,368 - WARNING - Could not extract cook_time: SchemaOrgException - recipe-scrapers (15.11.0) exception: Cooktime information not found in SchemaOrg
2026-01-14 22:36:56,369 - WARNING - Could not extract yields: SchemaOrgException - recipe-scrapers (15.11.0) exception: Servings information not found in SchemaOrg
2026-01-14 22:36:56,369 - WARNING - Could not extract cuisine: SchemaOrgException - recipe-scrapers (15.11.0) exception: No cuisine data in SchemaOrg.
2026-01-14 22:36:56,369 - WARNING - Error extracting rating for https://www.bbcgoodfood.com/recipes/collection/vegetarian-batch-cooking-recipes: SchemaOrgException - recipe-scrapers (15.11.0) exception: No ratingValue in SchemaOrg.
2026-01-14 22:36:56,393 - INFO - Fetching URL: https://www.bbcgoodfood.com/recipes/collection/leftovers-recipes
2026-01-14 22:36:56,530 - WARNING - Could not extract prep_time: SchemaOrgException - recipe-scrapers (15.11.0) exception: Preptime information not found in SchemaOrg
2026-01-14 22:36:56,530 - WARNING - Could not extract cook_time: SchemaOrgException - recipe-scrapers (15.11.0) exception: Cooktime information not found in SchemaOrg
2026-01-14 22:36:56,530 - WARNING - Could not extract yields: SchemaOrgException - recipe-scrapers (15.11.0) exception: Servings information not found in SchemaOrg
2026-01-14 22:36:56,531 - WARNING - Could not extract cuisine: SchemaOrgException - recipe-scrapers (15.11.0) exception: No cuisine data in SchemaOrg.
2026-01-14 22:36:56,531 - WARNING - Error extracting rating for https://www.bbcgoodfood.com/recipes/collection/leftovers-recipes: SchemaOrgException - recipe-scrapers (15.11.0) exception: No ratingValue in SchemaOrg.
2026-01-14 22:36:56,552 - INFO - Fetching URL: https://www.bbcgoodfood.com/recipes/collection/leftover-chicken-recipes
2026-01-14 22:36:56,690 - WARNING - Could not extract prep_time: SchemaOrgException - recipe-scrapers (15.11.0) exception: Preptime information not found in SchemaOrg
2026-01-14 22:36:56,690 - WARNING - Could not extract cook_time: SchemaOrgException - recipe-scrapers (15.11.0) exception: Cooktime information not found in SchemaOrg
2026-01-14 22:36:56,690 - WARNING - Could not extract yields: SchemaOrgException - recipe-scrapers (15.11.0) exception: Servings information not found in SchemaOrg
2026-01-14 22:36:56,690 - WARNING - Could not extract cuisine: SchemaOrgException - recipe-scrapers (15.11.0) exception: No cuisine data in SchemaOrg.
2026-01-14 22:36:56,691 - WARNING - Error extracting rating for https://www.bbcgoodfood.com/recipes/collection/leftover-chicken-recipes: SchemaOrgException - recipe-scrapers (15.11.0) exception: No ratingValue in SchemaOrg.
2026-01-14 22:36:56,711 - INFO - Fetching URL: https://www.bbcgoodfood.com/recipes/collection/leftover-rice-recipes
2026-01-14 22:36:56,855 - WARNING - Could not extract prep_time: SchemaOrgException - recipe-scrapers (15.11.0) exception: Preptime information not found in SchemaOrg
2026-01-14 22:36:56,855 - WARNING - Could not extract cook_time: SchemaOrgException - recipe-scrapers (15.11.0) exception: Cooktime information not found in SchemaOrg
2026-01-14 22:36:56,855 - WARNING - Could not extract yields: SchemaOrgException - recipe-scrapers (15.11.0) exception: Servings information not found in SchemaOrg
2026-01-14 22:36:56,856 - WARNING - Could not extract cuisine: SchemaOrgException - recipe-scrapers (15.11.0) exception: No cuisine data in SchemaOrg.
2026-01-14 22:36:56,856 - WARNING - Error extracting rating for https://www.bbcgoodfood.com/recipes/collection/leftover-rice-recipes: SchemaOrgException - recipe-scrapers (15.11.0) exception: No ratingValue in SchemaOrg.
2026-01-14 22:36:56,878 - INFO - Fetching URL: https://www.bbcgoodfood.com/recipes/collection/leftover-potato-recipes
2026-01-14 22:36:57,013 - WARNING - Could not extract prep_time: SchemaOrgException - recipe-scrapers (15.11.0) exception: Preptime information not found in SchemaOrg
2026-01-14 22:36:57,014 - WARNING - Could not extract cook_time: SchemaOrgException - recipe-scrapers (15.11.0) exception: Cooktime information not found in SchemaOrg
2026-01-14 22:36:57,014 - WARNING - Could not extract yields: SchemaOrgException - recipe-scrapers (15.11.0) exception: Servings information not found in SchemaOrg
2026-01-14 22:36:57,014 - WARNING - Could not extract cuisine: SchemaOrgException - recipe-scrapers (15.11.0) exception: No cuisine data in SchemaOrg.
2026-01-14 22:36:57,014 - WARNING - Error extracting rating for https://www.bbcgoodfood.com/recipes/collection/leftover-potato-recipes: SchemaOrgException - recipe-scrapers (15.11.0) exception: No ratingValue in SchemaOrg.
2026-01-14 22:36:57,048 - INFO - Fetching URL: https://www.bbcgoodfood.com/recipes/collection/freezable-recipes
2026-01-14 22:36:57,195 - WARNING - Could not extract prep_time: SchemaOrgException - recipe-scrapers (15.11.0) exception: Preptime information not found in SchemaOrg
2026-01-14 22:36:57,195 - WARNING - Could not extract cook_time: SchemaOrgException - recipe-scrapers (15.11.0) exception: Cooktime information not found in SchemaOrg
2026-01-14 22:36:57,195 - WARNING - Could not extract yields: SchemaOrgException - recipe-scrapers (15.11.0) exception: Servings information not found in SchemaOrg
2026-01-14 22:36:57,196 - WARNING - Could not extract cuisine: SchemaOrgException - recipe-scrapers (15.11.0) exception: No cuisine data in SchemaOrg.
2026-01-14 22:36:57,196 - WARNING - Error extracting rating for https://www.bbcgoodfood.com/recipes/collection/freezable-recipes: SchemaOrgException - recipe-scrapers (15.11.0) exception: No ratingValue in SchemaOrg.
2026-01-14 22:36:57,218 - INFO - Fetching URL: https://www.bbcgoodfood.com/recipes/collection/freezable-pasta-bake-recipes
2026-01-14 22:36:57,352 - WARNING - Could not extract prep_time: SchemaOrgException - recipe-scrapers (15.11.0) exception: Preptime information not found in SchemaOrg
2026-01-14 22:36:57,352 - WARNING - Could not extract cook_time: SchemaOrgException - recipe-scrapers (15.11.0) exception: Cooktime information not found in SchemaOrg
2026-01-14 22:36:57,353 - WARNING - Could not extract yields: SchemaOrgException - recipe-scrapers (15.11.0) exception: Servings information not found in SchemaOrg
2026-01-14 22:36:57,353 - WARNING - Could not extract cuisine: SchemaOrgException - recipe-scrapers (15.11.0) exception: No cuisine data in SchemaOrg.
2026-01-14 22:36:57,353 - WARNING - Error extracting rating for https://www.bbcgoodfood.com/recipes/collection/freezable-pasta-bake-recipes: SchemaOrgException - recipe-scrapers (15.11.0) exception: No ratingValue in SchemaOrg.
2026-01-14 22:36:57,498 - INFO - Fetching URL: https://www.bbcgoodfood.com/recipes/collection/healthy-freezable-recipes
2026-01-14 22:36:57,643 - WARNING - Could not extract prep_time: SchemaOrgException - recipe-scrapers (15.11.0) exception: Preptime information not found in SchemaOrg
2026-01-14 22:36:57,643 - WARNING - Could not extract cook_time: SchemaOrgException - recipe-scrapers (15.11.0) exception: Cooktime information not found in SchemaOrg
2026-01-14 22:36:57,644 - WARNING - Could not extract yields: SchemaOrgException - recipe-scrapers (15.11.0) exception: Servings information not found in SchemaOrg
2026-01-14 22:36:57,644 - WARNING - Could not extract cuisine: SchemaOrgException - recipe-scrapers (15.11.0) exception: No cuisine data in SchemaOrg.
2026-01-14 22:36:57,644 - WARNING - Error extracting rating for https://www.bbcgoodfood.com/recipes/collection/healthy-freezable-recipes: SchemaOrgException - recipe-scrapers (15.11.0) exception: No ratingValue in SchemaOrg.
2026-01-14 22:36:57,667 - INFO - Fetching URL: https://www.bbcgoodfood.com/recipes/collection/cheap-eat-recipes
2026-01-14 22:36:57,821 - WARNING - Could not extract prep_time: SchemaOrgException - recipe-scrapers (15.11.0) exception: Preptime information not found in SchemaOrg
2026-01-14 22:36:57,822 - WARNING - Could not extract cook_time: SchemaOrgException - recipe-scrapers (15.11.0) exception: Cooktime information not found in SchemaOrg
2026-01-14 22:36:57,822 - WARNING - Could not extract yields: SchemaOrgException - recipe-scrapers (15.11.0) exception: Servings information not found in SchemaOrg
2026-01-14 22:36:57,822 - WARNING - Could not extract cuisine: SchemaOrgException - recipe-scrapers (15.11.0) exception: No cuisine data in SchemaOrg.
2026-01-14 22:36:57,822 - WARNING - Error extracting rating for https://www.bbcgoodfood.com/recipes/collection/cheap-eat-recipes: SchemaOrgException - recipe-scrapers (15.11.0) exception: No ratingValue in SchemaOrg.
2026-01-14 22:36:57,846 - INFO - Fetching URL: https://www.bbcgoodfood.com/recipes/category/easy-and-budget-collections
2026-01-14 22:36:57,949 - WARNING - Could not extract title: RecipeSchemaNotFound - recipe-scrapers (15.11.0) exception: No Recipe Schema found at https://www.bbcgoodfood.com/recipes/category/easy-and-budget-collections.
2026-01-14 22:36:57,949 - WARNING - Could not extract description: RecipeSchemaNotFound - recipe-scrapers (15.11.0) exception: No Recipe Schema found at https://www.bbcgoodfood.com/recipes/category/easy-and-budget-collections.
2026-01-14 22:36:57,950 - WARNING - Could not extract prep_time: RecipeSchemaNotFound - recipe-scrapers (15.11.0) exception: No Recipe Schema found at https://www.bbcgoodfood.com/recipes/category/easy-and-budget-collections.
2026-01-14 22:36:57,950 - WARNING - Could not extract cook_time: RecipeSchemaNotFound - recipe-scrapers (15.11.0) exception: No Recipe Schema found at https://www.bbcgoodfood.com/recipes/category/easy-and-budget-collections.
2026-01-14 22:36:57,950 - WARNING - Could not extract yields: RecipeSchemaNotFound - recipe-scrapers (15.11.0) exception: No Recipe Schema found at https://www.bbcgoodfood.com/recipes/category/easy-and-budget-collections.
2026-01-14 22:36:57,950 - WARNING - Could not extract ingredients: RecipeSchemaNotFound - recipe-scrapers (15.11.0) exception: No Recipe Schema found at https://www.bbcgoodfood.com/recipes/category/easy-and-budget-collections.
2026-01-14 22:36:57,950 - WARNING - Could not extract instructions: RecipeSchemaNotFound - recipe-scrapers (15.11.0) exception: No Recipe Schema found at https://www.bbcgoodfood.com/recipes/category/easy-and-budget-collections.
2026-01-14 22:36:57,951 - WARNING - Could not extract nutrients: RecipeSchemaNotFound - recipe-scrapers (15.11.0) exception: No Recipe Schema found at https://www.bbcgoodfood.com/recipes/category/easy-and-budget-collections.
2026-01-14 22:36:57,951 - WARNING - Could not extract cuisine: RecipeSchemaNotFound - recipe-scrapers (15.11.0) exception: No Recipe Schema found at https://www.bbcgoodfood.com/recipes/category/easy-and-budget-collections.
2026-01-14 22:36:57,951 - WARNING - Could not extract category: RecipeSchemaNotFound - recipe-scrapers (15.11.0) exception: No Recipe Schema found at https://www.bbcgoodfood.com/recipes/category/easy-and-budget-collections.
2026-01-14 22:36:57,951 - WARNING - Error extracting rating for https://www.bbcgoodfood.com/recipes/category/easy-and-budget-collections: RecipeSchemaNotFound - recipe-scrapers (15.11.0) exception: No Recipe Schema found at https://www.bbcgoodfood.com/recipes/category/easy-and-budget-collections.
2026-01-14 22:36:58,032 - INFO - Fetching URL: https://www.bbcgoodfood.com/recipes/collection/cheap-family-suppers-recipes
2026-01-14 22:36:58,171 - WARNING - Could not extract prep_time: SchemaOrgException - recipe-scrapers (15.11.0) exception: Preptime information not found in SchemaOrg
2026-01-14 22:36:58,171 - WARNING - Could not extract cook_time: SchemaOrgException - recipe-scrapers (15.11.0) exception: Cooktime information not found in SchemaOrg
2026-01-14 22:36:58,171 - WARNING - Could not extract yields: SchemaOrgException - recipe-scrapers (15.11.0) exception: Servings information not found in SchemaOrg
2026-01-14 22:36:58,171 - WARNING - Could not extract cuisine: SchemaOrgException - recipe-scrapers (15.11.0) exception: No cuisine data in SchemaOrg.
2026-01-14 22:36:58,172 - WARNING - Error extracting rating for https://www.bbcgoodfood.com/recipes/collection/cheap-family-suppers-recipes: SchemaOrgException - recipe-scrapers (15.11.0) exception: No ratingValue in SchemaOrg.
2026-01-14 22:36:58,193 - INFO - Fetching URL: https://www.bbcgoodfood.com/recipes/collection/cheap-and-healthy-recipes
2026-01-14 22:36:58,465 - WARNING - Could not extract prep_time: SchemaOrgException - recipe-scrapers (15.11.0) exception: Preptime information not found in SchemaOrg
2026-01-14 22:36:58,465 - WARNING - Could not extract cook_time: SchemaOrgException - recipe-scrapers (15.11.0) exception: Cooktime information not found in SchemaOrg
2026-01-14 22:36:58,465 - WARNING - Could not extract yields: SchemaOrgException - recipe-scrapers (15.11.0) exception: Servings information not found in SchemaOrg
2026-01-14 22:36:58,465 - WARNING - Could not extract cuisine: SchemaOrgException - recipe-scrapers (15.11.0) exception: No cuisine data in SchemaOrg.
2026-01-14 22:36:58,466 - WARNING - Error extracting rating for https://www.bbcgoodfood.com/recipes/collection/cheap-and-healthy-recipes: SchemaOrgException - recipe-scrapers (15.11.0) exception: No ratingValue in SchemaOrg.
2026-01-14 22:36:58,490 - INFO - Fetching URL: https://www.bbcgoodfood.com/recipes/collection
2026-01-14 22:36:58,598 - WARNING - Could not extract title: RecipeSchemaNotFound - recipe-scrapers (15.11.0) exception: No Recipe Schema found at https://www.bbcgoodfood.com/recipes/collection.
2026-01-14 22:36:58,599 - WARNING - Could not extract description: RecipeSchemaNotFound - recipe-scrapers (15.11.0) exception: No Recipe Schema found at https://www.bbcgoodfood.com/recipes/collection.
2026-01-14 22:36:58,599 - WARNING - Could not extract prep_time: RecipeSchemaNotFound - recipe-scrapers (15.11.0) exception: No Recipe Schema found at https://www.bbcgoodfood.com/recipes/collection.
2026-01-14 22:36:58,600 - WARNING - Could not extract cook_time: RecipeSchemaNotFound - recipe-scrapers (15.11.0) exception: No Recipe Schema found at https://www.bbcgoodfood.com/recipes/collection.
2026-01-14 22:36:58,600 - WARNING - Could not extract yields: RecipeSchemaNotFound - recipe-scrapers (15.11.0) exception: No Recipe Schema found at https://www.bbcgoodfood.com/recipes/collection.
2026-01-14 22:36:58,600 - WARNING - Could not extract ingredients: RecipeSchemaNotFound - recipe-scrapers (15.11.0) exception: No Recipe Schema found at https://www.bbcgoodfood.com/recipes/collection.
2026-01-14 22:36:58,600 - WARNING - Could not extract instructions: RecipeSchemaNotFound - recipe-scrapers (15.11.0) exception: No Recipe Schema found at https://www.bbcgoodfood.com/recipes/collection.
2026-01-14 22:36:58,600 - WARNING - Could not extract nutrients: RecipeSchemaNotFound - recipe-scrapers (15.11.0) exception: No Recipe Schema found at https://www.bbcgoodfood.com/recipes/collection.
2026-01-14 22:36:58,600 - WARNING - Could not extract cuisine: RecipeSchemaNotFound - recipe-scrapers (15.11.0) exception: No Recipe Schema found at https://www.bbcgoodfood.com/recipes/collection.
2026-01-14 22:36:58,600 - WARNING - Could not extract category: RecipeSchemaNotFound - recipe-scrapers (15.11.0) exception: No Recipe Schema found at https://www.bbcgoodfood.com/recipes/collection.
2026-01-14 22:36:58,601 - WARNING - Error extracting rating for https://www.bbcgoodfood.com/recipes/collection: RecipeSchemaNotFound - recipe-scrapers (15.11.0) exception: No Recipe Schema found at https://www.bbcgoodfood.com/recipes/collection.
2026-01-14 22:36:58,691 - INFO - Fetching URL: https://www.bbcgoodfood.com/recipes/slow-cooker-chicken-chasseur
2026-01-14 22:36:58,816 - WARNING - Error extracting rating for https://www.bbcgoodfood.com/recipes/slow-cooker-chicken-chasseur: SchemaOrgException - recipe-scrapers (15.11.0) exception: No ratingValue in SchemaOrg.
2026-01-14 22:36:58,833 - INFO - Fetching URL: https://www.bbcgoodfood.com/recipes/slow-cooker-lamb-tagine
2026-01-14 22:36:58,975 - WARNING - Could not extract cuisine: SchemaOrgException - recipe-scrapers (15.11.0) exception: No cuisine data in SchemaOrg.
2026-01-14 22:36:58,975 - WARNING - Error extracting rating for https://www.bbcgoodfood.com/recipes/slow-cooker-lamb-tagine: SchemaOrgException - recipe-scrapers (15.11.0) exception: No ratingValue in SchemaOrg.
2026-01-14 22:36:58,993 - INFO - Fetching URL: https://www.bbcgoodfood.com/recipes/slow-cooker-ratatouille
2026-01-14 22:36:59,106 - WARNING - Could not extract cuisine: SchemaOrgException - recipe-scrapers (15.11.0) exception: No cuisine data in SchemaOrg.
2026-01-14 22:36:59,106 - WARNING - Error extracting rating for https://www.bbcgoodfood.com/recipes/slow-cooker-ratatouille: SchemaOrgException - recipe-scrapers (15.11.0) exception: No ratingValue in SchemaOrg.
2026-01-14 22:36:59,124 - INFO - Fetching URL: https://www.bbcgoodfood.com/recipes/slow-cooker-meatballs
2026-01-14 22:36:59,231 - WARNING - Could not extract cuisine: SchemaOrgException - recipe-scrapers (15.11.0) exception: No cuisine data in SchemaOrg.
2026-01-14 22:36:59,231 - WARNING - Error extracting rating for https://www.bbcgoodfood.com/recipes/slow-cooker-meatballs: SchemaOrgException - recipe-scrapers (15.11.0) exception: No ratingValue in SchemaOrg.
2026-01-14 22:36:59,247 - INFO - Fetching URL: https://www.bbcgoodfood.com/recipes/slow-cooker-lasagne
2026-01-14 22:36:59,354 - WARNING - Could not extract cuisine: SchemaOrgException - recipe-scrapers (15.11.0) exception: No cuisine data in SchemaOrg.
2026-01-14 22:36:59,354 - WARNING - Error extracting rating for https://www.bbcgoodfood.com/recipes/slow-cooker-lasagne: SchemaOrgException - recipe-scrapers (15.11.0) exception: No ratingValue in SchemaOrg.
2026-01-14 22:36:59,371 - INFO - Fetching URL: https://www.bbcgoodfood.com/recipes/slow-cooker-moroccan-lamb-stew
2026-01-14 22:36:59,481 - WARNING - Error extracting rating for https://www.bbcgoodfood.com/recipes/slow-cooker-moroccan-lamb-stew: SchemaOrgException - recipe-scrapers (15.11.0) exception: No ratingValue in SchemaOrg.
2026-01-14 22:36:59,497 - INFO - Fetching URL: https://www.bbcgoodfood.com/recipes/spring-veg-stew-cheddar-dumplings
2026-01-14 22:36:59,609 - WARNING - Could not extract cuisine: SchemaOrgException - recipe-scrapers (15.11.0) exception: No cuisine data in SchemaOrg.
2026-01-14 22:36:59,609 - WARNING - Error extracting rating for https://www.bbcgoodfood.com/recipes/spring-veg-stew-cheddar-dumplings: SchemaOrgException - recipe-scrapers (15.11.0) exception: No ratingValue in SchemaOrg.
2026-01-14 22:36:59,627 - INFO - Fetching URL: https://www.bbcgoodfood.com/recipes/slow-cooker-spiced-root-lentil-casserole
2026-01-14 22:36:59,755 - WARNING - Could not extract cuisine: SchemaOrgException - recipe-scrapers (15.11.0) exception: No cuisine data in SchemaOrg.
2026-01-14 22:36:59,756 - WARNING - Error extracting rating for https://www.bbcgoodfood.com/recipes/slow-cooker-spiced-root-lentil-casserole: SchemaOrgException - recipe-scrapers (15.11.0) exception: No ratingValue in SchemaOrg.
2026-01-14 22:36:59,772 - INFO - Fetching URL: https://www.bbcgoodfood.com/recipes/slow-cooker-mac-n-cheese
2026-01-14 22:36:59,875 - WARNING - Could not extract cuisine: SchemaOrgException - recipe-scrapers (15.11.0) exception: No cuisine data in SchemaOrg.
2026-01-14 22:36:59,875 - WARNING - Error extracting rating for https://www.bbcgoodfood.com/recipes/slow-cooker-mac-n-cheese: SchemaOrgException - recipe-scrapers (15.11.0) exception: No ratingValue in SchemaOrg.
2026-01-14 22:36:59,891 - INFO - Fetching URL: https://www.bbcgoodfood.com/recipes/slow-cooker-coconut-chicken-curry
2026-01-14 22:36:59,998 - WARNING - Error extracting rating for https://www.bbcgoodfood.com/recipes/slow-cooker-coconut-chicken-curry: SchemaOrgException - recipe-scrapers (15.11.0) exception: No ratingValue in SchemaOrg.
2026-01-14 22:37:00,015 - INFO - Fetching URL: https://www.bbcgoodfood.com/recipes/slow-cooker-pork-loin
2026-01-14 22:37:00,129 - WARNING - Could not extract cuisine: SchemaOrgException - recipe-scrapers (15.11.0) exception: No cuisine data in SchemaOrg.
2026-01-14 22:37:00,129 - WARNING - Error extracting rating for https://www.bbcgoodfood.com/recipes/slow-cooker-pork-loin: SchemaOrgException - recipe-scrapers (15.11.0) exception: No ratingValue in SchemaOrg.
2026-01-14 22:37:00,145 - INFO - Fetching URL: https://www.bbcgoodfood.com/recipes/slow-cooker-shepherds-pie
2026-01-14 22:37:00,249 - WARNING - Could not extract cuisine: SchemaOrgException - recipe-scrapers (15.11.0) exception: No cuisine data in SchemaOrg.
2026-01-14 22:37:00,250 - WARNING - Error extracting rating for https://www.bbcgoodfood.com/recipes/slow-cooker-shepherds-pie: SchemaOrgException - recipe-scrapers (15.11.0) exception: No ratingValue in SchemaOrg.
2026-01-14 22:37:00,266 - INFO - Fetching URL: https://www.bbcgoodfood.com/recipes/slow-cooker-aubergines
2026-01-14 22:37:00,377 - WARNING - Could not extract cuisine: SchemaOrgException - recipe-scrapers (15.11.0) exception: No cuisine data in SchemaOrg.
2026-01-14 22:37:00,377 - WARNING - Error extracting rating for https://www.bbcgoodfood.com/recipes/slow-cooker-aubergines: SchemaOrgException - recipe-scrapers (15.11.0) exception: No ratingValue in SchemaOrg.
2026-01-14 22:37:00,394 - INFO - Fetching URL: https://www.bbcgoodfood.com/recipes/slow-cooker-pork-fillet-apples
2026-01-14 22:37:00,500 - WARNING - Could not extract cuisine: SchemaOrgException - recipe-scrapers (15.11.0) exception: No cuisine data in SchemaOrg.
2026-01-14 22:37:00,501 - WARNING - Error extracting rating for https://www.bbcgoodfood.com/recipes/slow-cooker-pork-fillet-apples: SchemaOrgException - recipe-scrapers (15.11.0) exception: No ratingValue in SchemaOrg.
2026-01-14 22:37:00,516 - INFO - Fetching URL: https://www.bbcgoodfood.com/recipes/slow-cooker-child-friendly-chilli
2026-01-14 22:37:00,621 - WARNING - Could not extract cuisine: SchemaOrgException - recipe-scrapers (15.11.0) exception: No cuisine data in SchemaOrg.
2026-01-14 22:37:00,621 - WARNING - Error extracting rating for https://www.bbcgoodfood.com/recipes/slow-cooker-child-friendly-chilli: SchemaOrgException - recipe-scrapers (15.11.0) exception: No ratingValue in SchemaOrg.
2026-01-14 22:37:00,638 - INFO - Fetching URL: https://www.bbcgoodfood.com/recipes/easy-slow-cooker-chicken-casserole
2026-01-14 22:37:00,745 - WARNING - Could not extract cuisine: SchemaOrgException - recipe-scrapers (15.11.0) exception: No cuisine data in SchemaOrg.
2026-01-14 22:37:00,746 - WARNING - Error extracting rating for https://www.bbcgoodfood.com/recipes/easy-slow-cooker-chicken-casserole: SchemaOrgException - recipe-scrapers (15.11.0) exception: No ratingValue in SchemaOrg.
2026-01-14 22:37:00,761 - INFO - Fetching URL: https://www.bbcgoodfood.com/recipes/slow-cooker-pork-belly
2026-01-14 22:37:00,869 - WARNING - Could not extract cuisine: SchemaOrgException - recipe-scrapers (15.11.0) exception: No cuisine data in SchemaOrg.
2026-01-14 22:37:00,869 - WARNING - Error extracting rating for https://www.bbcgoodfood.com/recipes/slow-cooker-pork-belly: SchemaOrgException - recipe-scrapers (15.11.0) exception: No ratingValue in SchemaOrg.
2026-01-14 22:37:00,885 - INFO - Fetching URL: https://www.bbcgoodfood.com/recipes/slow-cooker-hot-chocolate
2026-01-14 22:37:00,989 - WARNING - Could not extract cuisine: SchemaOrgException - recipe-scrapers (15.11.0) exception: No cuisine data in SchemaOrg.
2026-01-14 22:37:00,990 - WARNING - Error extracting rating for https://www.bbcgoodfood.com/recipes/slow-cooker-hot-chocolate: SchemaOrgException - recipe-scrapers (15.11.0) exception: No ratingValue in SchemaOrg.
2026-01-14 22:37:01,005 - INFO - Fetching URL: https://www.bbcgoodfood.com/recipes/slow-cooker-thai-curry
2026-01-14 22:37:01,109 - WARNING - Error extracting rating for https://www.bbcgoodfood.com/recipes/slow-cooker-thai-curry: SchemaOrgException - recipe-scrapers (15.11.0) exception: No ratingValue in SchemaOrg.
2026-01-14 22:37:01,126 - INFO - Fetching URL: https://www.bbcgoodfood.com/recipes/slow-cooker-beef-topside-red-wine-gravy
2026-01-14 22:37:01,230 - WARNING - Could not extract cuisine: SchemaOrgException - recipe-scrapers (15.11.0) exception: No cuisine data in SchemaOrg.
2026-01-14 22:37:01,230 - WARNING - Error extracting rating for https://www.bbcgoodfood.com/recipes/slow-cooker-beef-topside-red-wine-gravy: SchemaOrgException - recipe-scrapers (15.11.0) exception: No ratingValue in SchemaOrg.
2026-01-14 22:37:01,246 - INFO - Fetching URL: https://www.bbcgoodfood.com/recipes/slow-cooker-sticky-toffee-pudding
2026-01-14 22:37:01,362 - WARNING - Could not extract cuisine: SchemaOrgException - recipe-scrapers (15.11.0) exception: No cuisine data in SchemaOrg.
2026-01-14 22:37:01,362 - WARNING - Error extracting rating for https://www.bbcgoodfood.com/recipes/slow-cooker-sticky-toffee-pudding: SchemaOrgException - recipe-scrapers (15.11.0) exception: No ratingValue in SchemaOrg.
2026-01-14 22:37:01,381 - INFO - Fetching URL: https://www.bbcgoodfood.com/recipes/spiced-carrot-lentil-soup
2026-01-14 22:37:01,489 - WARNING - Error extracting rating for https://www.bbcgoodfood.com/recipes/spiced-carrot-lentil-soup: SchemaOrgException - recipe-scrapers (15.11.0) exception: No ratingValue in SchemaOrg.
2026-01-14 22:37:01,505 - INFO - Fetching URL: https://www.bbcgoodfood.com/recipes/slow-cooker-hot-chocolate-fondant-cake
2026-01-14 22:37:01,623 - WARNING - Could not extract cuisine: SchemaOrgException - recipe-scrapers (15.11.0) exception: No cuisine data in SchemaOrg.
2026-01-14 22:37:01,624 - WARNING - Error extracting rating for https://www.bbcgoodfood.com/recipes/slow-cooker-hot-chocolate-fondant-cake: SchemaOrgException - recipe-scrapers (15.11.0) exception: No ratingValue in SchemaOrg.
2026-01-14 22:37:01,639 - INFO - Fetching URL: https://www.bbcgoodfood.com/recipes/prawn-pea-tomato-curry
2026-01-14 22:37:01,744 - WARNING - Error extracting rating for https://www.bbcgoodfood.com/recipes/prawn-pea-tomato-curry: SchemaOrgException - recipe-scrapers (15.11.0) exception: No ratingValue in SchemaOrg.
2026-01-14 22:37:01,760 - INFO - Fetching URL: https://www.bbcgoodfood.com/recipes/collection/budget-slow-cooker-recipes?page=2
2026-01-14 22:37:01,895 - WARNING - Could not extract prep_time: SchemaOrgException - recipe-scrapers (15.11.0) exception: Preptime information not found in SchemaOrg
2026-01-14 22:37:01,895 - WARNING - Could not extract cook_time: SchemaOrgException - recipe-scrapers (15.11.0) exception: Cooktime information not found in SchemaOrg
2026-01-14 22:37:01,895 - WARNING - Could not extract yields: SchemaOrgException - recipe-scrapers (15.11.0) exception: Servings information not found in SchemaOrg
2026-01-14 22:37:01,895 - WARNING - Could not extract cuisine: SchemaOrgException - recipe-scrapers (15.11.0) exception: No cuisine data in SchemaOrg.
2026-01-14 22:37:01,896 - WARNING - Error extracting rating for https://www.bbcgoodfood.com/recipes/collection/budget-slow-cooker-recipes?page=2: SchemaOrgException - recipe-scrapers (15.11.0) exception: No ratingValue in SchemaOrg.
2026-01-14 22:37:01,918 - INFO - Fetching URL: https://www.bbcgoodfood.com/recipes/category/barbecue-collections
2026-01-14 22:37:02,032 - WARNING - Could not extract title: RecipeSchemaNotFound - recipe-scrapers (15.11.0) exception: No Recipe Schema found at https://www.bbcgoodfood.com/recipes/category/barbecue-collections.
2026-01-14 22:37:02,033 - WARNING - Could not extract description: RecipeSchemaNotFound - recipe-scrapers (15.11.0) exception: No Recipe Schema found at https://www.bbcgoodfood.com/recipes/category/barbecue-collections.
2026-01-14 22:37:02,034 - WARNING - Could not extract prep_time: RecipeSchemaNotFound - recipe-scrapers (15.11.0) exception: No Recipe Schema found at https://www.bbcgoodfood.com/recipes/category/barbecue-collections.
2026-01-14 22:37:02,034 - WARNING - Could not extract cook_time: RecipeSchemaNotFound - recipe-scrapers (15.11.0) exception: No Recipe Schema found at https://www.bbcgoodfood.com/recipes/category/barbecue-collections.
2026-01-14 22:37:02,034 - WARNING - Could not extract yields: RecipeSchemaNotFound - recipe-scrapers (15.11.0) exception: No Recipe Schema found at https://www.bbcgoodfood.com/recipes/category/barbecue-collections.
2026-01-14 22:37:02,034 - WARNING - Could not extract ingredients: RecipeSchemaNotFound - recipe-scrapers (15.11.0) exception: No Recipe Schema found at https://www.bbcgoodfood.com/recipes/category/barbecue-collections.
2026-01-14 22:37:02,034 - WARNING - Could not extract instructions: RecipeSchemaNotFound - recipe-scrapers (15.11.0) exception: No Recipe Schema found at https://www.bbcgoodfood.com/recipes/category/barbecue-collections.
2026-01-14 22:37:02,034 - WARNING - Could not extract nutrients: RecipeSchemaNotFound - recipe-scrapers (15.11.0) exception: No Recipe Schema found at https://www.bbcgoodfood.com/recipes/category/barbecue-collections.
2026-01-14 22:37:02,034 - WARNING - Could not extract cuisine: RecipeSchemaNotFound - recipe-scrapers (15.11.0) exception: No Recipe Schema found at https://www.bbcgoodfood.com/recipes/category/barbecue-collections.
2026-01-14 22:37:02,035 - WARNING - Could not extract category: RecipeSchemaNotFound - recipe-scrapers (15.11.0) exception: No Recipe Schema found at https://www.bbcgoodfood.com/recipes/category/barbecue-collections.
2026-01-14 22:37:02,035 - WARNING - Error extracting rating for https://www.bbcgoodfood.com/recipes/category/barbecue-collections: RecipeSchemaNotFound - recipe-scrapers (15.11.0) exception: No Recipe Schema found at https://www.bbcgoodfood.com/recipes/category/barbecue-collections.
2026-01-14 22:37:02,192 - INFO - Fetching URL: https://www.bbcgoodfood.com/recipes/category/healthy-eating-collections
2026-01-14 22:37:02,299 - WARNING - Could not extract title: RecipeSchemaNotFound - recipe-scrapers (15.11.0) exception: No Recipe Schema found at https://www.bbcgoodfood.com/recipes/category/healthy-eating-collections.
2026-01-14 22:37:02,300 - WARNING - Could not extract description: RecipeSchemaNotFound - recipe-scrapers (15.11.0) exception: No Recipe Schema found at https://www.bbcgoodfood.com/recipes/category/healthy-eating-collections.
2026-01-14 22:37:02,301 - WARNING - Could not extract prep_time: RecipeSchemaNotFound - recipe-scrapers (15.11.0) exception: No Recipe Schema found at https://www.bbcgoodfood.com/recipes/category/healthy-eating-collections.
2026-01-14 22:37:02,301 - WARNING - Could not extract cook_time: RecipeSchemaNotFound - recipe-scrapers (15.11.0) exception: No Recipe Schema found at https://www.bbcgoodfood.com/recipes/category/healthy-eating-collections.
2026-01-14 22:37:02,301 - WARNING - Could not extract yields: RecipeSchemaNotFound - recipe-scrapers (15.11.0) exception: No Recipe Schema found at https://www.bbcgoodfood.com/recipes/category/healthy-eating-collections.
2026-01-14 22:37:02,301 - WARNING - Could not extract ingredients: RecipeSchemaNotFound - recipe-scrapers (15.11.0) exception: No Recipe Schema found at https://www.bbcgoodfood.com/recipes/category/healthy-eating-collections.
2026-01-14 22:37:02,301 - WARNING - Could not extract instructions: RecipeSchemaNotFound - recipe-scrapers (15.11.0) exception: No Recipe Schema found at https://www.bbcgoodfood.com/recipes/category/healthy-eating-collections.
2026-01-14 22:37:02,301 - WARNING - Could not extract nutrients: RecipeSchemaNotFound - recipe-scrapers (15.11.0) exception: No Recipe Schema found at https://www.bbcgoodfood.com/recipes/category/healthy-eating-collections.
2026-01-14 22:37:02,301 - WARNING - Could not extract cuisine: RecipeSchemaNotFound - recipe-scrapers (15.11.0) exception: No Recipe Schema found at https://www.bbcgoodfood.com/recipes/category/healthy-eating-collections.
2026-01-14 22:37:02,302 - WARNING - Could not extract category: RecipeSchemaNotFound - recipe-scrapers (15.11.0) exception: No Recipe Schema found at https://www.bbcgoodfood.com/recipes/category/healthy-eating-collections.
2026-01-14 22:37:02,302 - WARNING - Error extracting rating for https://www.bbcgoodfood.com/recipes/category/healthy-eating-collections: RecipeSchemaNotFound - recipe-scrapers (15.11.0) exception: No Recipe Schema found at https://www.bbcgoodfood.com/recipes/category/healthy-eating-collections.
2026-01-14 22:37:02,391 - INFO - Fetching URL: https://www.bbcgoodfood.com/recipes/category/seasonal-food-collections
2026-01-14 22:37:02,496 - WARNING - Could not extract title: RecipeSchemaNotFound - recipe-scrapers (15.11.0) exception: No Recipe Schema found at https://www.bbcgoodfood.com/recipes/category/seasonal-food-collections.
2026-01-14 22:37:02,496 - WARNING - Could not extract description: RecipeSchemaNotFound - recipe-scrapers (15.11.0) exception: No Recipe Schema found at https://www.bbcgoodfood.com/recipes/category/seasonal-food-collections.
2026-01-14 22:37:02,497 - WARNING - Could not extract prep_time: RecipeSchemaNotFound - recipe-scrapers (15.11.0) exception: No Recipe Schema found at https://www.bbcgoodfood.com/recipes/category/seasonal-food-collections.
2026-01-14 22:37:02,498 - WARNING - Could not extract cook_time: RecipeSchemaNotFound - recipe-scrapers (15.11.0) exception: No Recipe Schema found at https://www.bbcgoodfood.com/recipes/category/seasonal-food-collections.
2026-01-14 22:37:02,498 - WARNING - Could not extract yields: RecipeSchemaNotFound - recipe-scrapers (15.11.0) exception: No Recipe Schema found at https://www.bbcgoodfood.com/recipes/category/seasonal-food-collections.
2026-01-14 22:37:02,498 - WARNING - Could not extract ingredients: RecipeSchemaNotFound - recipe-scrapers (15.11.0) exception: No Recipe Schema found at https://www.bbcgoodfood.com/recipes/category/seasonal-food-collections.
2026-01-14 22:37:02,498 - WARNING - Could not extract instructions: RecipeSchemaNotFound - recipe-scrapers (15.11.0) exception: No Recipe Schema found at https://www.bbcgoodfood.com/recipes/category/seasonal-food-collections.
2026-01-14 22:37:02,498 - WARNING - Could not extract nutrients: RecipeSchemaNotFound - recipe-scrapers (15.11.0) exception: No Recipe Schema found at https://www.bbcgoodfood.com/recipes/category/seasonal-food-collections.
2026-01-14 22:37:02,498 - WARNING - Could not extract cuisine: RecipeSchemaNotFound - recipe-scrapers (15.11.0) exception: No Recipe Schema found at https://www.bbcgoodfood.com/recipes/category/seasonal-food-collections.
2026-01-14 22:37:02,498 - WARNING - Could not extract category: RecipeSchemaNotFound - recipe-scrapers (15.11.0) exception: No Recipe Schema found at https://www.bbcgoodfood.com/recipes/category/seasonal-food-collections.
2026-01-14 22:37:02,498 - WARNING - Error extracting rating for https://www.bbcgoodfood.com/recipes/category/seasonal-food-collections: RecipeSchemaNotFound - recipe-scrapers (15.11.0) exception: No Recipe Schema found at https://www.bbcgoodfood.com/recipes/category/seasonal-food-collections.
2026-01-14 22:37:02,579 - INFO - Fetching URL: https://www.bbcgoodfood.com/recipes/category/bread-pastry-cake-collections
2026-01-14 22:37:02,686 - WARNING - Could not extract title: RecipeSchemaNotFound - recipe-scrapers (15.11.0) exception: No Recipe Schema found at https://www.bbcgoodfood.com/recipes/category/bread-pastry-cake-collections.
2026-01-14 22:37:02,686 - WARNING - Could not extract description: RecipeSchemaNotFound - recipe-scrapers (15.11.0) exception: No Recipe Schema found at https://www.bbcgoodfood.com/recipes/category/bread-pastry-cake-collections.
2026-01-14 22:37:02,687 - WARNING - Could not extract prep_time: RecipeSchemaNotFound - recipe-scrapers (15.11.0) exception: No Recipe Schema found at https://www.bbcgoodfood.com/recipes/category/bread-pastry-cake-collections.
2026-01-14 22:37:02,687 - WARNING - Could not extract cook_time: RecipeSchemaNotFound - recipe-scrapers (15.11.0) exception: No Recipe Schema found at https://www.bbcgoodfood.com/recipes/category/bread-pastry-cake-collections.
2026-01-14 22:37:02,687 - WARNING - Could not extract yields: RecipeSchemaNotFound - recipe-scrapers (15.11.0) exception: No Recipe Schema found at https://www.bbcgoodfood.com/recipes/category/bread-pastry-cake-collections.
2026-01-14 22:37:02,688 - WARNING - Could not extract ingredients: RecipeSchemaNotFound - recipe-scrapers (15.11.0) exception: No Recipe Schema found at https://www.bbcgoodfood.com/recipes/category/bread-pastry-cake-collections.
2026-01-14 22:37:02,688 - WARNING - Could not extract instructions: RecipeSchemaNotFound - recipe-scrapers (15.11.0) exception: No Recipe Schema found at https://www.bbcgoodfood.com/recipes/category/bread-pastry-cake-collections.
2026-01-14 22:37:02,688 - WARNING - Could not extract nutrients: RecipeSchemaNotFound - recipe-scrapers (15.11.0) exception: No Recipe Schema found at https://www.bbcgoodfood.com/recipes/category/bread-pastry-cake-collections.
2026-01-14 22:37:02,688 - WARNING - Could not extract cuisine: RecipeSchemaNotFound - recipe-scrapers (15.11.0) exception: No Recipe Schema found at https://www.bbcgoodfood.com/recipes/category/bread-pastry-cake-collections.
2026-01-14 22:37:02,688 - WARNING - Could not extract category: RecipeSchemaNotFound - recipe-scrapers (15.11.0) exception: No Recipe Schema found at https://www.bbcgoodfood.com/recipes/category/bread-pastry-cake-collections.
2026-01-14 22:37:02,688 - WARNING - Error extracting rating for https://www.bbcgoodfood.com/recipes/category/bread-pastry-cake-collections: RecipeSchemaNotFound - recipe-scrapers (15.11.0) exception: No Recipe Schema found at https://www.bbcgoodfood.com/recipes/category/bread-pastry-cake-collections.
2026-01-14 22:37:02,771 - INFO - Fetching URL: https://www.bbcgoodfood.com/recipes/category/dinner-idea-collections
2026-01-14 22:37:02,890 - WARNING - Could not extract prep_time: SchemaOrgException - recipe-scrapers (15.11.0) exception: Preptime information not found in SchemaOrg
2026-01-14 22:37:02,891 - WARNING - Could not extract cook_time: SchemaOrgException - recipe-scrapers (15.11.0) exception: Cooktime information not found in SchemaOrg
2026-01-14 22:37:02,891 - WARNING - Could not extract yields: SchemaOrgException - recipe-scrapers (15.11.0) exception: Servings information not found in SchemaOrg
2026-01-14 22:37:02,891 - WARNING - Could not extract cuisine: SchemaOrgException - recipe-scrapers (15.11.0) exception: No cuisine data in SchemaOrg.
2026-01-14 22:37:02,891 - WARNING - Error extracting rating for https://www.bbcgoodfood.com/recipes/category/dinner-idea-collections: SchemaOrgException - recipe-scrapers (15.11.0) exception: No ratingValue in SchemaOrg.
2026-01-14 22:37:02,985 - INFO - Fetching URL: https://www.bbcgoodfood.com/recipes/category/nuts-and-seeds-collections
2026-01-14 22:37:03,082 - WARNING - Could not extract title: RecipeSchemaNotFound - recipe-scrapers (15.11.0) exception: No Recipe Schema found at https://www.bbcgoodfood.com/recipes/category/nuts-and-seeds-collections.
2026-01-14 22:37:03,083 - WARNING - Could not extract description: RecipeSchemaNotFound - recipe-scrapers (15.11.0) exception: No Recipe Schema found at https://www.bbcgoodfood.com/recipes/category/nuts-and-seeds-collections.
2026-01-14 22:37:03,083 - WARNING - Could not extract prep_time: RecipeSchemaNotFound - recipe-scrapers (15.11.0) exception: No Recipe Schema found at https://www.bbcgoodfood.com/recipes/category/nuts-and-seeds-collections.
2026-01-14 22:37:03,083 - WARNING - Could not extract cook_time: RecipeSchemaNotFound - recipe-scrapers (15.11.0) exception: No Recipe Schema found at https://www.bbcgoodfood.com/recipes/category/nuts-and-seeds-collections.
2026-01-14 22:37:03,084 - WARNING - Could not extract yields: RecipeSchemaNotFound - recipe-scrapers (15.11.0) exception: No Recipe Schema found at https://www.bbcgoodfood.com/recipes/category/nuts-and-seeds-collections.
2026-01-14 22:37:03,084 - WARNING - Could not extract ingredients: RecipeSchemaNotFound - recipe-scrapers (15.11.0) exception: No Recipe Schema found at https://www.bbcgoodfood.com/recipes/category/nuts-and-seeds-collections.
2026-01-14 22:37:03,084 - WARNING - Could not extract instructions: RecipeSchemaNotFound - recipe-scrapers (15.11.0) exception: No Recipe Schema found at https://www.bbcgoodfood.com/recipes/category/nuts-and-seeds-collections.
2026-01-14 22:37:03,084 - WARNING - Could not extract nutrients: RecipeSchemaNotFound - recipe-scrapers (15.11.0) exception: No Recipe Schema found at https://www.bbcgoodfood.com/recipes/category/nuts-and-seeds-collections.
2026-01-14 22:37:03,084 - WARNING - Could not extract cuisine: RecipeSchemaNotFound - recipe-scrapers (15.11.0) exception: No Recipe Schema found at https://www.bbcgoodfood.com/recipes/category/nuts-and-seeds-collections.
2026-01-14 22:37:03,084 - WARNING - Could not extract category: RecipeSchemaNotFound - recipe-scrapers (15.11.0) exception: No Recipe Schema found at https://www.bbcgoodfood.com/recipes/category/nuts-and-seeds-collections.
2026-01-14 22:37:03,084 - WARNING - Error extracting rating for https://www.bbcgoodfood.com/recipes/category/nuts-and-seeds-collections: RecipeSchemaNotFound - recipe-scrapers (15.11.0) exception: No Recipe Schema found at https://www.bbcgoodfood.com/recipes/category/nuts-and-seeds-collections.
2026-01-14 22:37:03,161 - INFO - Fetching URL: https://www.bbcgoodfood.com/recipes/category/soup-collections
2026-01-14 22:37:03,280 - WARNING - Could not extract title: RecipeSchemaNotFound - recipe-scrapers (15.11.0) exception: No Recipe Schema found at https://www.bbcgoodfood.com/recipes/category/soup-collections.
2026-01-14 22:37:03,281 - WARNING - Could not extract description: RecipeSchemaNotFound - recipe-scrapers (15.11.0) exception: No Recipe Schema found at https://www.bbcgoodfood.com/recipes/category/soup-collections.
2026-01-14 22:37:03,282 - WARNING - Could not extract prep_time: RecipeSchemaNotFound - recipe-scrapers (15.11.0) exception: No Recipe Schema found at https://www.bbcgoodfood.com/recipes/category/soup-collections.
2026-01-14 22:37:03,282 - WARNING - Could not extract cook_time: RecipeSchemaNotFound - recipe-scrapers (15.11.0) exception: No Recipe Schema found at https://www.bbcgoodfood.com/recipes/category/soup-collections.
2026-01-14 22:37:03,282 - WARNING - Could not extract yields: RecipeSchemaNotFound - recipe-scrapers (15.11.0) exception: No Recipe Schema found at https://www.bbcgoodfood.com/recipes/category/soup-collections.
2026-01-14 22:37:03,282 - WARNING - Could not extract ingredients: RecipeSchemaNotFound - recipe-scrapers (15.11.0) exception: No Recipe Schema found at https://www.bbcgoodfood.com/recipes/category/soup-collections.
2026-01-14 22:37:03,282 - WARNING - Could not extract instructions: RecipeSchemaNotFound - recipe-scrapers (15.11.0) exception: No Recipe Schema found at https://www.bbcgoodfood.com/recipes/category/soup-collections.
2026-01-14 22:37:03,282 - WARNING - Could not extract nutrients: RecipeSchemaNotFound - recipe-scrapers (15.11.0) exception: No Recipe Schema found at https://www.bbcgoodfood.com/recipes/category/soup-collections.
2026-01-14 22:37:03,283 - WARNING - Could not extract cuisine: RecipeSchemaNotFound - recipe-scrapers (15.11.0) exception: No Recipe Schema found at https://www.bbcgoodfood.com/recipes/category/soup-collections.
2026-01-14 22:37:03,283 - WARNING - Could not extract category: RecipeSchemaNotFound - recipe-scrapers (15.11.0) exception: No Recipe Schema found at https://www.bbcgoodfood.com/recipes/category/soup-collections.
2026-01-14 22:37:03,283 - WARNING - Error extracting rating for https://www.bbcgoodfood.com/recipes/category/soup-collections: RecipeSchemaNotFound - recipe-scrapers (15.11.0) exception: No Recipe Schema found at https://www.bbcgoodfood.com/recipes/category/soup-collections.
2026-01-14 22:37:03,371 - INFO - Fetching URL: https://www.bbcgoodfood.com/recipes/category/breakfast-collections
2026-01-14 22:37:03,488 - WARNING - Could not extract title: RecipeSchemaNotFound - recipe-scrapers (15.11.0) exception: No Recipe Schema found at https://www.bbcgoodfood.com/recipes/category/breakfast-collections.
2026-01-14 22:37:03,488 - WARNING - Could not extract description: RecipeSchemaNotFound - recipe-scrapers (15.11.0) exception: No Recipe Schema found at https://www.bbcgoodfood.com/recipes/category/breakfast-collections.
2026-01-14 22:37:03,489 - WARNING - Could not extract prep_time: RecipeSchemaNotFound - recipe-scrapers (15.11.0) exception: No Recipe Schema found at https://www.bbcgoodfood.com/recipes/category/breakfast-collections.
2026-01-14 22:37:03,489 - WARNING - Could not extract cook_time: RecipeSchemaNotFound - recipe-scrapers (15.11.0) exception: No Recipe Schema found at https://www.bbcgoodfood.com/recipes/category/breakfast-collections.
2026-01-14 22:37:03,489 - WARNING - Could not extract yields: RecipeSchemaNotFound - recipe-scrapers (15.11.0) exception: No Recipe Schema found at https://www.bbcgoodfood.com/recipes/category/breakfast-collections.
2026-01-14 22:37:03,489 - WARNING - Could not extract ingredients: RecipeSchemaNotFound - recipe-scrapers (15.11.0) exception: No Recipe Schema found at https://www.bbcgoodfood.com/recipes/category/breakfast-collections.
2026-01-14 22:37:03,489 - WARNING - Could not extract instructions: RecipeSchemaNotFound - recipe-scrapers (15.11.0) exception: No Recipe Schema found at https://www.bbcgoodfood.com/recipes/category/breakfast-collections.
2026-01-14 22:37:03,489 - WARNING - Could not extract nutrients: RecipeSchemaNotFound - recipe-scrapers (15.11.0) exception: No Recipe Schema found at https://www.bbcgoodfood.com/recipes/category/breakfast-collections.
2026-01-14 22:37:03,490 - WARNING - Could not extract cuisine: RecipeSchemaNotFound - recipe-scrapers (15.11.0) exception: No Recipe Schema found at https://www.bbcgoodfood.com/recipes/category/breakfast-collections.
2026-01-14 22:37:03,490 - WARNING - Could not extract category: RecipeSchemaNotFound - recipe-scrapers (15.11.0) exception: No Recipe Schema found at https://www.bbcgoodfood.com/recipes/category/breakfast-collections.
2026-01-14 22:37:03,490 - WARNING - Error extracting rating for https://www.bbcgoodfood.com/recipes/category/breakfast-collections: RecipeSchemaNotFound - recipe-scrapers (15.11.0) exception: No Recipe Schema found at https://www.bbcgoodfood.com/recipes/category/breakfast-collections.
2026-01-14 22:37:03,572 - INFO - Fetching URL: https://www.bbcgoodfood.com/recipes/category/dinner-party-collections
2026-01-14 22:37:03,686 - WARNING - Could not extract title: RecipeSchemaNotFound - recipe-scrapers (15.11.0) exception: No Recipe Schema found at https://www.bbcgoodfood.com/recipes/category/dinner-party-collections.
2026-01-14 22:37:03,686 - WARNING - Could not extract description: RecipeSchemaNotFound - recipe-scrapers (15.11.0) exception: No Recipe Schema found at https://www.bbcgoodfood.com/recipes/category/dinner-party-collections.
2026-01-14 22:37:03,687 - WARNING - Could not extract prep_time: RecipeSchemaNotFound - recipe-scrapers (15.11.0) exception: No Recipe Schema found at https://www.bbcgoodfood.com/recipes/category/dinner-party-collections.
2026-01-14 22:37:03,687 - WARNING - Could not extract cook_time: RecipeSchemaNotFound - recipe-scrapers (15.11.0) exception: No Recipe Schema found at https://www.bbcgoodfood.com/recipes/category/dinner-party-collections.
2026-01-14 22:37:03,687 - WARNING - Could not extract yields: RecipeSchemaNotFound - recipe-scrapers (15.11.0) exception: No Recipe Schema found at https://www.bbcgoodfood.com/recipes/category/dinner-party-collections.
2026-01-14 22:37:03,687 - WARNING - Could not extract ingredients: RecipeSchemaNotFound - recipe-scrapers (15.11.0) exception: No Recipe Schema found at https://www.bbcgoodfood.com/recipes/category/dinner-party-collections.
2026-01-14 22:37:03,687 - WARNING - Could not extract instructions: RecipeSchemaNotFound - recipe-scrapers (15.11.0) exception: No Recipe Schema found at https://www.bbcgoodfood.com/recipes/category/dinner-party-collections.
2026-01-14 22:37:03,687 - WARNING - Could not extract nutrients: RecipeSchemaNotFound - recipe-scrapers (15.11.0) exception: No Recipe Schema found at https://www.bbcgoodfood.com/recipes/category/dinner-party-collections.
2026-01-14 22:37:03,688 - WARNING - Could not extract cuisine: RecipeSchemaNotFound - recipe-scrapers (15.11.0) exception: No Recipe Schema found at https://www.bbcgoodfood.com/recipes/category/dinner-party-collections.
2026-01-14 22:37:03,688 - WARNING - Could not extract category: RecipeSchemaNotFound - recipe-scrapers (15.11.0) exception: No Recipe Schema found at https://www.bbcgoodfood.com/recipes/category/dinner-party-collections.
2026-01-14 22:37:03,688 - WARNING - Error extracting rating for https://www.bbcgoodfood.com/recipes/category/dinner-party-collections: RecipeSchemaNotFound - recipe-scrapers (15.11.0) exception: No Recipe Schema found at https://www.bbcgoodfood.com/recipes/category/dinner-party-collections.
2026-01-14 22:37:03,772 - INFO - Fetching URL: https://www.bbcgoodfood.com/recipes/category/poultry-collections
2026-01-14 22:37:03,881 - WARNING - Could not extract title: RecipeSchemaNotFound - recipe-scrapers (15.11.0) exception: No Recipe Schema found at https://www.bbcgoodfood.com/recipes/category/poultry-collections.
2026-01-14 22:37:03,882 - WARNING - Could not extract description: RecipeSchemaNotFound - recipe-scrapers (15.11.0) exception: No Recipe Schema found at https://www.bbcgoodfood.com/recipes/category/poultry-collections.
2026-01-14 22:37:03,882 - WARNING - Could not extract prep_time: RecipeSchemaNotFound - recipe-scrapers (15.11.0) exception: No Recipe Schema found at https://www.bbcgoodfood.com/recipes/category/poultry-collections.
2026-01-14 22:37:03,883 - WARNING - Could not extract cook_time: RecipeSchemaNotFound - recipe-scrapers (15.11.0) exception: No Recipe Schema found at https://www.bbcgoodfood.com/recipes/category/poultry-collections.
2026-01-14 22:37:03,883 - WARNING - Could not extract yields: RecipeSchemaNotFound - recipe-scrapers (15.11.0) exception: No Recipe Schema found at https://www.bbcgoodfood.com/recipes/category/poultry-collections.
2026-01-14 22:37:03,883 - WARNING - Could not extract ingredients: RecipeSchemaNotFound - recipe-scrapers (15.11.0) exception: No Recipe Schema found at https://www.bbcgoodfood.com/recipes/category/poultry-collections.
2026-01-14 22:37:03,883 - WARNING - Could not extract instructions: RecipeSchemaNotFound - recipe-scrapers (15.11.0) exception: No Recipe Schema found at https://www.bbcgoodfood.com/recipes/category/poultry-collections.
2026-01-14 22:37:03,883 - WARNING - Could not extract nutrients: RecipeSchemaNotFound - recipe-scrapers (15.11.0) exception: No Recipe Schema found at https://www.bbcgoodfood.com/recipes/category/poultry-collections.
2026-01-14 22:37:03,883 - WARNING - Could not extract cuisine: RecipeSchemaNotFound - recipe-scrapers (15.11.0) exception: No Recipe Schema found at https://www.bbcgoodfood.com/recipes/category/poultry-collections.
2026-01-14 22:37:03,883 - WARNING - Could not extract category: RecipeSchemaNotFound - recipe-scrapers (15.11.0) exception: No Recipe Schema found at https://www.bbcgoodfood.com/recipes/category/poultry-collections.
2026-01-14 22:37:03,883 - WARNING - Error extracting rating for https://www.bbcgoodfood.com/recipes/category/poultry-collections: RecipeSchemaNotFound - recipe-scrapers (15.11.0) exception: No Recipe Schema found at https://www.bbcgoodfood.com/recipes/category/poultry-collections.
2026-01-14 22:37:03,969 - INFO - Fetching URL: https://www.bbcgoodfood.com/recipes/category/casserole-slow-cooker-collections
2026-01-14 22:37:04,082 - WARNING - Could not extract title: RecipeSchemaNotFound - recipe-scrapers (15.11.0) exception: No Recipe Schema found at https://www.bbcgoodfood.com/recipes/category/casserole-slow-cooker-collections.
2026-01-14 22:37:04,082 - WARNING - Could not extract description: RecipeSchemaNotFound - recipe-scrapers (15.11.0) exception: No Recipe Schema found at https://www.bbcgoodfood.com/recipes/category/casserole-slow-cooker-collections.
2026-01-14 22:37:04,083 - WARNING - Could not extract prep_time: RecipeSchemaNotFound - recipe-scrapers (15.11.0) exception: No Recipe Schema found at https://www.bbcgoodfood.com/recipes/category/casserole-slow-cooker-collections.
2026-01-14 22:37:04,083 - WARNING - Could not extract cook_time: RecipeSchemaNotFound - recipe-scrapers (15.11.0) exception: No Recipe Schema found at https://www.bbcgoodfood.com/recipes/category/casserole-slow-cooker-collections.
2026-01-14 22:37:04,084 - WARNING - Could not extract yields: RecipeSchemaNotFound - recipe-scrapers (15.11.0) exception: No Recipe Schema found at https://www.bbcgoodfood.com/recipes/category/casserole-slow-cooker-collections.
2026-01-14 22:37:04,084 - WARNING - Could not extract ingredients: RecipeSchemaNotFound - recipe-scrapers (15.11.0) exception: No Recipe Schema found at https://www.bbcgoodfood.com/recipes/category/casserole-slow-cooker-collections.
2026-01-14 22:37:04,084 - WARNING - Could not extract instructions: RecipeSchemaNotFound - recipe-scrapers (15.11.0) exception: No Recipe Schema found at https://www.bbcgoodfood.com/recipes/category/casserole-slow-cooker-collections.
2026-01-14 22:37:04,084 - WARNING - Could not extract nutrients: RecipeSchemaNotFound - recipe-scrapers (15.11.0) exception: No Recipe Schema found at https://www.bbcgoodfood.com/recipes/category/casserole-slow-cooker-collections.
2026-01-14 22:37:04,084 - WARNING - Could not extract cuisine: RecipeSchemaNotFound - recipe-scrapers (15.11.0) exception: No Recipe Schema found at https://www.bbcgoodfood.com/recipes/category/casserole-slow-cooker-collections.
2026-01-14 22:37:04,084 - WARNING - Could not extract category: RecipeSchemaNotFound - recipe-scrapers (15.11.0) exception: No Recipe Schema found at https://www.bbcgoodfood.com/recipes/category/casserole-slow-cooker-collections.
2026-01-14 22:37:04,084 - WARNING - Error extracting rating for https://www.bbcgoodfood.com/recipes/category/casserole-slow-cooker-collections: RecipeSchemaNotFound - recipe-scrapers (15.11.0) exception: No Recipe Schema found at https://www.bbcgoodfood.com/recipes/category/casserole-slow-cooker-collections.
2026-01-14 22:37:04,165 - INFO - Fetching URL: https://www.bbcgoodfood.com/recipes/category/drinks-collections
2026-01-14 22:37:04,282 - WARNING - Could not extract title: RecipeSchemaNotFound - recipe-scrapers (15.11.0) exception: No Recipe Schema found at https://www.bbcgoodfood.com/recipes/category/drinks-collections.
2026-01-14 22:37:04,282 - WARNING - Could not extract description: RecipeSchemaNotFound - recipe-scrapers (15.11.0) exception: No Recipe Schema found at https://www.bbcgoodfood.com/recipes/category/drinks-collections.
2026-01-14 22:37:04,282 - WARNING - Could not extract prep_time: RecipeSchemaNotFound - recipe-scrapers (15.11.0) exception: No Recipe Schema found at https://www.bbcgoodfood.com/recipes/category/drinks-collections.
2026-01-14 22:37:04,283 - WARNING - Could not extract cook_time: RecipeSchemaNotFound - recipe-scrapers (15.11.0) exception: No Recipe Schema found at https://www.bbcgoodfood.com/recipes/category/drinks-collections.
2026-01-14 22:37:04,283 - WARNING - Could not extract yields: RecipeSchemaNotFound - recipe-scrapers (15.11.0) exception: No Recipe Schema found at https://www.bbcgoodfood.com/recipes/category/drinks-collections.
2026-01-14 22:37:04,283 - WARNING - Could not extract ingredients: RecipeSchemaNotFound - recipe-scrapers (15.11.0) exception: No Recipe Schema found at https://www.bbcgoodfood.com/recipes/category/drinks-collections.
2026-01-14 22:37:04,283 - WARNING - Could not extract instructions: RecipeSchemaNotFound - recipe-scrapers (15.11.0) exception: No Recipe Schema found at https://www.bbcgoodfood.com/recipes/category/drinks-collections.
2026-01-14 22:37:04,283 - WARNING - Could not extract nutrients: RecipeSchemaNotFound - recipe-scrapers (15.11.0) exception: No Recipe Schema found at https://www.bbcgoodfood.com/recipes/category/drinks-collections.
2026-01-14 22:37:04,283 - WARNING - Could not extract cuisine: RecipeSchemaNotFound - recipe-scrapers (15.11.0) exception: No Recipe Schema found at https://www.bbcgoodfood.com/recipes/category/drinks-collections.
2026-01-14 22:37:04,283 - WARNING - Could not extract category: RecipeSchemaNotFound - recipe-scrapers (15.11.0) exception: No Recipe Schema found at https://www.bbcgoodfood.com/recipes/category/drinks-collections.
2026-01-14 22:37:04,283 - WARNING - Error extracting rating for https://www.bbcgoodfood.com/recipes/category/drinks-collections: RecipeSchemaNotFound - recipe-scrapers (15.11.0) exception: No Recipe Schema found at https://www.bbcgoodfood.com/recipes/category/drinks-collections.
2026-01-14 22:37:04,376 - INFO - Fetching URL: https://www.bbcgoodfood.com/recipes/category/pulses-and-grains-collections
2026-01-14 22:37:04,502 - WARNING - Could not extract title: RecipeSchemaNotFound - recipe-scrapers (15.11.0) exception: No Recipe Schema found at https://www.bbcgoodfood.com/recipes/category/pulses-and-grains-collections.
2026-01-14 22:37:04,502 - WARNING - Could not extract description: RecipeSchemaNotFound - recipe-scrapers (15.11.0) exception: No Recipe Schema found at https://www.bbcgoodfood.com/recipes/category/pulses-and-grains-collections.
2026-01-14 22:37:04,503 - WARNING - Could not extract prep_time: RecipeSchemaNotFound - recipe-scrapers (15.11.0) exception: No Recipe Schema found at https://www.bbcgoodfood.com/recipes/category/pulses-and-grains-collections.
2026-01-14 22:37:04,503 - WARNING - Could not extract cook_time: RecipeSchemaNotFound - recipe-scrapers (15.11.0) exception: No Recipe Schema found at https://www.bbcgoodfood.com/recipes/category/pulses-and-grains-collections.
2026-01-14 22:37:04,503 - WARNING - Could not extract yields: RecipeSchemaNotFound - recipe-scrapers (15.11.0) exception: No Recipe Schema found at https://www.bbcgoodfood.com/recipes/category/pulses-and-grains-collections.
2026-01-14 22:37:04,503 - WARNING - Could not extract ingredients: RecipeSchemaNotFound - recipe-scrapers (15.11.0) exception: No Recipe Schema found at https://www.bbcgoodfood.com/recipes/category/pulses-and-grains-collections.
2026-01-14 22:37:04,503 - WARNING - Could not extract instructions: RecipeSchemaNotFound - recipe-scrapers (15.11.0) exception: No Recipe Schema found at https://www.bbcgoodfood.com/recipes/category/pulses-and-grains-collections.
2026-01-14 22:37:04,503 - WARNING - Could not extract nutrients: RecipeSchemaNotFound - recipe-scrapers (15.11.0) exception: No Recipe Schema found at https://www.bbcgoodfood.com/recipes/category/pulses-and-grains-collections.
2026-01-14 22:37:04,504 - WARNING - Could not extract cuisine: RecipeSchemaNotFound - recipe-scrapers (15.11.0) exception: No Recipe Schema found at https://www.bbcgoodfood.com/recipes/category/pulses-and-grains-collections.
2026-01-14 22:37:04,504 - WARNING - Could not extract category: RecipeSchemaNotFound - recipe-scrapers (15.11.0) exception: No Recipe Schema found at https://www.bbcgoodfood.com/recipes/category/pulses-and-grains-collections.
2026-01-14 22:37:04,504 - WARNING - Error extracting rating for https://www.bbcgoodfood.com/recipes/category/pulses-and-grains-collections: RecipeSchemaNotFound - recipe-scrapers (15.11.0) exception: No Recipe Schema found at https://www.bbcgoodfood.com/recipes/category/pulses-and-grains-collections.
2026-01-14 22:37:04,586 - INFO - Fetching URL: https://www.bbcgoodfood.com/recipes/category/sweet-treat-collections
2026-01-14 22:37:04,690 - WARNING - Could not extract title: RecipeSchemaNotFound - recipe-scrapers (15.11.0) exception: No Recipe Schema found at https://www.bbcgoodfood.com/recipes/category/sweet-treat-collections.
2026-01-14 22:37:04,690 - WARNING - Could not extract description: RecipeSchemaNotFound - recipe-scrapers (15.11.0) exception: No Recipe Schema found at https://www.bbcgoodfood.com/recipes/category/sweet-treat-collections.
2026-01-14 22:37:04,691 - WARNING - Could not extract prep_time: RecipeSchemaNotFound - recipe-scrapers (15.11.0) exception: No Recipe Schema found at https://www.bbcgoodfood.com/recipes/category/sweet-treat-collections.
2026-01-14 22:37:04,691 - WARNING - Could not extract cook_time: RecipeSchemaNotFound - recipe-scrapers (15.11.0) exception: No Recipe Schema found at https://www.bbcgoodfood.com/recipes/category/sweet-treat-collections.
2026-01-14 22:37:04,691 - WARNING - Could not extract yields: RecipeSchemaNotFound - recipe-scrapers (15.11.0) exception: No Recipe Schema found at https://www.bbcgoodfood.com/recipes/category/sweet-treat-collections.
2026-01-14 22:37:04,691 - WARNING - Could not extract ingredients: RecipeSchemaNotFound - recipe-scrapers (15.11.0) exception: No Recipe Schema found at https://www.bbcgoodfood.com/recipes/category/sweet-treat-collections.
2026-01-14 22:37:04,691 - WARNING - Could not extract instructions: RecipeSchemaNotFound - recipe-scrapers (15.11.0) exception: No Recipe Schema found at https://www.bbcgoodfood.com/recipes/category/sweet-treat-collections.
2026-01-14 22:37:04,692 - WARNING - Could not extract nutrients: RecipeSchemaNotFound - recipe-scrapers (15.11.0) exception: No Recipe Schema found at https://www.bbcgoodfood.com/recipes/category/sweet-treat-collections.
2026-01-14 22:37:04,692 - WARNING - Could not extract cuisine: RecipeSchemaNotFound - recipe-scrapers (15.11.0) exception: No Recipe Schema found at https://www.bbcgoodfood.com/recipes/category/sweet-treat-collections.
2026-01-14 22:37:04,692 - WARNING - Could not extract category: RecipeSchemaNotFound - recipe-scrapers (15.11.0) exception: No Recipe Schema found at https://www.bbcgoodfood.com/recipes/category/sweet-treat-collections.
2026-01-14 22:37:04,692 - WARNING - Error extracting rating for https://www.bbcgoodfood.com/recipes/category/sweet-treat-collections: RecipeSchemaNotFound - recipe-scrapers (15.11.0) exception: No Recipe Schema found at https://www.bbcgoodfood.com/recipes/category/sweet-treat-collections.
2026-01-14 22:37:04,776 - INFO - Fetching URL: https://www.bbcgoodfood.com/recipes/category/cheese-collections
2026-01-14 22:37:04,881 - WARNING - Could not extract title: RecipeSchemaNotFound - recipe-scrapers (15.11.0) exception: No Recipe Schema found at https://www.bbcgoodfood.com/recipes/category/cheese-collections.
2026-01-14 22:37:04,882 - WARNING - Could not extract description: RecipeSchemaNotFound - recipe-scrapers (15.11.0) exception: No Recipe Schema found at https://www.bbcgoodfood.com/recipes/category/cheese-collections.
2026-01-14 22:37:04,883 - WARNING - Could not extract prep_time: RecipeSchemaNotFound - recipe-scrapers (15.11.0) exception: No Recipe Schema found at https://www.bbcgoodfood.com/recipes/category/cheese-collections.
2026-01-14 22:37:04,883 - WARNING - Could not extract cook_time: RecipeSchemaNotFound - recipe-scrapers (15.11.0) exception: No Recipe Schema found at https://www.bbcgoodfood.com/recipes/category/cheese-collections.
2026-01-14 22:37:04,883 - WARNING - Could not extract yields: RecipeSchemaNotFound - recipe-scrapers (15.11.0) exception: No Recipe Schema found at https://www.bbcgoodfood.com/recipes/category/cheese-collections.
2026-01-14 22:37:04,883 - WARNING - Could not extract ingredients: RecipeSchemaNotFound - recipe-scrapers (15.11.0) exception: No Recipe Schema found at https://www.bbcgoodfood.com/recipes/category/cheese-collections.
2026-01-14 22:37:04,883 - WARNING - Could not extract instructions: RecipeSchemaNotFound - recipe-scrapers (15.11.0) exception: No Recipe Schema found at https://www.bbcgoodfood.com/recipes/category/cheese-collections.
2026-01-14 22:37:04,883 - WARNING - Could not extract nutrients: RecipeSchemaNotFound - recipe-scrapers (15.11.0) exception: No Recipe Schema found at https://www.bbcgoodfood.com/recipes/category/cheese-collections.
2026-01-14 22:37:04,883 - WARNING - Could not extract cuisine: RecipeSchemaNotFound - recipe-scrapers (15.11.0) exception: No Recipe Schema found at https://www.bbcgoodfood.com/recipes/category/cheese-collections.
2026-01-14 22:37:04,883 - WARNING - Could not extract category: RecipeSchemaNotFound - recipe-scrapers (15.11.0) exception: No Recipe Schema found at https://www.bbcgoodfood.com/recipes/category/cheese-collections.
2026-01-14 22:37:04,884 - WARNING - Error extracting rating for https://www.bbcgoodfood.com/recipes/category/cheese-collections: RecipeSchemaNotFound - recipe-scrapers (15.11.0) exception: No Recipe Schema found at https://www.bbcgoodfood.com/recipes/category/cheese-collections.
2026-01-14 22:37:04,965 - INFO - Fetching URL: https://www.bbcgoodfood.com/recipes/category/all-easter-collections
2026-01-14 22:37:05,469 - WARNING - Could not extract title: RecipeSchemaNotFound - recipe-scrapers (15.11.0) exception: No Recipe Schema found at https://www.bbcgoodfood.com/recipes/category/all-easter-collections.
2026-01-14 22:37:05,469 - WARNING - Could not extract description: RecipeSchemaNotFound - recipe-scrapers (15.11.0) exception: No Recipe Schema found at https://www.bbcgoodfood.com/recipes/category/all-easter-collections.
2026-01-14 22:37:05,470 - WARNING - Could not extract prep_time: RecipeSchemaNotFound - recipe-scrapers (15.11.0) exception: No Recipe Schema found at https://www.bbcgoodfood.com/recipes/category/all-easter-collections.
2026-01-14 22:37:05,470 - WARNING - Could not extract cook_time: RecipeSchemaNotFound - recipe-scrapers (15.11.0) exception: No Recipe Schema found at https://www.bbcgoodfood.com/recipes/category/all-easter-collections.
2026-01-14 22:37:05,470 - WARNING - Could not extract yields: RecipeSchemaNotFound - recipe-scrapers (15.11.0) exception: No Recipe Schema found at https://www.bbcgoodfood.com/recipes/category/all-easter-collections.
2026-01-14 22:37:05,470 - WARNING - Could not extract ingredients: RecipeSchemaNotFound - recipe-scrapers (15.11.0) exception: No Recipe Schema found at https://www.bbcgoodfood.com/recipes/category/all-easter-collections.
2026-01-14 22:37:05,471 - WARNING - Could not extract instructions: RecipeSchemaNotFound - recipe-scrapers (15.11.0) exception: No Recipe Schema found at https://www.bbcgoodfood.com/recipes/category/all-easter-collections.
2026-01-14 22:37:05,471 - WARNING - Could not extract nutrients: RecipeSchemaNotFound - recipe-scrapers (15.11.0) exception: No Recipe Schema found at https://www.bbcgoodfood.com/recipes/category/all-easter-collections.
2026-01-14 22:37:05,471 - WARNING - Could not extract cuisine: RecipeSchemaNotFound - recipe-scrapers (15.11.0) exception: No Recipe Schema found at https://www.bbcgoodfood.com/recipes/category/all-easter-collections.
2026-01-14 22:37:05,471 - WARNING - Could not extract category: RecipeSchemaNotFound - recipe-scrapers (15.11.0) exception: No Recipe Schema found at https://www.bbcgoodfood.com/recipes/category/all-easter-collections.
2026-01-14 22:37:05,471 - WARNING - Error extracting rating for https://www.bbcgoodfood.com/recipes/category/all-easter-collections: RecipeSchemaNotFound - recipe-scrapers (15.11.0) exception: No Recipe Schema found at https://www.bbcgoodfood.com/recipes/category/all-easter-collections.
2026-01-14 22:37:05,557 - INFO - Fetching URL: https://www.bbcgoodfood.com/recipes/category/vegan-collections
2026-01-14 22:37:05,676 - WARNING - Could not extract title: RecipeSchemaNotFound - recipe-scrapers (15.11.0) exception: No Recipe Schema found at https://www.bbcgoodfood.com/recipes/category/vegan-collections.
2026-01-14 22:37:05,677 - WARNING - Could not extract description: RecipeSchemaNotFound - recipe-scrapers (15.11.0) exception: No Recipe Schema found at https://www.bbcgoodfood.com/recipes/category/vegan-collections.
2026-01-14 22:37:05,677 - WARNING - Could not extract prep_time: RecipeSchemaNotFound - recipe-scrapers (15.11.0) exception: No Recipe Schema found at https://www.bbcgoodfood.com/recipes/category/vegan-collections.
2026-01-14 22:37:05,678 - WARNING - Could not extract cook_time: RecipeSchemaNotFound - recipe-scrapers (15.11.0) exception: No Recipe Schema found at https://www.bbcgoodfood.com/recipes/category/vegan-collections.
2026-01-14 22:37:05,678 - WARNING - Could not extract yields: RecipeSchemaNotFound - recipe-scrapers (15.11.0) exception: No Recipe Schema found at https://www.bbcgoodfood.com/recipes/category/vegan-collections.
2026-01-14 22:37:05,678 - WARNING - Could not extract ingredients: RecipeSchemaNotFound - recipe-scrapers (15.11.0) exception: No Recipe Schema found at https://www.bbcgoodfood.com/recipes/category/vegan-collections.
2026-01-14 22:37:05,678 - WARNING - Could not extract instructions: RecipeSchemaNotFound - recipe-scrapers (15.11.0) exception: No Recipe Schema found at https://www.bbcgoodfood.com/recipes/category/vegan-collections.
2026-01-14 22:37:05,678 - WARNING - Could not extract nutrients: RecipeSchemaNotFound - recipe-scrapers (15.11.0) exception: No Recipe Schema found at https://www.bbcgoodfood.com/recipes/category/vegan-collections.
2026-01-14 22:37:05,678 - WARNING - Could not extract cuisine: RecipeSchemaNotFound - recipe-scrapers (15.11.0) exception: No Recipe Schema found at https://www.bbcgoodfood.com/recipes/category/vegan-collections.
2026-01-14 22:37:05,678 - WARNING - Could not extract category: RecipeSchemaNotFound - recipe-scrapers (15.11.0) exception: No Recipe Schema found at https://www.bbcgoodfood.com/recipes/category/vegan-collections.
2026-01-14 22:37:05,679 - WARNING - Error extracting rating for https://www.bbcgoodfood.com/recipes/category/vegan-collections: RecipeSchemaNotFound - recipe-scrapers (15.11.0) exception: No Recipe Schema found at https://www.bbcgoodfood.com/recipes/category/vegan-collections.
2026-01-14 22:37:05,762 - INFO - Fetching URL: https://www.bbcgoodfood.com/recipes/category/christmas-collections
2026-01-14 22:37:06,039 - WARNING - Could not extract title: RecipeSchemaNotFound - recipe-scrapers (15.11.0) exception: No Recipe Schema found at https://www.bbcgoodfood.com/recipes/category/christmas-collections.
2026-01-14 22:37:06,039 - WARNING - Could not extract description: RecipeSchemaNotFound - recipe-scrapers (15.11.0) exception: No Recipe Schema found at https://www.bbcgoodfood.com/recipes/category/christmas-collections.
2026-01-14 22:37:06,040 - WARNING - Could not extract prep_time: RecipeSchemaNotFound - recipe-scrapers (15.11.0) exception: No Recipe Schema found at https://www.bbcgoodfood.com/recipes/category/christmas-collections.
2026-01-14 22:37:06,040 - WARNING - Could not extract cook_time: RecipeSchemaNotFound - recipe-scrapers (15.11.0) exception: No Recipe Schema found at https://www.bbcgoodfood.com/recipes/category/christmas-collections.
2026-01-14 22:37:06,041 - WARNING - Could not extract yields: RecipeSchemaNotFound - recipe-scrapers (15.11.0) exception: No Recipe Schema found at https://www.bbcgoodfood.com/recipes/category/christmas-collections.
2026-01-14 22:37:06,041 - WARNING - Could not extract ingredients: RecipeSchemaNotFound - recipe-scrapers (15.11.0) exception: No Recipe Schema found at https://www.bbcgoodfood.com/recipes/category/christmas-collections.
2026-01-14 22:37:06,041 - WARNING - Could not extract instructions: RecipeSchemaNotFound - recipe-scrapers (15.11.0) exception: No Recipe Schema found at https://www.bbcgoodfood.com/recipes/category/christmas-collections.
2026-01-14 22:37:06,041 - WARNING - Could not extract nutrients: RecipeSchemaNotFound - recipe-scrapers (15.11.0) exception: No Recipe Schema found at https://www.bbcgoodfood.com/recipes/category/christmas-collections.
2026-01-14 22:37:06,041 - WARNING - Could not extract cuisine: RecipeSchemaNotFound - recipe-scrapers (15.11.0) exception: No Recipe Schema found at https://www.bbcgoodfood.com/recipes/category/christmas-collections.
2026-01-14 22:37:06,041 - WARNING - Could not extract category: RecipeSchemaNotFound - recipe-scrapers (15.11.0) exception: No Recipe Schema found at https://www.bbcgoodfood.com/recipes/category/christmas-collections.
2026-01-14 22:37:06,041 - WARNING - Error extracting rating for https://www.bbcgoodfood.com/recipes/category/christmas-collections: RecipeSchemaNotFound - recipe-scrapers (15.11.0) exception: No Recipe Schema found at https://www.bbcgoodfood.com/recipes/category/christmas-collections.
2026-01-14 22:37:06,131 - INFO - Fetching URL: https://www.bbcgoodfood.com/recipes/category/family-friendly-collections
2026-01-14 22:37:06,238 - WARNING - Could not extract title: RecipeSchemaNotFound - recipe-scrapers (15.11.0) exception: No Recipe Schema found at https://www.bbcgoodfood.com/recipes/category/family-friendly-collections.
2026-01-14 22:37:06,239 - WARNING - Could not extract description: RecipeSchemaNotFound - recipe-scrapers (15.11.0) exception: No Recipe Schema found at https://www.bbcgoodfood.com/recipes/category/family-friendly-collections.
2026-01-14 22:37:06,239 - WARNING - Could not extract prep_time: RecipeSchemaNotFound - recipe-scrapers (15.11.0) exception: No Recipe Schema found at https://www.bbcgoodfood.com/recipes/category/family-friendly-collections.
2026-01-14 22:37:06,240 - WARNING - Could not extract cook_time: RecipeSchemaNotFound - recipe-scrapers (15.11.0) exception: No Recipe Schema found at https://www.bbcgoodfood.com/recipes/category/family-friendly-collections.
2026-01-14 22:37:06,240 - WARNING - Could not extract yields: RecipeSchemaNotFound - recipe-scrapers (15.11.0) exception: No Recipe Schema found at https://www.bbcgoodfood.com/recipes/category/family-friendly-collections.
2026-01-14 22:37:06,240 - WARNING - Could not extract ingredients: RecipeSchemaNotFound - recipe-scrapers (15.11.0) exception: No Recipe Schema found at https://www.bbcgoodfood.com/recipes/category/family-friendly-collections.
2026-01-14 22:37:06,240 - WARNING - Could not extract instructions: RecipeSchemaNotFound - recipe-scrapers (15.11.0) exception: No Recipe Schema found at https://www.bbcgoodfood.com/recipes/category/family-friendly-collections.
2026-01-14 22:37:06,240 - WARNING - Could not extract nutrients: RecipeSchemaNotFound - recipe-scrapers (15.11.0) exception: No Recipe Schema found at https://www.bbcgoodfood.com/recipes/category/family-friendly-collections.
2026-01-14 22:37:06,240 - WARNING - Could not extract cuisine: RecipeSchemaNotFound - recipe-scrapers (15.11.0) exception: No Recipe Schema found at https://www.bbcgoodfood.com/recipes/category/family-friendly-collections.
2026-01-14 22:37:06,240 - WARNING - Could not extract category: RecipeSchemaNotFound - recipe-scrapers (15.11.0) exception: No Recipe Schema found at https://www.bbcgoodfood.com/recipes/category/family-friendly-collections.
2026-01-14 22:37:06,240 - WARNING - Error extracting rating for https://www.bbcgoodfood.com/recipes/category/family-friendly-collections: RecipeSchemaNotFound - recipe-scrapers (15.11.0) exception: No Recipe Schema found at https://www.bbcgoodfood.com/recipes/category/family-friendly-collections.
2026-01-14 22:37:06,326 - INFO - Fetching URL: https://www.bbcgoodfood.com/recipes/category/red-meat-and-game-collections
2026-01-14 22:37:06,432 - WARNING - Could not extract title: RecipeSchemaNotFound - recipe-scrapers (15.11.0) exception: No Recipe Schema found at https://www.bbcgoodfood.com/recipes/category/red-meat-and-game-collections.
2026-01-14 22:37:06,433 - WARNING - Could not extract description: RecipeSchemaNotFound - recipe-scrapers (15.11.0) exception: No Recipe Schema found at https://www.bbcgoodfood.com/recipes/category/red-meat-and-game-collections.
2026-01-14 22:37:06,434 - WARNING - Could not extract prep_time: RecipeSchemaNotFound - recipe-scrapers (15.11.0) exception: No Recipe Schema found at https://www.bbcgoodfood.com/recipes/category/red-meat-and-game-collections.
2026-01-14 22:37:06,434 - WARNING - Could not extract cook_time: RecipeSchemaNotFound - recipe-scrapers (15.11.0) exception: No Recipe Schema found at https://www.bbcgoodfood.com/recipes/category/red-meat-and-game-collections.
2026-01-14 22:37:06,434 - WARNING - Could not extract yields: RecipeSchemaNotFound - recipe-scrapers (15.11.0) exception: No Recipe Schema found at https://www.bbcgoodfood.com/recipes/category/red-meat-and-game-collections.
2026-01-14 22:37:06,434 - WARNING - Could not extract ingredients: RecipeSchemaNotFound - recipe-scrapers (15.11.0) exception: No Recipe Schema found at https://www.bbcgoodfood.com/recipes/category/red-meat-and-game-collections.
2026-01-14 22:37:06,434 - WARNING - Could not extract instructions: RecipeSchemaNotFound - recipe-scrapers (15.11.0) exception: No Recipe Schema found at https://www.bbcgoodfood.com/recipes/category/red-meat-and-game-collections.
2026-01-14 22:37:06,434 - WARNING - Could not extract nutrients: RecipeSchemaNotFound - recipe-scrapers (15.11.0) exception: No Recipe Schema found at https://www.bbcgoodfood.com/recipes/category/red-meat-and-game-collections.
2026-01-14 22:37:06,434 - WARNING - Could not extract cuisine: RecipeSchemaNotFound - recipe-scrapers (15.11.0) exception: No Recipe Schema found at https://www.bbcgoodfood.com/recipes/category/red-meat-and-game-collections.
2026-01-14 22:37:06,434 - WARNING - Could not extract category: RecipeSchemaNotFound - recipe-scrapers (15.11.0) exception: No Recipe Schema found at https://www.bbcgoodfood.com/recipes/category/red-meat-and-game-collections.
2026-01-14 22:37:06,434 - WARNING - Error extracting rating for https://www.bbcgoodfood.com/recipes/category/red-meat-and-game-collections: RecipeSchemaNotFound - recipe-scrapers (15.11.0) exception: No Recipe Schema found at https://www.bbcgoodfood.com/recipes/category/red-meat-and-game-collections.
2026-01-14 22:37:06,516 - INFO - Fetching URL: https://www.bbcgoodfood.com/recipes/category/vegetable-collections
2026-01-14 22:37:06,637 - WARNING - Could not extract title: RecipeSchemaNotFound - recipe-scrapers (15.11.0) exception: No Recipe Schema found at https://www.bbcgoodfood.com/recipes/category/vegetable-collections.
2026-01-14 22:37:06,637 - WARNING - Could not extract description: RecipeSchemaNotFound - recipe-scrapers (15.11.0) exception: No Recipe Schema found at https://www.bbcgoodfood.com/recipes/category/vegetable-collections.
2026-01-14 22:37:06,638 - WARNING - Could not extract prep_time: RecipeSchemaNotFound - recipe-scrapers (15.11.0) exception: No Recipe Schema found at https://www.bbcgoodfood.com/recipes/category/vegetable-collections.
2026-01-14 22:37:06,638 - WARNING - Could not extract cook_time: RecipeSchemaNotFound - recipe-scrapers (15.11.0) exception: No Recipe Schema found at https://www.bbcgoodfood.com/recipes/category/vegetable-collections.
2026-01-14 22:37:06,639 - WARNING - Could not extract yields: RecipeSchemaNotFound - recipe-scrapers (15.11.0) exception: No Recipe Schema found at https://www.bbcgoodfood.com/recipes/category/vegetable-collections.
2026-01-14 22:37:06,639 - WARNING - Could not extract ingredients: RecipeSchemaNotFound - recipe-scrapers (15.11.0) exception: No Recipe Schema found at https://www.bbcgoodfood.com/recipes/category/vegetable-collections.
2026-01-14 22:37:06,639 - WARNING - Could not extract instructions: RecipeSchemaNotFound - recipe-scrapers (15.11.0) exception: No Recipe Schema found at https://www.bbcgoodfood.com/recipes/category/vegetable-collections.
2026-01-14 22:37:06,639 - WARNING - Could not extract nutrients: RecipeSchemaNotFound - recipe-scrapers (15.11.0) exception: No Recipe Schema found at https://www.bbcgoodfood.com/recipes/category/vegetable-collections.
2026-01-14 22:37:06,639 - WARNING - Could not extract cuisine: RecipeSchemaNotFound - recipe-scrapers (15.11.0) exception: No Recipe Schema found at https://www.bbcgoodfood.com/recipes/category/vegetable-collections.
2026-01-14 22:37:06,639 - WARNING - Could not extract category: RecipeSchemaNotFound - recipe-scrapers (15.11.0) exception: No Recipe Schema found at https://www.bbcgoodfood.com/recipes/category/vegetable-collections.
2026-01-14 22:37:06,640 - WARNING - Error extracting rating for https://www.bbcgoodfood.com/recipes/category/vegetable-collections: RecipeSchemaNotFound - recipe-scrapers (15.11.0) exception: No Recipe Schema found at https://www.bbcgoodfood.com/recipes/category/vegetable-collections.
2026-01-14 22:37:06,722 - INFO - Fetching URL: https://www.bbcgoodfood.com/recipes/category/fish-seafood-collections
2026-01-14 22:37:06,829 - WARNING - Could not extract title: RecipeSchemaNotFound - recipe-scrapers (15.11.0) exception: No Recipe Schema found at https://www.bbcgoodfood.com/recipes/category/fish-seafood-collections.
2026-01-14 22:37:06,830 - WARNING - Could not extract description: RecipeSchemaNotFound - recipe-scrapers (15.11.0) exception: No Recipe Schema found at https://www.bbcgoodfood.com/recipes/category/fish-seafood-collections.
2026-01-14 22:37:06,830 - WARNING - Could not extract prep_time: RecipeSchemaNotFound - recipe-scrapers (15.11.0) exception: No Recipe Schema found at https://www.bbcgoodfood.com/recipes/category/fish-seafood-collections.
2026-01-14 22:37:06,830 - WARNING - Could not extract cook_time: RecipeSchemaNotFound - recipe-scrapers (15.11.0) exception: No Recipe Schema found at https://www.bbcgoodfood.com/recipes/category/fish-seafood-collections.
2026-01-14 22:37:06,831 - WARNING - Could not extract yields: RecipeSchemaNotFound - recipe-scrapers (15.11.0) exception: No Recipe Schema found at https://www.bbcgoodfood.com/recipes/category/fish-seafood-collections.
2026-01-14 22:37:06,831 - WARNING - Could not extract ingredients: RecipeSchemaNotFound - recipe-scrapers (15.11.0) exception: No Recipe Schema found at https://www.bbcgoodfood.com/recipes/category/fish-seafood-collections.
2026-01-14 22:37:06,831 - WARNING - Could not extract instructions: RecipeSchemaNotFound - recipe-scrapers (15.11.0) exception: No Recipe Schema found at https://www.bbcgoodfood.com/recipes/category/fish-seafood-collections.
2026-01-14 22:37:06,831 - WARNING - Could not extract nutrients: RecipeSchemaNotFound - recipe-scrapers (15.11.0) exception: No Recipe Schema found at https://www.bbcgoodfood.com/recipes/category/fish-seafood-collections.
2026-01-14 22:37:06,831 - WARNING - Could not extract cuisine: RecipeSchemaNotFound - recipe-scrapers (15.11.0) exception: No Recipe Schema found at https://www.bbcgoodfood.com/recipes/category/fish-seafood-collections.
2026-01-14 22:37:06,831 - WARNING - Could not extract category: RecipeSchemaNotFound - recipe-scrapers (15.11.0) exception: No Recipe Schema found at https://www.bbcgoodfood.com/recipes/category/fish-seafood-collections.
2026-01-14 22:37:06,831 - WARNING - Error extracting rating for https://www.bbcgoodfood.com/recipes/category/fish-seafood-collections: RecipeSchemaNotFound - recipe-scrapers (15.11.0) exception: No Recipe Schema found at https://www.bbcgoodfood.com/recipes/category/fish-seafood-collections.
2026-01-14 22:37:06,944 - INFO - Fetching URL: https://www.bbcgoodfood.com/recipes/category/religious-events-collections
2026-01-14 22:37:07,045 - WARNING - Could not extract title: RecipeSchemaNotFound - recipe-scrapers (15.11.0) exception: No Recipe Schema found at https://www.bbcgoodfood.com/recipes/category/religious-events-collections.
2026-01-14 22:37:07,045 - WARNING - Could not extract description: RecipeSchemaNotFound - recipe-scrapers (15.11.0) exception: No Recipe Schema found at https://www.bbcgoodfood.com/recipes/category/religious-events-collections.
2026-01-14 22:37:07,046 - WARNING - Could not extract prep_time: RecipeSchemaNotFound - recipe-scrapers (15.11.0) exception: No Recipe Schema found at https://www.bbcgoodfood.com/recipes/category/religious-events-collections.
2026-01-14 22:37:07,046 - WARNING - Could not extract cook_time: RecipeSchemaNotFound - recipe-scrapers (15.11.0) exception: No Recipe Schema found at https://www.bbcgoodfood.com/recipes/category/religious-events-collections.
2026-01-14 22:37:07,046 - WARNING - Could not extract yields: RecipeSchemaNotFound - recipe-scrapers (15.11.0) exception: No Recipe Schema found at https://www.bbcgoodfood.com/recipes/category/religious-events-collections.
2026-01-14 22:37:07,046 - WARNING - Could not extract ingredients: RecipeSchemaNotFound - recipe-scrapers (15.11.0) exception: No Recipe Schema found at https://www.bbcgoodfood.com/recipes/category/religious-events-collections.
2026-01-14 22:37:07,046 - WARNING - Could not extract instructions: RecipeSchemaNotFound - recipe-scrapers (15.11.0) exception: No Recipe Schema found at https://www.bbcgoodfood.com/recipes/category/religious-events-collections.
2026-01-14 22:37:07,047 - WARNING - Could not extract nutrients: RecipeSchemaNotFound - recipe-scrapers (15.11.0) exception: No Recipe Schema found at https://www.bbcgoodfood.com/recipes/category/religious-events-collections.
2026-01-14 22:37:07,047 - WARNING - Could not extract cuisine: RecipeSchemaNotFound - recipe-scrapers (15.11.0) exception: No Recipe Schema found at https://www.bbcgoodfood.com/recipes/category/religious-events-collections.
2026-01-14 22:37:07,047 - WARNING - Could not extract category: RecipeSchemaNotFound - recipe-scrapers (15.11.0) exception: No Recipe Schema found at https://www.bbcgoodfood.com/recipes/category/religious-events-collections.
2026-01-14 22:37:07,047 - WARNING - Error extracting rating for https://www.bbcgoodfood.com/recipes/category/religious-events-collections: RecipeSchemaNotFound - recipe-scrapers (15.11.0) exception: No Recipe Schema found at https://www.bbcgoodfood.com/recipes/category/religious-events-collections.
2026-01-14 22:37:07,116 - INFO - Fetching URL: https://www.bbcgoodfood.com/recipes/category/vegetarian-collections
2026-01-14 22:37:07,228 - WARNING - Could not extract title: RecipeSchemaNotFound - recipe-scrapers (15.11.0) exception: No Recipe Schema found at https://www.bbcgoodfood.com/recipes/category/vegetarian-collections.
2026-01-14 22:37:07,228 - WARNING - Could not extract description: RecipeSchemaNotFound - recipe-scrapers (15.11.0) exception: No Recipe Schema found at https://www.bbcgoodfood.com/recipes/category/vegetarian-collections.
2026-01-14 22:37:07,229 - WARNING - Could not extract prep_time: RecipeSchemaNotFound - recipe-scrapers (15.11.0) exception: No Recipe Schema found at https://www.bbcgoodfood.com/recipes/category/vegetarian-collections.
2026-01-14 22:37:07,229 - WARNING - Could not extract cook_time: RecipeSchemaNotFound - recipe-scrapers (15.11.0) exception: No Recipe Schema found at https://www.bbcgoodfood.com/recipes/category/vegetarian-collections.
2026-01-14 22:37:07,229 - WARNING - Could not extract yields: RecipeSchemaNotFound - recipe-scrapers (15.11.0) exception: No Recipe Schema found at https://www.bbcgoodfood.com/recipes/category/vegetarian-collections.
2026-01-14 22:37:07,229 - WARNING - Could not extract ingredients: RecipeSchemaNotFound - recipe-scrapers (15.11.0) exception: No Recipe Schema found at https://www.bbcgoodfood.com/recipes/category/vegetarian-collections.
2026-01-14 22:37:07,229 - WARNING - Could not extract instructions: RecipeSchemaNotFound - recipe-scrapers (15.11.0) exception: No Recipe Schema found at https://www.bbcgoodfood.com/recipes/category/vegetarian-collections.
2026-01-14 22:37:07,230 - WARNING - Could not extract nutrients: RecipeSchemaNotFound - recipe-scrapers (15.11.0) exception: No Recipe Schema found at https://www.bbcgoodfood.com/recipes/category/vegetarian-collections.
2026-01-14 22:37:07,230 - WARNING - Could not extract cuisine: RecipeSchemaNotFound - recipe-scrapers (15.11.0) exception: No Recipe Schema found at https://www.bbcgoodfood.com/recipes/category/vegetarian-collections.
2026-01-14 22:37:07,230 - WARNING - Could not extract category: RecipeSchemaNotFound - recipe-scrapers (15.11.0) exception: No Recipe Schema found at https://www.bbcgoodfood.com/recipes/category/vegetarian-collections.
2026-01-14 22:37:07,230 - WARNING - Error extracting rating for https://www.bbcgoodfood.com/recipes/category/vegetarian-collections: RecipeSchemaNotFound - recipe-scrapers (15.11.0) exception: No Recipe Schema found at https://www.bbcgoodfood.com/recipes/category/vegetarian-collections.
2026-01-14 22:37:07,314 - INFO - Fetching URL: https://www.bbcgoodfood.com/recipes/category/dessert-collections
2026-01-14 22:37:07,432 - WARNING - Could not extract title: RecipeSchemaNotFound - recipe-scrapers (15.11.0) exception: No Recipe Schema found at https://www.bbcgoodfood.com/recipes/category/dessert-collections.
2026-01-14 22:37:07,433 - WARNING - Could not extract description: RecipeSchemaNotFound - recipe-scrapers (15.11.0) exception: No Recipe Schema found at https://www.bbcgoodfood.com/recipes/category/dessert-collections.
2026-01-14 22:37:07,433 - WARNING - Could not extract prep_time: RecipeSchemaNotFound - recipe-scrapers (15.11.0) exception: No Recipe Schema found at https://www.bbcgoodfood.com/recipes/category/dessert-collections.
2026-01-14 22:37:07,434 - WARNING - Could not extract cook_time: RecipeSchemaNotFound - recipe-scrapers (15.11.0) exception: No Recipe Schema found at https://www.bbcgoodfood.com/recipes/category/dessert-collections.
2026-01-14 22:37:07,434 - WARNING - Could not extract yields: RecipeSchemaNotFound - recipe-scrapers (15.11.0) exception: No Recipe Schema found at https://www.bbcgoodfood.com/recipes/category/dessert-collections.
2026-01-14 22:37:07,434 - WARNING - Could not extract ingredients: RecipeSchemaNotFound - recipe-scrapers (15.11.0) exception: No Recipe Schema found at https://www.bbcgoodfood.com/recipes/category/dessert-collections.
2026-01-14 22:37:07,434 - WARNING - Could not extract instructions: RecipeSchemaNotFound - recipe-scrapers (15.11.0) exception: No Recipe Schema found at https://www.bbcgoodfood.com/recipes/category/dessert-collections.
2026-01-14 22:37:07,434 - WARNING - Could not extract nutrients: RecipeSchemaNotFound - recipe-scrapers (15.11.0) exception: No Recipe Schema found at https://www.bbcgoodfood.com/recipes/category/dessert-collections.
2026-01-14 22:37:07,434 - WARNING - Could not extract cuisine: RecipeSchemaNotFound - recipe-scrapers (15.11.0) exception: No Recipe Schema found at https://www.bbcgoodfood.com/recipes/category/dessert-collections.
2026-01-14 22:37:07,434 - WARNING - Could not extract category: RecipeSchemaNotFound - recipe-scrapers (15.11.0) exception: No Recipe Schema found at https://www.bbcgoodfood.com/recipes/category/dessert-collections.
2026-01-14 22:37:07,434 - WARNING - Error extracting rating for https://www.bbcgoodfood.com/recipes/category/dessert-collections: RecipeSchemaNotFound - recipe-scrapers (15.11.0) exception: No Recipe Schema found at https://www.bbcgoodfood.com/recipes/category/dessert-collections.
2026-01-14 22:37:07,519 - INFO - Fetching URL: https://www.bbcgoodfood.com/recipes/category/fruit-collections
2026-01-14 22:37:07,669 - WARNING - Could not extract title: RecipeSchemaNotFound - recipe-scrapers (15.11.0) exception: No Recipe Schema found at https://www.bbcgoodfood.com/recipes/category/fruit-collections.
2026-01-14 22:37:07,670 - WARNING - Could not extract description: RecipeSchemaNotFound - recipe-scrapers (15.11.0) exception: No Recipe Schema found at https://www.bbcgoodfood.com/recipes/category/fruit-collections.
2026-01-14 22:37:07,670 - WARNING - Could not extract prep_time: RecipeSchemaNotFound - recipe-scrapers (15.11.0) exception: No Recipe Schema found at https://www.bbcgoodfood.com/recipes/category/fruit-collections.
2026-01-14 22:37:07,670 - WARNING - Could not extract cook_time: RecipeSchemaNotFound - recipe-scrapers (15.11.0) exception: No Recipe Schema found at https://www.bbcgoodfood.com/recipes/category/fruit-collections.
2026-01-14 22:37:07,671 - WARNING - Could not extract yields: RecipeSchemaNotFound - recipe-scrapers (15.11.0) exception: No Recipe Schema found at https://www.bbcgoodfood.com/recipes/category/fruit-collections.
2026-01-14 22:37:07,671 - WARNING - Could not extract ingredients: RecipeSchemaNotFound - recipe-scrapers (15.11.0) exception: No Recipe Schema found at https://www.bbcgoodfood.com/recipes/category/fruit-collections.
2026-01-14 22:37:07,671 - WARNING - Could not extract instructions: RecipeSchemaNotFound - recipe-scrapers (15.11.0) exception: No Recipe Schema found at https://www.bbcgoodfood.com/recipes/category/fruit-collections.
2026-01-14 22:37:07,671 - WARNING - Could not extract nutrients: RecipeSchemaNotFound - recipe-scrapers (15.11.0) exception: No Recipe Schema found at https://www.bbcgoodfood.com/recipes/category/fruit-collections.
2026-01-14 22:37:07,671 - WARNING - Could not extract cuisine: RecipeSchemaNotFound - recipe-scrapers (15.11.0) exception: No Recipe Schema found at https://www.bbcgoodfood.com/recipes/category/fruit-collections.
2026-01-14 22:37:07,671 - WARNING - Could not extract category: RecipeSchemaNotFound - recipe-scrapers (15.11.0) exception: No Recipe Schema found at https://www.bbcgoodfood.com/recipes/category/fruit-collections.
2026-01-14 22:37:07,671 - WARNING - Error extracting rating for https://www.bbcgoodfood.com/recipes/category/fruit-collections: RecipeSchemaNotFound - recipe-scrapers (15.11.0) exception: No Recipe Schema found at https://www.bbcgoodfood.com/recipes/category/fruit-collections.
2026-01-14 22:37:07,758 - INFO - Fetching URL: https://www.bbcgoodfood.com/recipes/collection/salad-collections
2026-01-14 22:37:07,979 - WARNING - Could not extract title: RecipeSchemaNotFound - recipe-scrapers (15.11.0) exception: No Recipe Schema found at https://www.bbcgoodfood.com/recipes/collection/salad-collections.
2026-01-14 22:37:07,980 - WARNING - Could not extract description: RecipeSchemaNotFound - recipe-scrapers (15.11.0) exception: No Recipe Schema found at https://www.bbcgoodfood.com/recipes/collection/salad-collections.
2026-01-14 22:37:07,981 - WARNING - Could not extract prep_time: RecipeSchemaNotFound - recipe-scrapers (15.11.0) exception: No Recipe Schema found at https://www.bbcgoodfood.com/recipes/collection/salad-collections.
2026-01-14 22:37:07,981 - WARNING - Could not extract cook_time: RecipeSchemaNotFound - recipe-scrapers (15.11.0) exception: No Recipe Schema found at https://www.bbcgoodfood.com/recipes/collection/salad-collections.
2026-01-14 22:37:07,981 - WARNING - Could not extract yields: RecipeSchemaNotFound - recipe-scrapers (15.11.0) exception: No Recipe Schema found at https://www.bbcgoodfood.com/recipes/collection/salad-collections.
2026-01-14 22:37:07,981 - WARNING - Could not extract ingredients: RecipeSchemaNotFound - recipe-scrapers (15.11.0) exception: No Recipe Schema found at https://www.bbcgoodfood.com/recipes/collection/salad-collections.
2026-01-14 22:37:07,981 - WARNING - Could not extract instructions: RecipeSchemaNotFound - recipe-scrapers (15.11.0) exception: No Recipe Schema found at https://www.bbcgoodfood.com/recipes/collection/salad-collections.
2026-01-14 22:37:07,981 - WARNING - Could not extract nutrients: RecipeSchemaNotFound - recipe-scrapers (15.11.0) exception: No Recipe Schema found at https://www.bbcgoodfood.com/recipes/collection/salad-collections.
2026-01-14 22:37:07,981 - WARNING - Could not extract cuisine: RecipeSchemaNotFound - recipe-scrapers (15.11.0) exception: No Recipe Schema found at https://www.bbcgoodfood.com/recipes/collection/salad-collections.
2026-01-14 22:37:07,982 - WARNING - Could not extract category: RecipeSchemaNotFound - recipe-scrapers (15.11.0) exception: No Recipe Schema found at https://www.bbcgoodfood.com/recipes/collection/salad-collections.
2026-01-14 22:37:07,982 - WARNING - Error extracting rating for https://www.bbcgoodfood.com/recipes/collection/salad-collections: RecipeSchemaNotFound - recipe-scrapers (15.11.0) exception: No Recipe Schema found at https://www.bbcgoodfood.com/recipes/collection/salad-collections.
2026-01-14 22:37:08,062 - INFO - Writing 91 recipes to bbcgoodfood_slow_cooker_recipes.csv...
2026-01-14 22:37:08,065 - INFO - Successfully saved 91 recipes to bbcgoodfood_slow_cooker_recipes.csv
2026-01-14 22:49:21,402 - INFO - Read 24 URLs from bbcgoodfood_high_protein_recipes.txt
2026-01-14 22:49:21,402 - INFO - Fetching URL: https://www.bbcgoodfood.com/recipes/mexican-chicken-stew-quinoa-beans
2026-01-14 22:49:21,567 - WARNING - Error extracting rating for https://www.bbcgoodfood.com/recipes/mexican-chicken-stew-quinoa-beans: SchemaOrgException - recipe-scrapers (15.11.0) exception: No ratingValue in SchemaOrg.
2026-01-14 22:49:21,584 - INFO - Fetching URL: https://www.bbcgoodfood.com/recipes/chicken-chorizo-jambalaya
2026-01-14 22:49:21,696 - WARNING - Error extracting rating for https://www.bbcgoodfood.com/recipes/chicken-chorizo-jambalaya: SchemaOrgException - recipe-scrapers (15.11.0) exception: No ratingValue in SchemaOrg.
2026-01-14 22:49:21,713 - INFO - Fetching URL: https://www.bbcgoodfood.com/recipes/bean-enchiladas
2026-01-14 22:49:21,813 - WARNING - Error extracting rating for https://www.bbcgoodfood.com/recipes/bean-enchiladas: SchemaOrgException - recipe-scrapers (15.11.0) exception: No ratingValue in SchemaOrg.
2026-01-14 22:49:21,829 - INFO - Fetching URL: https://www.bbcgoodfood.com/recipes/crispy-chilli-turkey-noodles
2026-01-14 22:49:21,935 - WARNING - Could not extract cuisine: SchemaOrgException - recipe-scrapers (15.11.0) exception: No cuisine data in SchemaOrg.
2026-01-14 22:49:21,935 - WARNING - Error extracting rating for https://www.bbcgoodfood.com/recipes/crispy-chilli-turkey-noodles: SchemaOrgException - recipe-scrapers (15.11.0) exception: No ratingValue in SchemaOrg.
2026-01-14 22:49:21,951 - INFO - Fetching URL: https://www.bbcgoodfood.com/recipes/chicken-stroganoff
2026-01-14 22:49:22,053 - WARNING - Could not extract cuisine: SchemaOrgException - recipe-scrapers (15.11.0) exception: No cuisine data in SchemaOrg.
2026-01-14 22:49:22,053 - WARNING - Error extracting rating for https://www.bbcgoodfood.com/recipes/chicken-stroganoff: SchemaOrgException - recipe-scrapers (15.11.0) exception: No ratingValue in SchemaOrg.
2026-01-14 22:49:22,069 - INFO - Fetching URL: https://www.bbcgoodfood.com/recipes/chicken-satay-curry
2026-01-14 22:49:22,181 - WARNING - Could not extract cuisine: SchemaOrgException - recipe-scrapers (15.11.0) exception: No cuisine data in SchemaOrg.
2026-01-14 22:49:22,181 - WARNING - Error extracting rating for https://www.bbcgoodfood.com/recipes/chicken-satay-curry: SchemaOrgException - recipe-scrapers (15.11.0) exception: No ratingValue in SchemaOrg.
2026-01-14 22:49:22,198 - INFO - Fetching URL: https://www.bbcgoodfood.com/recipes/salmon-risotto
2026-01-14 22:49:22,307 - WARNING - Could not extract cuisine: SchemaOrgException - recipe-scrapers (15.11.0) exception: No cuisine data in SchemaOrg.
2026-01-14 22:49:22,308 - WARNING - Error extracting rating for https://www.bbcgoodfood.com/recipes/salmon-risotto: SchemaOrgException - recipe-scrapers (15.11.0) exception: No ratingValue in SchemaOrg.
2026-01-14 22:49:22,324 - INFO - Fetching URL: https://www.bbcgoodfood.com/recipes/spicy-cajun-chicken-quinoa
2026-01-14 22:49:22,424 - WARNING - Error extracting rating for https://www.bbcgoodfood.com/recipes/spicy-cajun-chicken-quinoa: SchemaOrgException - recipe-scrapers (15.11.0) exception: No ratingValue in SchemaOrg.
2026-01-14 22:49:22,440 - INFO - Fetching URL: https://www.bbcgoodfood.com/recipes/vegan-chickpea-curry-jacket-potato
2026-01-14 22:49:22,543 - WARNING - Could not extract cuisine: SchemaOrgException - recipe-scrapers (15.11.0) exception: No cuisine data in SchemaOrg.
2026-01-14 22:49:22,544 - WARNING - Error extracting rating for https://www.bbcgoodfood.com/recipes/vegan-chickpea-curry-jacket-potato: SchemaOrgException - recipe-scrapers (15.11.0) exception: No ratingValue in SchemaOrg.
2026-01-14 22:49:22,560 - INFO - Fetching URL: https://www.bbcgoodfood.com/recipes/fruity-lamb-tagine
2026-01-14 22:49:22,665 - WARNING - Error extracting rating for https://www.bbcgoodfood.com/recipes/fruity-lamb-tagine: SchemaOrgException - recipe-scrapers (15.11.0) exception: No ratingValue in SchemaOrg.
2026-01-14 22:49:22,681 - INFO - Fetching URL: https://www.bbcgoodfood.com/recipes/chickpea-coriander-burgers
2026-01-14 22:49:22,780 - WARNING - Error extracting rating for https://www.bbcgoodfood.com/recipes/chickpea-coriander-burgers: SchemaOrgException - recipe-scrapers (15.11.0) exception: No ratingValue in SchemaOrg.
2026-01-14 22:49:22,795 - INFO - Fetching URL: https://www.bbcgoodfood.com/recipes/nutty-chicken-sate-strips
2026-01-14 22:49:22,908 - WARNING - Could not extract cuisine: SchemaOrgException - recipe-scrapers (15.11.0) exception: No cuisine data in SchemaOrg.
2026-01-14 22:49:22,909 - WARNING - Error extracting rating for https://www.bbcgoodfood.com/recipes/nutty-chicken-sate-strips: SchemaOrgException - recipe-scrapers (15.11.0) exception: No ratingValue in SchemaOrg.
2026-01-14 22:49:22,925 - INFO - Fetching URL: https://www.bbcgoodfood.com/recipes/herb-garlic-baked-cod-romesco-sauce-spinach
2026-01-14 22:49:23,027 - WARNING - Could not extract cuisine: SchemaOrgException - recipe-scrapers (15.11.0) exception: No cuisine data in SchemaOrg.
2026-01-14 22:49:23,027 - WARNING - Error extracting rating for https://www.bbcgoodfood.com/recipes/herb-garlic-baked-cod-romesco-sauce-spinach: SchemaOrgException - recipe-scrapers (15.11.0) exception: No ratingValue in SchemaOrg.
2026-01-14 22:49:23,043 - INFO - Fetching URL: https://www.bbcgoodfood.com/recipes/crispy-shredded-chicken
2026-01-14 22:49:23,148 - WARNING - Error extracting rating for https://www.bbcgoodfood.com/recipes/crispy-shredded-chicken: SchemaOrgException - recipe-scrapers (15.11.0) exception: No ratingValue in SchemaOrg.
2026-01-14 22:49:23,163 - INFO - Fetching URL: https://www.bbcgoodfood.com/recipes/creamy-spinach-chicken
2026-01-14 22:49:23,270 - WARNING - Could not extract yields: SchemaOrgException - recipe-scrapers (15.11.0) exception: Servings information not found in SchemaOrg
2026-01-14 22:49:23,271 - WARNING - Could not extract cuisine: SchemaOrgException - recipe-scrapers (15.11.0) exception: No cuisine data in SchemaOrg.
2026-01-14 22:49:23,271 - WARNING - Error extracting rating for https://www.bbcgoodfood.com/recipes/creamy-spinach-chicken: SchemaOrgException - recipe-scrapers (15.11.0) exception: No ratingValue in SchemaOrg.
2026-01-14 22:49:23,286 - INFO - Fetching URL: https://www.bbcgoodfood.com/recipes/breakfast-burrito
2026-01-14 22:49:23,388 - WARNING - Could not extract cuisine: SchemaOrgException - recipe-scrapers (15.11.0) exception: No cuisine data in SchemaOrg.
2026-01-14 22:49:23,388 - WARNING - Error extracting rating for https://www.bbcgoodfood.com/recipes/breakfast-burrito: SchemaOrgException - recipe-scrapers (15.11.0) exception: No ratingValue in SchemaOrg.
2026-01-14 22:49:23,404 - INFO - Fetching URL: https://www.bbcgoodfood.com/recipes/slow-cooker-spaghetti-bolognese
2026-01-14 22:49:23,509 - WARNING - Could not extract cuisine: SchemaOrgException - recipe-scrapers (15.11.0) exception: No cuisine data in SchemaOrg.
2026-01-14 22:49:23,509 - WARNING - Error extracting rating for https://www.bbcgoodfood.com/recipes/slow-cooker-spaghetti-bolognese: SchemaOrgException - recipe-scrapers (15.11.0) exception: No ratingValue in SchemaOrg.
2026-01-14 22:49:23,526 - INFO - Fetching URL: https://www.bbcgoodfood.com/recipes/protein-pancakes-with-banana
2026-01-14 22:49:23,630 - WARNING - Could not extract cuisine: SchemaOrgException - recipe-scrapers (15.11.0) exception: No cuisine data in SchemaOrg.
2026-01-14 22:49:23,630 - WARNING - Error extracting rating for https://www.bbcgoodfood.com/recipes/protein-pancakes-with-banana: SchemaOrgException - recipe-scrapers (15.11.0) exception: No ratingValue in SchemaOrg.
2026-01-14 22:49:23,646 - INFO - Fetching URL: https://www.bbcgoodfood.com/recipes/fish-soup
2026-01-14 22:49:23,749 - WARNING - Could not extract cuisine: SchemaOrgException - recipe-scrapers (15.11.0) exception: No cuisine data in SchemaOrg.
2026-01-14 22:49:23,749 - WARNING - Error extracting rating for https://www.bbcgoodfood.com/recipes/fish-soup: SchemaOrgException - recipe-scrapers (15.11.0) exception: No ratingValue in SchemaOrg.
2026-01-14 22:49:23,764 - INFO - Fetching URL: https://www.bbcgoodfood.com/recipes/harissa-fish-with-bulgur-salad
2026-01-14 22:49:23,873 - WARNING - Could not extract cuisine: SchemaOrgException - recipe-scrapers (15.11.0) exception: No cuisine data in SchemaOrg.
2026-01-14 22:49:23,873 - WARNING - Error extracting rating for https://www.bbcgoodfood.com/recipes/harissa-fish-with-bulgur-salad: SchemaOrgException - recipe-scrapers (15.11.0) exception: No ratingValue in SchemaOrg.
2026-01-14 22:49:23,890 - INFO - Fetching URL: https://www.bbcgoodfood.com/recipes/steamed-salmon-veg-rice-bowl
2026-01-14 22:49:24,032 - WARNING - Could not extract cuisine: SchemaOrgException - recipe-scrapers (15.11.0) exception: No cuisine data in SchemaOrg.
2026-01-14 22:49:24,032 - WARNING - Error extracting rating for https://www.bbcgoodfood.com/recipes/steamed-salmon-veg-rice-bowl: SchemaOrgException - recipe-scrapers (15.11.0) exception: No ratingValue in SchemaOrg.
2026-01-14 22:49:24,048 - INFO - Fetching URL: https://www.bbcgoodfood.com/recipes/steak-burrito-bowl
2026-01-14 22:49:24,156 - WARNING - Could not extract cuisine: SchemaOrgException - recipe-scrapers (15.11.0) exception: No cuisine data in SchemaOrg.
2026-01-14 22:49:24,156 - WARNING - Error extracting rating for https://www.bbcgoodfood.com/recipes/steak-burrito-bowl: SchemaOrgException - recipe-scrapers (15.11.0) exception: No ratingValue in SchemaOrg.
2026-01-14 22:49:24,172 - INFO - Fetching URL: https://www.bbcgoodfood.com/recipes/chicken-red-pepper-almond-traybake
2026-01-14 22:49:24,275 - WARNING - Error extracting rating for https://www.bbcgoodfood.com/recipes/chicken-red-pepper-almond-traybake: SchemaOrgException - recipe-scrapers (15.11.0) exception: No ratingValue in SchemaOrg.
2026-01-14 22:49:24,291 - INFO - Fetching URL: https://www.bbcgoodfood.com/recipes/oven-baked-pork-chops
2026-01-14 22:49:24,400 - WARNING - Could not extract cuisine: SchemaOrgException - recipe-scrapers (15.11.0) exception: No cuisine data in SchemaOrg.
2026-01-14 22:49:24,400 - WARNING - Error extracting rating for https://www.bbcgoodfood.com/recipes/oven-baked-pork-chops: SchemaOrgException - recipe-scrapers (15.11.0) exception: No ratingValue in SchemaOrg.
2026-01-14 22:49:24,417 - INFO - Writing 24 recipes to bbcgoodfood_high_protein_recipes.csv...
2026-01-14 22:49:24,419 - INFO - Successfully saved 24 recipes to bbcgoodfood_high_protein_recipes.csv
2026-02-11 23:53:12,408 - INFO - Read 5 URLs from Conor-Meals.txt
2026-02-11 23:53:12,409 - INFO - Fetching URL: https://www.delish.com/cooking/recipe-ideas/a63655841/marry-me-shrimp-pasta-recipe/
2026-02-11 23:53:13,043 - INFO - Fetching URL: https://www.delish.com/cooking/recipe-ideas/a26092759/best-pasta-puttanesca-recipe/
2026-02-11 23:53:13,621 - INFO - Fetching URL: https://www.delish.com/cooking/recipe-ideas/a63363431/best-monster-meatballs-recipe/
2026-02-11 23:53:14,408 - INFO - Fetching URL: https://www.delish.com/cooking/recipe-ideas/a24893663/homemade-pizza-recipe/
2026-02-11 23:53:15,786 - INFO - Fetching URL: https://www.delish.com/cooking/recipe-ideas/a63654203/cowboy-steak-butter-recipe/
2026-02-11 23:53:16,975 - INFO - Writing 5 recipes to Conor-Meals.csv...
2026-02-11 23:53:16,977 - INFO - Successfully saved 5 recipes to Conor-Meals.csv
2026-02-12 00:19:31,128 - INFO - Read 5 URLs from Conor-Meals.txt
2026-02-12 00:19:31,129 - INFO - Fetching URL: https://www.delish.com/cooking/recipe-ideas/a26556220/penne-alla-vodka-recipe/
2026-02-12 00:19:31,462 - INFO - Fetching URL: https://www.delish.com/cooking/recipe-ideas/a63593184/chicken-cacciatore-recipe/
2026-02-12 00:19:31,730 - INFO - Fetching URL: https://www.delish.com/cooking/recipe-ideas/a30472435/best-reverse-sear-steak-recipe/
2026-02-12 00:19:31,963 - INFO - Fetching URL: https://www.delish.com/cooking/recipe-ideas/a63118316/scallion-pancake-quesadilla-recipe/
2026-02-12 00:19:32,193 - INFO - Fetching URL: https://www.delish.com/cooking/recipe-ideas/a69840019/marry-me-chicken-pizza-recipe/
2026-02-12 00:19:32,652 - INFO - Writing 5 recipes to Conor-Meals.csv...
2026-02-12 00:19:32,654 - INFO - Successfully saved 5 recipes to Conor-Meals.csv
2026-02-16 16:07:12,502 - INFO - Read 0 URLs from Conor-Meals-all.txt
2026-02-24 14:16:37,345 - INFO - Read 91 URLs from Conor-Meals-all.txt
2026-02-24 14:16:37,345 - INFO - Fetching URL: https://www.bbcgoodfood.com/recipes/chocolate-filled-pancakes-caramelised-banana
2026-02-24 14:16:37,686 - WARNING - Error extracting rating for https://www.bbcgoodfood.com/recipes/chocolate-filled-pancakes-caramelised-banana: SchemaOrgException - recipe-scrapers (15.11.0) exception: No ratingValue in SchemaOrg.
2026-02-24 14:16:37,704 - INFO - Fetching URL: https://www.bbcgoodfood.com/recipes/american-blueberry-pancakes
2026-02-24 14:16:37,855 - WARNING - Error extracting rating for https://www.bbcgoodfood.com/recipes/american-blueberry-pancakes: SchemaOrgException - recipe-scrapers (15.11.0) exception: No ratingValue in SchemaOrg.
2026-02-24 14:16:37,871 - INFO - Fetching URL: https://www.bbcgoodfood.com/recipes/red-velvet-pancakes
2026-02-24 14:16:38,261 - WARNING - Could not extract cuisine: SchemaOrgException - recipe-scrapers (15.11.0) exception: No cuisine data in SchemaOrg.
2026-02-24 14:16:38,261 - WARNING - Error extracting rating for https://www.bbcgoodfood.com/recipes/red-velvet-pancakes: SchemaOrgException - recipe-scrapers (15.11.0) exception: No ratingValue in SchemaOrg.
2026-02-24 14:16:38,277 - INFO - Fetching URL: https://www.bbcgoodfood.com/recipes/rhubarb-custard-fluffy-pancakes
2026-02-24 14:16:38,439 - WARNING - Could not extract cuisine: SchemaOrgException - recipe-scrapers (15.11.0) exception: No cuisine data in SchemaOrg.
2026-02-24 14:16:38,440 - WARNING - Error extracting rating for https://www.bbcgoodfood.com/recipes/rhubarb-custard-fluffy-pancakes: SchemaOrgException - recipe-scrapers (15.11.0) exception: No ratingValue in SchemaOrg.
2026-02-24 14:16:38,456 - INFO - Fetching URL: https://www.bbcgoodfood.com/recipes/pumpkin-pancakes-salted-pecan-butterscotch
2026-02-24 14:16:38,956 - WARNING - Error extracting rating for https://www.bbcgoodfood.com/recipes/pumpkin-pancakes-salted-pecan-butterscotch: SchemaOrgException - recipe-scrapers (15.11.0) exception: No ratingValue in SchemaOrg.
2026-02-24 14:16:38,974 - INFO - Fetching URL: https://www.delish.com/cooking/recipe-ideas/a35645824/best-general-tsos-chickpeas-recipe/
2026-02-24 14:16:39,206 - INFO - Fetching URL: https://www.delish.com/cooking/recipe-ideas/a69262792/italian-grinder-chicken-salad-wrap-recipe/
2026-02-24 14:16:39,434 - INFO - Fetching URL: https://www.delish.com/cooking/recipe-ideas/a42477753/big-mac-crunchwrap-recipe/
2026-02-24 14:16:40,491 - INFO - Fetching URL: https://www.delish.com/cooking/recipe-ideas/a26279552/philly-cheesesteak-cabbage-wrap-recipe/
2026-02-24 14:16:41,162 - INFO - Fetching URL: https://www.delish.com/cooking/recipe-ideas/recipes/a57495/steak-fajita-power-bowls-recipe/
2026-02-24 14:16:41,858 - INFO - Fetching URL: https://www.delish.com/cooking/recipe-ideas/a69169868/high-protein-hamburger-helper-recipe/
2026-02-24 14:16:42,478 - INFO - Fetching URL: https://www.delish.com/cooking/recipe-ideas/a54465/easy-chicken-quesadilla-recipe/
2026-02-24 14:16:42,716 - INFO - Fetching URL: https://www.delish.com/cooking/recipe-ideas/a64947945/fried-chicken-caesar-sandwich-recipe/
2026-02-24 14:16:43,334 - INFO - Fetching URL: https://www.delish.com/cooking/recipe-ideas/a60896227/sushi-sandwiches-recipe/
2026-02-24 14:16:49,201 - INFO - Fetching URL: https://www.delish.com/cooking/a45877598/indian-butter-chickpeas-recipe/
2026-02-24 14:16:49,433 - INFO - Fetching URL: https://www.delish.com/cooking/recipe-ideas/a61745530/sticky-sesame-chickpeas-and-broccoli-recipe/
2026-02-24 14:16:49,659 - INFO - Fetching URL: https://www.delish.com/cooking/recipe-ideas/a60080653/turkey-lavash-wrap-recipe/
2026-02-24 14:16:50,329 - INFO - Fetching URL: https://www.delish.com/cooking/recipe-ideas/a51871/egg-salad-recipe/https://www.delish.com/cooking/recipe-ideas/a51871/egg-salad-recipe/
2026-02-24 14:16:52,212 - INFO - Fetching URL: https://www.delish.com/cooking/recipe-ideas/a63423073/tofu-burritos-recipe/
2026-02-24 14:16:52,873 - WARNING - Error extracting rating for https://www.delish.com/cooking/recipe-ideas/a63423073/tofu-burritos-recipe/: SchemaOrgException - recipe-scrapers (15.11.0) exception: No ratingValue in SchemaOrg.
2026-02-24 14:16:52,883 - INFO - Fetching URL: https://www.delish.com/cooking/recipe-ideas/a57946/easy-white-chicken-chili-recipe/
2026-02-24 14:16:53,120 - INFO - Fetching URL: https://www.delish.com/cooking/recipe-ideas/a43212982/chicken-salad-recipe/
2026-02-24 14:16:53,365 - INFO - Fetching URL: https://www.delish.com/cooking/recipe-ideas/a39951906/chicken-tostadas-recipe/
2026-02-24 14:16:53,972 - INFO - Fetching URL: https://www.delish.com/cooking/recipe-ideas/a39564289/classic-nicoise-salad-recipe/
2026-02-24 14:16:56,443 - WARNING - Error extracting rating for https://www.delish.com/cooking/recipe-ideas/a39564289/classic-nicoise-salad-recipe/: SchemaOrgException - recipe-scrapers (15.11.0) exception: No ratingValue in SchemaOrg.
2026-02-24 14:16:56,460 - INFO - Fetching URL: https://www.delish.com/cooking/recipe-ideas/a27510889/avocado-chicken-salad-recipe/
2026-02-24 14:16:57,518 - INFO - Fetching URL: https://www.delish.com/cooking/recipe-ideas/a46092645/sesame-tofu-and-broccoli-recipe/
2026-02-24 14:16:58,190 - INFO - Fetching URL: https://www.delish.com/cooking/recipe-ideas/a52462/copycat-quesarito-recipe/
2026-02-24 14:16:58,995 - INFO - Fetching URL: https://www.delish.com/cooking/recipe-ideas/a39975305/snoop-dogg-bbq-chicken-cobb-salad-recipe/
2026-02-24 14:16:59,647 - INFO - Fetching URL: https://www.delish.com/cooking/recipe-ideas/a53039/greek-power-bowl-recipe/
2026-02-24 14:17:00,794 - INFO - Fetching URL: https://www.delish.com/cooking/recipe-ideas/a56236/egg-roll-bowls-recipe/
2026-02-24 14:17:01,035 - INFO - Fetching URL: https://www.delish.com/cooking/recipe-ideas/a60100772/low-carb-turkey-gyro-bowl-recipe/
2026-02-24 14:17:01,782 - INFO - Fetching URL: https://www.delish.com/cooking/recipe-ideas/a54695/shrimp-ceviche-recipe/
2026-02-24 14:17:02,633 - INFO - Fetching URL: https://www.delish.com/cooking/a36146989/vegan-tofu-grain-bowl/
2026-02-24 14:17:03,380 - INFO - Fetching URL: https://www.delish.com/cooking/recipe-ideas/a49533/copycat-pf-changs-lettuce-wraps-recipe/
2026-02-24 14:17:04,284 - INFO - Fetching URL: https://www.delish.com/cooking/recipe-ideas/a61792761/mexican-corn-and-chicken-bowls-recipe/
2026-02-24 14:17:05,141 - INFO - Fetching URL: https://www.delish.com/cooking/recipe-ideas/a63461816/peanut-chickpea-protein-bowls-recipe/
2026-02-24 14:17:05,368 - INFO - Fetching URL: https://www.delish.com/cooking/recipe-ideas/recipes/a55393/harvest-bowls-recipe/
2026-02-24 14:17:06,261 - INFO - Fetching URL: https://www.delish.com/cooking/recipe-ideas/a60720270/slow-cooker-quinoa-chili-recipe/
2026-02-24 14:17:06,935 - INFO - Fetching URL: https://www.delish.com/cooking/recipe-ideas/recipes/a54360/bbq-power-bowls-recipe/
2026-02-24 14:17:07,638 - INFO - Fetching URL: https://www.delish.com/cooking/recipe-ideas/a60344796/easy-peanut-chicken-protein-bowls-recipe/
2026-02-24 14:17:07,788 - INFO - Fetching URL: https://www.delish.com/cooking/recipe-ideas/a26146740/ahi-poke-bowls/
2026-02-24 14:17:08,415 - INFO - Fetching URL: https://www.delish.com/cooking/recipe-ideas/a40022315/steak-grain-bowls-recipe/
2026-02-24 14:17:09,018 - INFO - Fetching URL: https://www.delish.com/cooking/recipe-ideas/a46289346/thai-basil-beef-bowls-recipe/
2026-02-24 14:17:09,889 - INFO - Fetching URL: https://www.delish.com/cooking/recipe-ideas/a26950912/easy-spicy-salmon-bowls-recipe/
2026-02-24 14:17:10,951 - INFO - Fetching URL: https://www.delish.com/cooking/recipe-ideas/a69731521/high-protein-chicken-noodle-soup-recipe/
2026-02-24 14:17:11,191 - INFO - Fetching URL: https://www.delish.com/cooking/recipe-ideas/a21288693/high-protein-chicken-parm-pizza-recipe/
2026-02-24 14:17:11,428 - INFO - Fetching URL: https://www.delish.com/cooking/a36411797/pesto-eggs-tiktok-recipe/
2026-02-24 14:17:12,251 - WARNING - Error extracting rating for https://www.delish.com/cooking/a36411797/pesto-eggs-tiktok-recipe/: SchemaOrgException - recipe-scrapers (15.11.0) exception: No ratingValue in SchemaOrg.
2026-02-24 14:17:12,260 - INFO - Fetching URL: https://www.delish.com/cooking/recipe-ideas/a36534360/white-claw-slushies-recipe/
2026-02-24 14:17:12,788 - WARNING - Error extracting rating for https://www.delish.com/cooking/recipe-ideas/a36534360/white-claw-slushies-recipe/: SchemaOrgException - recipe-scrapers (15.11.0) exception: No ratingValue in SchemaOrg.
2026-02-24 14:17:12,797 - INFO - Fetching URL: https://www.delish.com/cooking/recipe-ideas/recipes/a51657/pasta-chips-recipe/
2026-02-24 14:17:14,457 - INFO - Fetching URL: https://www.delish.com/cooking/recipe-ideas/a32072159/dalgona-coffee-recipe/
2026-02-24 14:17:15,044 - INFO - Fetching URL: https://www.delish.com/cooking/recipe-ideas/a38955822/yogurt-toast-recipe/
2026-02-24 14:17:16,896 - INFO - Fetching URL: https://www.delish.com/cooking/recipe-ideas/recipes/a47545/brown-sugar-bbq-chicken-recipe/
2026-02-24 14:17:17,989 - INFO - Fetching URL: https://www.delish.com/cooking/recipe-ideas/a55484/slow-cooker-rotisserie-chicken-recipe/
2026-02-24 14:17:18,883 - INFO - Fetching URL: https://www.delish.com/cooking/recipe-ideas/a46066/slow-cooker-garlic-parm-chicken-recipe/
2026-02-24 14:17:19,319 - INFO - Fetching URL: https://www.delish.com/cooking/recipe-ideas/a53818/easy-crock-pot-chicken-and-dumplings-recipe/
2026-02-24 14:17:19,570 - INFO - Fetching URL: https://www.delish.com/cooking/recipe-ideas/a55661/easy-crockpot-chicken-noodle-soup-recipe/
2026-02-24 14:17:19,820 - INFO - Fetching URL: https://www.delish.com/cooking/recipe-ideas/a55419/slow-cooker-chicken-alfredo-recipe/
2026-02-24 14:17:20,257 - INFO - Fetching URL: https://www.delish.com/cooking/recipe-ideas/a41886262/slow-cooker-lemon-herb-chicken-recipe/
2026-02-24 14:17:21,070 - INFO - Fetching URL: https://www.delish.com/cooking/recipe-ideas/a25648007/crockpot-white-chicken-chili-recipe/
2026-02-24 14:17:21,707 - INFO - Fetching URL: https://www.delish.com/cooking/recipe-ideas/a23725673/crock-pot-buffalo-chicken-dip-recipe/
2026-02-24 14:17:22,609 - INFO - Fetching URL: https://www.delish.com/cooking/recipe-ideas/a43865864/slow-cooker-tuscan-chicken-meatballs-recipe/
2026-02-24 14:17:23,568 - INFO - Fetching URL: https://www.delish.com/cooking/recipe-ideas/a51825/best-slow-cooker-chicken-tortilla-soup-recipe/
2026-02-24 14:17:24,257 - INFO - Fetching URL: https://www.delish.com/cooking/recipe-ideas/a29416622/slow-cooker-creamy-chicken-gnocchi-soup-recipe/
2026-02-24 14:17:25,336 - INFO - Fetching URL: https://www.delish.com/cooking/recipe-ideas/a56797/crock-pot-chicken-enchilada-soup-recipe/
2026-02-24 14:17:28,010 - INFO - Fetching URL: https://www.delish.com/cooking/recipe-ideas/a30615986/slow-cooker-chicken-tinga-tacos-recipe/
2026-02-24 14:17:28,641 - INFO - Fetching URL: https://www.delish.com/cooking/recipe-ideas/a42861499/slow-cooker-creamy-chicken-and-potato-soup-recipe/
2026-02-24 14:17:30,105 - INFO - Fetching URL: https://www.delish.com/cooking/recipe-ideas/a23119838/slow-cooker-chicken-drumsticks/
2026-02-24 14:17:32,358 - INFO - Fetching URL: https://www.delish.com/cooking/recipe-ideas/recipes/a55758/crock-pot-mexican-posole-recipe/
2026-02-24 14:17:33,035 - INFO - Fetching URL: https://www.delish.com/cooking/recipe-ideas/a23725673/best-crock-pot-buffalo-chicken-dip-recipe/
2026-02-24 14:17:33,189 - INFO - Fetching URL: https://www.delish.com/cooking/recipe-ideas/a29480090/best-slow-cooker-pot-roast-recipe/
2026-02-24 14:17:34,155 - INFO - Fetching URL: https://www.delish.com/cooking/recipe-ideas/a55419/best-slow-cooker-chicken-alfredo-recipe/
2026-02-24 14:17:34,314 - INFO - Fetching URL: https://www.delish.com/cooking/recipe-ideas/a46066/slow-cooker-garlic-parmesan-chicken-recipe/
2026-02-24 14:17:34,490 - INFO - Fetching URL: https://www.delish.com/cooking/recipe-ideas/a54982/easy-slow-cooker-chicken-thighs-recipe/
2026-02-24 14:17:34,730 - INFO - Fetching URL: https://www.delish.com/cooking/recipe-ideas/a23106011/slow-cooker-chicken-cacciatore-recipe/
2026-02-24 14:17:35,036 - INFO - Fetching URL: https://www.delish.com/cooking/recipe-ideas/a51806/slow-cooker-beef-broccoli-recipe/
2026-02-24 14:17:36,747 - INFO - Fetching URL: https://www.delish.com/cooking/recipe-ideas/a56362/best-crock-pot-roast-beef-recipe/
2026-02-24 14:17:38,413 - INFO - Fetching URL: https://www.delish.com/cooking/recipe-ideas/a19660462/easy-crockpot-spaghetti-recipe/
2026-02-24 14:17:40,098 - INFO - Fetching URL: https://www.delish.com/cooking/recipe-ideas/a21581186/slow-cooker-beef-chili-recipe/
2026-02-24 14:17:40,368 - INFO - Fetching URL: https://www.delish.com/cooking/recipe-ideas/recipes/a45845/slow-cooker-beef-tacos-recipe/
2026-02-24 14:17:45,031 - INFO - Fetching URL: https://www.delish.com/cooking/recipe-ideas/a29492060/slow-cooker-short-ribs-recipe/
2026-02-24 14:17:46,002 - INFO - Fetching URL: https://www.delish.com/cooking/recipe-ideas/a36806011/crock-pot-pepper-steak-recipe/
2026-02-24 14:17:46,228 - INFO - Fetching URL: https://www.delish.com/cooking/recipe-ideas/a49563/slow-cooker-red-wine-beef-stew-recipe/
2026-02-24 14:17:47,399 - INFO - Fetching URL: https://www.delish.com/cooking/recipe-ideas/a57965/slow-cooker-corned-beef-and-cabbage-recipe/
2026-02-24 14:17:49,017 - INFO - Fetching URL: https://www.delish.com/cooking/recipe-ideas/a30498905/crock-pot-cube-steak-recipe/
2026-02-24 14:17:49,742 - INFO - Fetching URL: https://www.delish.com/cooking/recipe-ideas/recipes/a45850/slow-cooker-korean-beef-recipe/
2026-02-24 14:17:52,232 - INFO - Fetching URL: https://www.delish.com/cooking/recipe-ideas/a51806/slow-cooker-beef-broccoli-recipe/
2026-02-24 14:17:52,379 - INFO - Fetching URL: https://www.delish.com/cooking/recipe-ideas/a64324710/slow-cooker-brisket-recipe/
2026-02-24 14:17:54,072 - INFO - Fetching URL: https://www.delish.com/cooking/recipe-ideas/recipes/a56239/crock-pot-lasagna-recipe/
2026-02-24 14:17:55,541 - INFO - Fetching URL: https://www.delish.com/cooking/recipe-ideas/recipes/a49488/slow-cooker-bolognese-recipe/
2026-02-24 14:17:57,209 - INFO - Fetching URL: https://www.delish.com/cooking/recipe-ideas/recipes/a55311/slow-cooker-corned-beef-and-hash-recipe/
2026-02-24 14:17:57,844 - INFO - Fetching URL: https://www.delish.com/cooking/recipe-ideas/recipes/a46976/slow-cooker-spring-beef-bourginon-recipe/
2026-02-24 14:17:58,184 - INFO - Fetching URL: https://www.delish.com/cooking/recipes/a46315/slow-cooker-korean-beef-tacos-recipe/
2026-02-24 14:18:00,689 - INFO - Writing 91 recipes to Conor-Meals-all.csv...
2026-02-24 14:18:00,694 - INFO - Successfully saved 91 recipes to Conor-Meals-all.csv
2026-03-04 21:15:21,464 - ERROR - URL file not found: high-protein.txt
2026-03-04 21:15:48,468 - INFO - Read 116 URLs from high_protein.txt
2026-03-04 21:15:48,469 - INFO - Fetching URL: https://www.foodforfitness.co.uk/recipes/beef-hot-pot/
2026-03-04 21:15:48,647 - ERROR - Unexpected error fetching https://www.foodforfitness.co.uk/recipes/beef-hot-pot/: UnicodeDecodeError - 'utf-8' codec can't decode byte 0xe4 in position 4: invalid continuation byte
2026-03-04 21:15:48,651 - INFO - Fetching URL: https://www.foodforfitness.co.uk/recipes/chicken-burrito/
2026-03-04 21:15:48,766 - ERROR - Unexpected error fetching https://www.foodforfitness.co.uk/recipes/chicken-burrito/: UnicodeDecodeError - 'utf-8' codec can't decode byte 0x83 in position 0: invalid start byte
2026-03-04 21:15:48,768 - INFO - Fetching URL: https://www.foodforfitness.co.uk/recipes/slow-cooker-spanish-chicken/
2026-03-04 21:15:48,882 - ERROR - Unexpected error fetching https://www.foodforfitness.co.uk/recipes/slow-cooker-spanish-chicken/: UnicodeDecodeError - 'utf-8' codec can't decode byte 0x83 in position 0: invalid start byte
2026-03-04 21:15:48,884 - INFO - Fetching URL: https://www.foodforfitness.co.uk/recipes/slow-cooker-chicken-curry/
2026-03-04 21:15:48,991 - ERROR - Unexpected error fetching https://www.foodforfitness.co.uk/recipes/slow-cooker-chicken-curry/: UnicodeDecodeError - 'utf-8' codec can't decode byte 0x83 in position 0: invalid start byte
2026-03-04 21:15:48,993 - INFO - Fetching URL: https://www.foodforfitness.co.uk/recipes/scottish-lentil-soup-recipe/
2026-03-04 21:15:49,106 - ERROR - Unexpected error fetching https://www.foodforfitness.co.uk/recipes/scottish-lentil-soup-recipe/: UnicodeDecodeError - 'utf-8' codec can't decode byte 0xe4 in position 4: invalid continuation byte
2026-03-04 21:15:49,108 - INFO - Fetching URL: https://www.foodforfitness.co.uk/recipes/diet-coke-chicken/
2026-03-04 21:15:49,231 - ERROR - Unexpected error fetching https://www.foodforfitness.co.uk/recipes/diet-coke-chicken/: UnicodeDecodeError - 'utf-8' codec can't decode byte 0xf8 in position 2: invalid start byte
2026-03-04 21:15:49,233 - INFO - Fetching URL: https://www.foodforfitness.co.uk/recipes/nasi-goreng-indonesian-fried-rice/
2026-03-04 21:15:49,345 - ERROR - Unexpected error fetching https://www.foodforfitness.co.uk/recipes/nasi-goreng-indonesian-fried-rice/: UnicodeDecodeError - 'utf-8' codec can't decode byte 0xfe in position 2: invalid start byte
2026-03-04 21:15:49,348 - INFO - Fetching URL: https://www.foodforfitness.co.uk/recipes/thai-sweet-potato-fish-cakes/
2026-03-04 21:15:49,472 - ERROR - Unexpected error fetching https://www.foodforfitness.co.uk/recipes/thai-sweet-potato-fish-cakes/: UnicodeDecodeError - 'utf-8' codec can't decode byte 0x83 in position 0: invalid start byte
2026-03-04 21:15:49,474 - INFO - Fetching URL: https://www.foodforfitness.co.uk/recipes/slow-cooker-sausage-casserole/
2026-03-04 21:15:49,591 - ERROR - Unexpected error fetching https://www.foodforfitness.co.uk/recipes/slow-cooker-sausage-casserole/: UnicodeDecodeError - 'utf-8' codec can't decode byte 0xe4 in position 4: invalid continuation byte
2026-03-04 21:15:49,594 - INFO - Fetching URL: https://www.foodforfitness.co.uk/recipes/slow-cooker-chicken-korma/
2026-03-04 21:15:49,704 - ERROR - Unexpected error fetching https://www.foodforfitness.co.uk/recipes/slow-cooker-chicken-korma/: UnicodeDecodeError - 'utf-8' codec can't decode byte 0xfe in position 2: invalid start byte
2026-03-04 21:15:49,706 - INFO - Fetching URL: https://www.foodforfitness.co.uk/recipes/slow-cooker-beef-casserole/
2026-03-04 21:15:49,806 - ERROR - Unexpected error fetching https://www.foodforfitness.co.uk/recipes/slow-cooker-beef-casserole/: UnicodeDecodeError - 'utf-8' codec can't decode byte 0x83 in position 0: invalid start byte
2026-03-04 21:15:49,808 - INFO - Fetching URL: https://www.foodforfitness.co.uk/recipes/manchurian-chicken/
2026-03-04 21:15:49,945 - ERROR - Unexpected error fetching https://www.foodforfitness.co.uk/recipes/manchurian-chicken/: UnicodeDecodeError - 'utf-8' codec can't decode byte 0xa3 in position 0: invalid start byte
2026-03-04 21:15:49,948 - INFO - Fetching URL: https://www.foodforfitness.co.uk/recipes/air-fryer-meatballs/
2026-03-04 21:15:50,072 - ERROR - Unexpected error fetching https://www.foodforfitness.co.uk/recipes/air-fryer-meatballs/: UnicodeDecodeError - 'utf-8' codec can't decode byte 0x83 in position 0: invalid start byte
2026-03-04 21:15:50,075 - INFO - Fetching URL: https://www.foodforfitness.co.uk/recipes/chicken-shawarma-wrap/
2026-03-04 21:15:50,188 - ERROR - Unexpected error fetching https://www.foodforfitness.co.uk/recipes/chicken-shawarma-wrap/: UnicodeDecodeError - 'utf-8' codec can't decode byte 0x83 in position 0: invalid start byte
2026-03-04 21:15:50,191 - INFO - Fetching URL: https://www.foodforfitness.co.uk/recipes/air-fryer-hunters-chicken/
2026-03-04 21:15:50,297 - ERROR - Unexpected error fetching https://www.foodforfitness.co.uk/recipes/air-fryer-hunters-chicken/: UnicodeDecodeError - 'utf-8' codec can't decode byte 0x83 in position 0: invalid start byte
2026-03-04 21:15:50,300 - INFO - Fetching URL: https://www.foodforfitness.co.uk/recipes/curried-parsnip-soup/
2026-03-04 21:15:50,391 - ERROR - Unexpected error fetching https://www.foodforfitness.co.uk/recipes/curried-parsnip-soup/: UnicodeDecodeError - 'utf-8' codec can't decode byte 0x83 in position 0: invalid start byte
2026-03-04 21:15:50,393 - INFO - Fetching URL: https://www.foodforfitness.co.uk/recipes/cottage-pie/
2026-03-04 21:15:50,496 - ERROR - Unexpected error fetching https://www.foodforfitness.co.uk/recipes/cottage-pie/: UnicodeDecodeError - 'utf-8' codec can't decode byte 0xe4 in position 4: invalid continuation byte
2026-03-04 21:15:50,498 - INFO - Fetching URL: https://www.foodforfitness.co.uk/recipes/kedgeree/
2026-03-04 21:15:50,607 - ERROR - Unexpected error fetching https://www.foodforfitness.co.uk/recipes/kedgeree/: UnicodeDecodeError - 'utf-8' codec can't decode byte 0xa3 in position 0: invalid start byte
2026-03-04 21:15:50,610 - INFO - Fetching URL: https://www.foodforfitness.co.uk/recipes/scottish-stovies/
2026-03-04 21:15:50,703 - ERROR - Unexpected error fetching https://www.foodforfitness.co.uk/recipes/scottish-stovies/: UnicodeDecodeError - 'utf-8' codec can't decode byte 0xfa in position 2: invalid start byte
2026-03-04 21:15:50,705 - INFO - Fetching URL: https://www.foodforfitness.co.uk/recipes/firecracker-chicken/
2026-03-04 21:15:50,822 - ERROR - Unexpected error fetching https://www.foodforfitness.co.uk/recipes/firecracker-chicken/: UnicodeDecodeError - 'utf-8' codec can't decode byte 0xe4 in position 4: invalid continuation byte
2026-03-04 21:15:50,824 - INFO - Fetching URL: https://www.foodforfitness.co.uk/recipes/high-protein-tomato-soup/
2026-03-04 21:15:50,933 - ERROR - Unexpected error fetching https://www.foodforfitness.co.uk/recipes/high-protein-tomato-soup/: UnicodeDecodeError - 'utf-8' codec can't decode byte 0xe4 in position 4: invalid continuation byte
2026-03-04 21:15:50,936 - INFO - Fetching URL: https://www.foodforfitness.co.uk/recipes/hawaiian-chicken/
2026-03-04 21:15:51,081 - ERROR - Unexpected error fetching https://www.foodforfitness.co.uk/recipes/hawaiian-chicken/: UnicodeDecodeError - 'utf-8' codec can't decode byte 0xe4 in position 4: invalid continuation byte
2026-03-04 21:15:51,083 - INFO - Fetching URL: https://www.foodforfitness.co.uk/recipes/singapore-fried-rice/
2026-03-04 21:15:51,183 - ERROR - Unexpected error fetching https://www.foodforfitness.co.uk/recipes/singapore-fried-rice/: UnicodeDecodeError - 'utf-8' codec can't decode byte 0x83 in position 0: invalid start byte
2026-03-04 21:15:51,186 - INFO - Fetching URL: https://www.foodforfitness.co.uk/recipes/honey-chilli-chicken/
2026-03-04 21:15:51,299 - ERROR - Unexpected error fetching https://www.foodforfitness.co.uk/recipes/honey-chilli-chicken/: UnicodeDecodeError - 'utf-8' codec can't decode byte 0xe4 in position 4: invalid continuation byte
2026-03-04 21:15:51,302 - INFO - Fetching URL: https://www.foodforfitness.co.uk/recipes/sri-lankan-lentil-soup/
2026-03-04 21:15:51,405 - ERROR - Unexpected error fetching https://www.foodforfitness.co.uk/recipes/sri-lankan-lentil-soup/: UnicodeDecodeError - 'utf-8' codec can't decode byte 0xf8 in position 2: invalid start byte
2026-03-04 21:15:51,409 - INFO - Fetching URL: https://www.foodforfitness.co.uk/recipes/sri-lankan-chicken-curry/
2026-03-04 21:15:51,664 - ERROR - Unexpected error fetching https://www.foodforfitness.co.uk/recipes/sri-lankan-chicken-curry/: UnicodeDecodeError - 'utf-8' codec can't decode byte 0xa3 in position 0: invalid start byte
2026-03-04 21:15:51,667 - INFO - Fetching URL: https://www.foodforfitness.co.uk/recipes/turkish-lentil-soup/
2026-03-04 21:15:51,812 - ERROR - Unexpected error fetching https://www.foodforfitness.co.uk/recipes/turkish-lentil-soup/: UnicodeDecodeError - 'utf-8' codec can't decode byte 0x83 in position 0: invalid start byte
2026-03-04 21:15:51,814 - INFO - Fetching URL: https://www.foodforfitness.co.uk/recipes/hoisin-duck-noodles/
2026-03-04 21:15:51,923 - ERROR - Unexpected error fetching https://www.foodforfitness.co.uk/recipes/hoisin-duck-noodles/: UnicodeDecodeError - 'utf-8' codec can't decode byte 0xe4 in position 4: invalid continuation byte
2026-03-04 21:15:51,925 - INFO - Fetching URL: https://www.foodforfitness.co.uk/recipes/slow-cooker-chicken-casserole/
2026-03-04 21:15:52,026 - ERROR - Unexpected error fetching https://www.foodforfitness.co.uk/recipes/slow-cooker-chicken-casserole/: UnicodeDecodeError - 'utf-8' codec can't decode byte 0xfe in position 2: invalid start byte
2026-03-04 21:15:52,028 - INFO - Fetching URL: https://www.foodforfitness.co.uk/recipes/tuscan-salmon/
2026-03-04 21:15:52,153 - ERROR - Unexpected error fetching https://www.foodforfitness.co.uk/recipes/tuscan-salmon/: UnicodeDecodeError - 'utf-8' codec can't decode byte 0x83 in position 0: invalid start byte
2026-03-04 21:15:52,155 - INFO - Fetching URL: https://www.foodforfitness.co.uk/recipes/chicken-supreme/
2026-03-04 21:15:52,426 - ERROR - Unexpected error fetching https://www.foodforfitness.co.uk/recipes/chicken-supreme/: UnicodeDecodeError - 'utf-8' codec can't decode byte 0xb5 in position 1: invalid start byte
2026-03-04 21:15:52,428 - INFO - Fetching URL: https://www.foodforfitness.co.uk/recipes/salmon-risotto/
2026-03-04 21:15:52,537 - ERROR - Unexpected error fetching https://www.foodforfitness.co.uk/recipes/salmon-risotto/: UnicodeDecodeError - 'utf-8' codec can't decode byte 0xe4 in position 4: invalid continuation byte
2026-03-04 21:15:52,539 - INFO - Fetching URL: https://www.foodforfitness.co.uk/recipes/beef-chow-mein/
2026-03-04 21:15:52,640 - ERROR - Unexpected error fetching https://www.foodforfitness.co.uk/recipes/beef-chow-mein/: UnicodeDecodeError - 'utf-8' codec can't decode byte 0xe4 in position 4: invalid continuation byte
2026-03-04 21:15:52,642 - INFO - Fetching URL: https://www.foodforfitness.co.uk/recipes/palak-chicken/
2026-03-04 21:15:52,745 - ERROR - Unexpected error fetching https://www.foodforfitness.co.uk/recipes/palak-chicken/: UnicodeDecodeError - 'utf-8' codec can't decode byte 0xfa in position 2: invalid start byte
2026-03-04 21:15:52,747 - INFO - Fetching URL: https://www.foodforfitness.co.uk/recipes/chicken-fricassee/
2026-03-04 21:15:52,883 - ERROR - Unexpected error fetching https://www.foodforfitness.co.uk/recipes/chicken-fricassee/: UnicodeDecodeError - 'utf-8' codec can't decode byte 0xe4 in position 4: invalid continuation byte
2026-03-04 21:15:52,885 - INFO - Fetching URL: https://www.foodforfitness.co.uk/recipes/chicken-keema/
2026-03-04 21:15:52,984 - ERROR - Unexpected error fetching https://www.foodforfitness.co.uk/recipes/chicken-keema/: UnicodeDecodeError - 'utf-8' codec can't decode byte 0xe4 in position 4: invalid continuation byte
2026-03-04 21:15:52,986 - INFO - Fetching URL: https://www.foodforfitness.co.uk/recipes/chicken-bhuna/
2026-03-04 21:15:53,080 - ERROR - Unexpected error fetching https://www.foodforfitness.co.uk/recipes/chicken-bhuna/: UnicodeDecodeError - 'utf-8' codec can't decode byte 0x83 in position 0: invalid start byte
2026-03-04 21:15:53,082 - INFO - Fetching URL: https://www.foodforfitness.co.uk/recipes/prawn-linguini/
2026-03-04 21:15:53,204 - ERROR - Unexpected error fetching https://www.foodforfitness.co.uk/recipes/prawn-linguini/: UnicodeDecodeError - 'utf-8' codec can't decode byte 0xf8 in position 2: invalid start byte
2026-03-04 21:15:53,206 - INFO - Fetching URL: https://www.foodforfitness.co.uk/recipes/marry-me-chicken-orzo/
2026-03-04 21:15:53,321 - ERROR - Unexpected error fetching https://www.foodforfitness.co.uk/recipes/marry-me-chicken-orzo/: UnicodeDecodeError - 'utf-8' codec can't decode byte 0xe4 in position 4: invalid continuation byte
2026-03-04 21:15:53,323 - INFO - Fetching URL: https://www.foodforfitness.co.uk/recipes/korean-chicken-recipe/
2026-03-04 21:15:53,432 - ERROR - Unexpected error fetching https://www.foodforfitness.co.uk/recipes/korean-chicken-recipe/: UnicodeDecodeError - 'utf-8' codec can't decode byte 0xe4 in position 4: invalid continuation byte
2026-03-04 21:15:53,436 - INFO - Fetching URL: https://www.foodforfitness.co.uk/recipes/sweet-chilli-salmon/
2026-03-04 21:15:53,546 - ERROR - Unexpected error fetching https://www.foodforfitness.co.uk/recipes/sweet-chilli-salmon/: UnicodeDecodeError - 'utf-8' codec can't decode byte 0xa3 in position 0: invalid start byte
2026-03-04 21:15:53,548 - INFO - Fetching URL: https://www.foodforfitness.co.uk/recipes/chicken-chorizo-orzo/
2026-03-04 21:15:53,645 - ERROR - Unexpected error fetching https://www.foodforfitness.co.uk/recipes/chicken-chorizo-orzo/: UnicodeDecodeError - 'utf-8' codec can't decode byte 0x83 in position 0: invalid start byte
2026-03-04 21:15:53,647 - INFO - Fetching URL: https://www.foodforfitness.co.uk/recipes/jamaican-pepper-steak/
2026-03-04 21:15:53,750 - ERROR - Unexpected error fetching https://www.foodforfitness.co.uk/recipes/jamaican-pepper-steak/: UnicodeDecodeError - 'utf-8' codec can't decode byte 0xa3 in position 0: invalid start byte
2026-03-04 21:15:53,752 - INFO - Fetching URL: https://www.foodforfitness.co.uk/recipes/pork-stroganoff/
2026-03-04 21:15:53,863 - ERROR - Unexpected error fetching https://www.foodforfitness.co.uk/recipes/pork-stroganoff/: UnicodeDecodeError - 'utf-8' codec can't decode byte 0xe4 in position 4: invalid continuation byte
2026-03-04 21:15:53,865 - INFO - Fetching URL: https://www.foodforfitness.co.uk/recipes/chicken-and-chorizo-risotto/
2026-03-04 21:15:53,974 - ERROR - Unexpected error fetching https://www.foodforfitness.co.uk/recipes/chicken-and-chorizo-risotto/: UnicodeDecodeError - 'utf-8' codec can't decode byte 0x83 in position 0: invalid start byte
2026-03-04 21:15:53,977 - INFO - Fetching URL: https://www.foodforfitness.co.uk/recipes/tarragon-chicken/
2026-03-04 21:15:54,080 - ERROR - Unexpected error fetching https://www.foodforfitness.co.uk/recipes/tarragon-chicken/: UnicodeDecodeError - 'utf-8' codec can't decode byte 0xa3 in position 0: invalid start byte
2026-03-04 21:15:54,082 - INFO - Fetching URL: https://www.foodforfitness.co.uk/recipes/salmon-poke-bowl/
2026-03-04 21:15:54,175 - ERROR - Unexpected error fetching https://www.foodforfitness.co.uk/recipes/salmon-poke-bowl/: UnicodeDecodeError - 'utf-8' codec can't decode byte 0xe4 in position 4: invalid continuation byte
2026-03-04 21:15:54,177 - INFO - Fetching URL: https://www.foodforfitness.co.uk/recipes/sticky-chicken-thighs/
2026-03-04 21:15:54,285 - ERROR - Unexpected error fetching https://www.foodforfitness.co.uk/recipes/sticky-chicken-thighs/: UnicodeDecodeError - 'utf-8' codec can't decode byte 0xa3 in position 0: invalid start byte
2026-03-04 21:15:54,287 - INFO - Fetching URL: https://www.foodforfitness.co.uk/recipes/caldereta-de-cordero/
2026-03-04 21:15:54,381 - ERROR - Unexpected error fetching https://www.foodforfitness.co.uk/recipes/caldereta-de-cordero/: UnicodeDecodeError - 'utf-8' codec can't decode byte 0xe4 in position 4: invalid continuation byte
2026-03-04 21:15:54,383 - INFO - Fetching URL: https://www.foodforfitness.co.uk/recipes/cocido-madrileno/
2026-03-04 21:15:54,490 - ERROR - Unexpected error fetching https://www.foodforfitness.co.uk/recipes/cocido-madrileno/: UnicodeDecodeError - 'utf-8' codec can't decode byte 0x83 in position 0: invalid start byte
2026-03-04 21:15:54,492 - INFO - Fetching URL: https://www.foodforfitness.co.uk/recipes/slow-cooker-harissa-chicken/
2026-03-04 21:15:54,599 - ERROR - Unexpected error fetching https://www.foodforfitness.co.uk/recipes/slow-cooker-harissa-chicken/: UnicodeDecodeError - 'utf-8' codec can't decode byte 0x83 in position 0: invalid start byte
2026-03-04 21:15:54,602 - INFO - Fetching URL: https://www.foodforfitness.co.uk/recipes/slow-cooker-chilli-con-carne/
2026-03-04 21:15:54,712 - ERROR - Unexpected error fetching https://www.foodforfitness.co.uk/recipes/slow-cooker-chilli-con-carne/: UnicodeDecodeError - 'utf-8' codec can't decode byte 0xe4 in position 4: invalid continuation byte
2026-03-04 21:15:54,715 - INFO - Fetching URL: https://www.foodforfitness.co.uk/recipes/slow-cooker-chicken-chasseur/
2026-03-04 21:15:54,806 - ERROR - Unexpected error fetching https://www.foodforfitness.co.uk/recipes/slow-cooker-chicken-chasseur/: UnicodeDecodeError - 'utf-8' codec can't decode byte 0xf8 in position 2: invalid start byte
2026-03-04 21:15:54,809 - INFO - Fetching URL: https://www.foodforfitness.co.uk/recipes/szechuan-chicken/
2026-03-04 21:15:54,912 - ERROR - Unexpected error fetching https://www.foodforfitness.co.uk/recipes/szechuan-chicken/: UnicodeDecodeError - 'utf-8' codec can't decode byte 0xa3 in position 0: invalid start byte
2026-03-04 21:15:54,915 - INFO - Fetching URL: https://www.foodforfitness.co.uk/recipes/slow-cooker-chicken-tikka-masala/
2026-03-04 21:15:55,134 - ERROR - Unexpected error fetching https://www.foodforfitness.co.uk/recipes/slow-cooker-chicken-tikka-masala/: UnicodeDecodeError - 'utf-8' codec can't decode byte 0x83 in position 0: invalid start byte
2026-03-04 21:15:55,136 - INFO - Fetching URL: https://www.foodforfitness.co.uk/recipes/slow-cooker-lemon-chicken/
2026-03-04 21:15:55,243 - ERROR - Unexpected error fetching https://www.foodforfitness.co.uk/recipes/slow-cooker-lemon-chicken/: UnicodeDecodeError - 'utf-8' codec can't decode byte 0x83 in position 0: invalid start byte
2026-03-04 21:15:55,246 - INFO - Fetching URL: https://www.foodforfitness.co.uk/recipes/authentic-bolognese/
2026-03-04 21:15:55,368 - ERROR - Unexpected error fetching https://www.foodforfitness.co.uk/recipes/authentic-bolognese/: UnicodeDecodeError - 'utf-8' codec can't decode byte 0xe4 in position 4: invalid continuation byte
2026-03-04 21:15:55,370 - INFO - Fetching URL: https://www.foodforfitness.co.uk/recipes/slow-cooker-chicken-satay/
2026-03-04 21:15:55,475 - ERROR - Unexpected error fetching https://www.foodforfitness.co.uk/recipes/slow-cooker-chicken-satay/: UnicodeDecodeError - 'utf-8' codec can't decode byte 0xa3 in position 0: invalid start byte
2026-03-04 21:15:55,477 - INFO - Fetching URL: https://www.foodforfitness.co.uk/recipes/slow-cooker-beef-stifado/
2026-03-04 21:15:55,583 - ERROR - Unexpected error fetching https://www.foodforfitness.co.uk/recipes/slow-cooker-beef-stifado/: UnicodeDecodeError - 'utf-8' codec can't decode byte 0x83 in position 0: invalid start byte
2026-03-04 21:15:55,585 - INFO - Fetching URL: https://www.foodforfitness.co.uk/recipes/slow-cooker-thai-red-chicken-curry/
2026-03-04 21:15:55,697 - ERROR - Unexpected error fetching https://www.foodforfitness.co.uk/recipes/slow-cooker-thai-red-chicken-curry/: UnicodeDecodeError - 'utf-8' codec can't decode byte 0x83 in position 0: invalid start byte
2026-03-04 21:15:55,699 - INFO - Fetching URL: https://www.foodforfitness.co.uk/recipes/slow-cooker-marry-me-chicken/
2026-03-04 21:15:55,794 - ERROR - Unexpected error fetching https://www.foodforfitness.co.uk/recipes/slow-cooker-marry-me-chicken/: UnicodeDecodeError - 'utf-8' codec can't decode byte 0x83 in position 0: invalid start byte
2026-03-04 21:15:55,797 - INFO - Fetching URL: https://www.foodforfitness.co.uk/recipes/slow-cooker-lamb-tagine/
2026-03-04 21:15:55,903 - ERROR - Unexpected error fetching https://www.foodforfitness.co.uk/recipes/slow-cooker-lamb-tagine/: UnicodeDecodeError - 'utf-8' codec can't decode byte 0xa3 in position 0: invalid start byte
2026-03-04 21:15:55,905 - INFO - Fetching URL: https://www.foodforfitness.co.uk/recipes/chicken-madras/
2026-03-04 21:15:56,089 - ERROR - Unexpected error fetching https://www.foodforfitness.co.uk/recipes/chicken-madras/: UnicodeDecodeError - 'utf-8' codec can't decode byte 0x83 in position 0: invalid start byte
2026-03-04 21:15:56,091 - INFO - Fetching URL: https://www.foodforfitness.co.uk/recipes/chicken-vodka-pasta/
2026-03-04 21:15:56,185 - ERROR - Unexpected error fetching https://www.foodforfitness.co.uk/recipes/chicken-vodka-pasta/: UnicodeDecodeError - 'utf-8' codec can't decode byte 0x83 in position 0: invalid start byte
2026-03-04 21:15:56,187 - INFO - Fetching URL: https://www.foodforfitness.co.uk/recipes/creamy-beef-pasta/
2026-03-04 21:15:56,288 - ERROR - Unexpected error fetching https://www.foodforfitness.co.uk/recipes/creamy-beef-pasta/: UnicodeDecodeError - 'utf-8' codec can't decode byte 0xe4 in position 4: invalid continuation byte
2026-03-04 21:15:56,290 - INFO - Fetching URL: https://www.foodforfitness.co.uk/recipes/slow-cooker-thai-green-curry/
2026-03-04 21:15:56,394 - ERROR - Unexpected error fetching https://www.foodforfitness.co.uk/recipes/slow-cooker-thai-green-curry/: UnicodeDecodeError - 'utf-8' codec can't decode byte 0x83 in position 0: invalid start byte
2026-03-04 21:15:56,396 - INFO - Fetching URL: https://www.foodforfitness.co.uk/recipes/beef-bourguignon-recipe-slow-cooker/
2026-03-04 21:15:56,492 - ERROR - Unexpected error fetching https://www.foodforfitness.co.uk/recipes/beef-bourguignon-recipe-slow-cooker/: UnicodeDecodeError - 'utf-8' codec can't decode byte 0xe4 in position 4: invalid continuation byte
2026-03-04 21:15:56,494 - INFO - Fetching URL: https://www.foodforfitness.co.uk/recipes/brazilian-picadillo/
2026-03-04 21:15:56,606 - ERROR - Unexpected error fetching https://www.foodforfitness.co.uk/recipes/brazilian-picadillo/: UnicodeDecodeError - 'utf-8' codec can't decode byte 0xf8 in position 2: invalid start byte
2026-03-04 21:15:56,609 - INFO - Fetching URL: https://www.foodforfitness.co.uk/recipes/red-lentil-soup/
2026-03-04 21:15:56,709 - ERROR - Unexpected error fetching https://www.foodforfitness.co.uk/recipes/red-lentil-soup/: UnicodeDecodeError - 'utf-8' codec can't decode byte 0xe4 in position 4: invalid continuation byte
2026-03-04 21:15:56,711 - INFO - Fetching URL: https://www.foodforfitness.co.uk/recipes/salt-and-pepper-chicken/
2026-03-04 21:15:56,818 - ERROR - Unexpected error fetching https://www.foodforfitness.co.uk/recipes/salt-and-pepper-chicken/: UnicodeDecodeError - 'utf-8' codec can't decode byte 0xd6 in position 1: invalid continuation byte
2026-03-04 21:15:56,820 - INFO - Fetching URL: https://www.foodforfitness.co.uk/recipes/peruvian-chicken/
2026-03-04 21:15:56,949 - ERROR - Unexpected error fetching https://www.foodforfitness.co.uk/recipes/peruvian-chicken/: UnicodeDecodeError - 'utf-8' codec can't decode byte 0x83 in position 0: invalid start byte
2026-03-04 21:15:56,951 - INFO - Fetching URL: https://www.foodforfitness.co.uk/recipes/chicken-dopiaza/
2026-03-04 21:15:57,055 - ERROR - Unexpected error fetching https://www.foodforfitness.co.uk/recipes/chicken-dopiaza/: UnicodeDecodeError - 'utf-8' codec can't decode byte 0x83 in position 0: invalid start byte
2026-03-04 21:15:57,057 - INFO - Fetching URL: https://www.foodforfitness.co.uk/recipes/chicken-pilau/
2026-03-04 21:15:57,165 - ERROR - Unexpected error fetching https://www.foodforfitness.co.uk/recipes/chicken-pilau/: UnicodeDecodeError - 'utf-8' codec can't decode byte 0x83 in position 0: invalid start byte
2026-03-04 21:15:57,167 - INFO - Fetching URL: https://www.foodforfitness.co.uk/recipes/healthy-sweet-and-sour-chicken/
2026-03-04 21:15:57,267 - ERROR - Unexpected error fetching https://www.foodforfitness.co.uk/recipes/healthy-sweet-and-sour-chicken/: UnicodeDecodeError - 'utf-8' codec can't decode byte 0xa3 in position 0: invalid start byte
2026-03-04 21:15:57,269 - INFO - Fetching URL: https://www.foodforfitness.co.uk/recipes/air-fryer-pork-meatballs/
2026-03-04 21:15:57,376 - ERROR - Unexpected error fetching https://www.foodforfitness.co.uk/recipes/air-fryer-pork-meatballs/: UnicodeDecodeError - 'utf-8' codec can't decode byte 0x83 in position 0: invalid start byte
2026-03-04 21:15:57,378 - INFO - Fetching URL: https://www.foodforfitness.co.uk/recipes/korean-beef-bowl/
2026-03-04 21:15:57,473 - ERROR - Unexpected error fetching https://www.foodforfitness.co.uk/recipes/korean-beef-bowl/: UnicodeDecodeError - 'utf-8' codec can't decode byte 0x83 in position 0: invalid start byte
2026-03-04 21:15:57,475 - INFO - Fetching URL: https://www.foodforfitness.co.uk/recipes/jamaican-jerk-chicken/
2026-03-04 21:15:57,577 - ERROR - Unexpected error fetching https://www.foodforfitness.co.uk/recipes/jamaican-jerk-chicken/: UnicodeDecodeError - 'utf-8' codec can't decode byte 0xf8 in position 2: invalid start byte
2026-03-04 21:15:57,579 - INFO - Fetching URL: https://www.foodforfitness.co.uk/recipes/sweet-chilli-chicken/
2026-03-04 21:15:57,675 - ERROR - Unexpected error fetching https://www.foodforfitness.co.uk/recipes/sweet-chilli-chicken/: UnicodeDecodeError - 'utf-8' codec can't decode byte 0xf8 in position 2: invalid start byte
2026-03-04 21:15:57,677 - INFO - Fetching URL: https://www.foodforfitness.co.uk/recipes/healthy-chicken-karahi/
2026-03-04 21:15:57,788 - ERROR - Unexpected error fetching https://www.foodforfitness.co.uk/recipes/healthy-chicken-karahi/: UnicodeDecodeError - 'utf-8' codec can't decode byte 0xa3 in position 0: invalid start byte
2026-03-04 21:15:57,790 - INFO - Fetching URL: https://www.foodforfitness.co.uk/recipes/turkish-meatballs/
2026-03-04 21:15:57,886 - ERROR - Unexpected error fetching https://www.foodforfitness.co.uk/recipes/turkish-meatballs/: UnicodeDecodeError - 'utf-8' codec can't decode byte 0x83 in position 0: invalid start byte
2026-03-04 21:15:57,888 - INFO - Fetching URL: https://www.foodforfitness.co.uk/recipes/quinoa-salad-feta/
2026-03-04 21:15:58,016 - ERROR - Unexpected error fetching https://www.foodforfitness.co.uk/recipes/quinoa-salad-feta/: UnicodeDecodeError - 'utf-8' codec can't decode byte 0x83 in position 0: invalid start byte
2026-03-04 21:15:58,018 - INFO - Fetching URL: https://www.foodforfitness.co.uk/recipes/mexican-pork-stew/
2026-03-04 21:15:58,184 - ERROR - Unexpected error fetching https://www.foodforfitness.co.uk/recipes/mexican-pork-stew/: UnicodeDecodeError - 'utf-8' codec can't decode byte 0xf8 in position 2: invalid start byte
2026-03-04 21:15:58,187 - INFO - Fetching URL: https://www.foodforfitness.co.uk/recipes/salmon-pasta-salad/
2026-03-04 21:15:58,335 - ERROR - Unexpected error fetching https://www.foodforfitness.co.uk/recipes/salmon-pasta-salad/: UnicodeDecodeError - 'utf-8' codec can't decode byte 0x83 in position 0: invalid start byte
2026-03-04 21:15:58,337 - INFO - Fetching URL: https://www.foodforfitness.co.uk/recipes/air-fryer-salmon-parcels/
2026-03-04 21:15:58,495 - ERROR - Unexpected error fetching https://www.foodforfitness.co.uk/recipes/air-fryer-salmon-parcels/: UnicodeDecodeError - 'utf-8' codec can't decode byte 0xf8 in position 2: invalid start byte
2026-03-04 21:15:58,497 - INFO - Fetching URL: https://www.foodforfitness.co.uk/recipes/mexican-steak/
2026-03-04 21:15:58,596 - ERROR - Unexpected error fetching https://www.foodforfitness.co.uk/recipes/mexican-steak/: UnicodeDecodeError - 'utf-8' codec can't decode byte 0x83 in position 0: invalid start byte
2026-03-04 21:15:58,598 - INFO - Fetching URL: https://www.foodforfitness.co.uk/recipes/cambodian-curry/
2026-03-04 21:15:58,726 - ERROR - Unexpected error fetching https://www.foodforfitness.co.uk/recipes/cambodian-curry/: UnicodeDecodeError - 'utf-8' codec can't decode byte 0x83 in position 0: invalid start byte
2026-03-04 21:15:58,728 - INFO - Fetching URL: https://www.foodforfitness.co.uk/recipes/american-bbq-meatloaf-recipe/
2026-03-04 21:15:58,841 - ERROR - Unexpected error fetching https://www.foodforfitness.co.uk/recipes/american-bbq-meatloaf-recipe/: UnicodeDecodeError - 'utf-8' codec can't decode byte 0x83 in position 0: invalid start byte
2026-03-04 21:15:58,843 - INFO - Fetching URL: https://www.foodforfitness.co.uk/recipes/slow-cooker-spaghetti-bolognese/
2026-03-04 21:15:58,939 - ERROR - Unexpected error fetching https://www.foodforfitness.co.uk/recipes/slow-cooker-spaghetti-bolognese/: UnicodeDecodeError - 'utf-8' codec can't decode byte 0x83 in position 0: invalid start byte
2026-03-04 21:15:58,941 - INFO - Fetching URL: https://www.foodforfitness.co.uk/recipes/slow-cooker-pork-casserole/
2026-03-04 21:15:59,054 - ERROR - Unexpected error fetching https://www.foodforfitness.co.uk/recipes/slow-cooker-pork-casserole/: UnicodeDecodeError - 'utf-8' codec can't decode byte 0xf8 in position 2: invalid start byte
2026-03-04 21:15:59,056 - INFO - Fetching URL: https://www.foodforfitness.co.uk/recipes/thai-basil-pork-pad-kra-pao/
2026-03-04 21:15:59,161 - ERROR - Unexpected error fetching https://www.foodforfitness.co.uk/recipes/thai-basil-pork-pad-kra-pao/: UnicodeDecodeError - 'utf-8' codec can't decode byte 0x83 in position 0: invalid start byte
2026-03-04 21:15:59,163 - INFO - Fetching URL: https://www.foodforfitness.co.uk/recipes/moroccan-chickpea-butternut-squash-stew/
2026-03-04 21:15:59,259 - ERROR - Unexpected error fetching https://www.foodforfitness.co.uk/recipes/moroccan-chickpea-butternut-squash-stew/: UnicodeDecodeError - 'utf-8' codec can't decode byte 0x83 in position 0: invalid start byte
2026-03-04 21:15:59,261 - INFO - Fetching URL: https://www.foodforfitness.co.uk/recipes/pork-goulash/
2026-03-04 21:15:59,427 - ERROR - Unexpected error fetching https://www.foodforfitness.co.uk/recipes/pork-goulash/: UnicodeDecodeError - 'utf-8' codec can't decode byte 0xfe in position 2: invalid start byte
2026-03-04 21:15:59,429 - INFO - Fetching URL: https://www.foodforfitness.co.uk/recipes/brazilian-chicken-stew-frango-de-panela/
2026-03-04 21:15:59,522 - ERROR - Unexpected error fetching https://www.foodforfitness.co.uk/recipes/brazilian-chicken-stew-frango-de-panela/: UnicodeDecodeError - 'utf-8' codec can't decode byte 0x83 in position 0: invalid start byte
2026-03-04 21:15:59,524 - INFO - Fetching URL: https://www.foodforfitness.co.uk/recipes/chicken-chorizo-paella/
2026-03-04 21:15:59,631 - ERROR - Unexpected error fetching https://www.foodforfitness.co.uk/recipes/chicken-chorizo-paella/: UnicodeDecodeError - 'utf-8' codec can't decode byte 0x83 in position 0: invalid start byte
2026-03-04 21:15:59,633 - INFO - Fetching URL: https://www.foodforfitness.co.uk/recipes/lentil-curry-vegetarian/
2026-03-04 21:15:59,734 - ERROR - Unexpected error fetching https://www.foodforfitness.co.uk/recipes/lentil-curry-vegetarian/: UnicodeDecodeError - 'utf-8' codec can't decode byte 0xfa in position 2: invalid start byte
2026-03-04 21:15:59,736 - INFO - Fetching URL: https://www.foodforfitness.co.uk/recipes/lentil-chilli/
2026-03-04 21:15:59,829 - ERROR - Unexpected error fetching https://www.foodforfitness.co.uk/recipes/lentil-chilli/: UnicodeDecodeError - 'utf-8' codec can't decode byte 0xfa in position 2: invalid start byte
2026-03-04 21:15:59,831 - INFO - Fetching URL: https://www.foodforfitness.co.uk/recipes/slow-cooker-irn-bru-chicken/
2026-03-04 21:15:59,940 - ERROR - Unexpected error fetching https://www.foodforfitness.co.uk/recipes/slow-cooker-irn-bru-chicken/: UnicodeDecodeError - 'utf-8' codec can't decode byte 0x83 in position 0: invalid start byte
2026-03-04 21:15:59,942 - INFO - Fetching URL: https://www.foodforfitness.co.uk/recipes/carbonnade-flamande-recipe/
2026-03-04 21:16:00,043 - ERROR - Unexpected error fetching https://www.foodforfitness.co.uk/recipes/carbonnade-flamande-recipe/: UnicodeDecodeError - 'utf-8' codec can't decode byte 0x83 in position 0: invalid start byte
2026-03-04 21:16:00,045 - INFO - Fetching URL: https://www.foodforfitness.co.uk/recipes/chicken-cacciatore-recipe/
2026-03-04 21:16:00,180 - ERROR - Unexpected error fetching https://www.foodforfitness.co.uk/recipes/chicken-cacciatore-recipe/: UnicodeDecodeError - 'utf-8' codec can't decode byte 0x83 in position 0: invalid start byte
2026-03-04 21:16:00,183 - INFO - Fetching URL: https://www.foodforfitness.co.uk/recipes/prawn-curry/
2026-03-04 21:16:00,290 - ERROR - Unexpected error fetching https://www.foodforfitness.co.uk/recipes/prawn-curry/: UnicodeDecodeError - 'utf-8' codec can't decode byte 0x83 in position 0: invalid start byte
2026-03-04 21:16:00,292 - INFO - Fetching URL: https://www.foodforfitness.co.uk/recipes/white-chicken-chilli/
2026-03-04 21:16:00,401 - ERROR - Unexpected error fetching https://www.foodforfitness.co.uk/recipes/white-chicken-chilli/: UnicodeDecodeError - 'utf-8' codec can't decode byte 0xa3 in position 0: invalid start byte
2026-03-04 21:16:00,403 - INFO - Fetching URL: https://www.foodforfitness.co.uk/recipes/chicken-and-rice/
2026-03-04 21:16:00,458 - ERROR - HTTP Error for https://www.foodforfitness.co.uk/recipes/chicken-and-rice/: 429 - Too Many Requests
2026-03-04 21:16:00,465 - INFO - Fetching URL: https://www.foodforfitness.co.uk/recipes/turkey-mince-chilli/
2026-03-04 21:16:00,572 - ERROR - Unexpected error fetching https://www.foodforfitness.co.uk/recipes/turkey-mince-chilli/: UnicodeDecodeError - 'utf-8' codec can't decode byte 0xa3 in position 0: invalid start byte
2026-03-04 21:16:00,574 - INFO - Fetching URL: https://www.foodforfitness.co.uk/recipes/crispy-air-fryer-chicken/
2026-03-04 21:16:00,629 - ERROR - HTTP Error for https://www.foodforfitness.co.uk/recipes/crispy-air-fryer-chicken/: 429 - Too Many Requests
2026-03-04 21:16:00,634 - INFO - Fetching URL: https://www.foodforfitness.co.uk/recipes/chicken-satay-recipe/
2026-03-04 21:16:00,688 - ERROR - HTTP Error for https://www.foodforfitness.co.uk/recipes/chicken-satay-recipe/: 429 - Too Many Requests
2026-03-04 21:16:00,692 - INFO - Fetching URL: https://www.foodforfitness.co.uk/recipes/sweet-potato-protein-brownies/
2026-03-04 21:16:00,740 - ERROR - HTTP Error for https://www.foodforfitness.co.uk/recipes/sweet-potato-protein-brownies/: 429 - Too Many Requests
2026-03-04 21:16:00,743 - INFO - Fetching URL: https://www.foodforfitness.co.uk/recipes/italian-beef-stew/
2026-03-04 21:16:00,810 - ERROR - HTTP Error for https://www.foodforfitness.co.uk/recipes/italian-beef-stew/: 429 - Too Many Requests
2026-03-04 21:16:00,813 - INFO - Fetching URL: https://www.foodforfitness.co.uk/recipes/turkey-bolognese/
2026-03-04 21:16:00,869 - ERROR - HTTP Error for https://www.foodforfitness.co.uk/recipes/turkey-bolognese/: 429 - Too Many Requests
2026-03-04 21:16:00,872 - INFO - Fetching URL: https://www.foodforfitness.co.uk/recipes/chicken-jambalaya-recipe/
2026-03-04 21:16:00,928 - ERROR - HTTP Error for https://www.foodforfitness.co.uk/recipes/chicken-jambalaya-recipe/: 429 - Too Many Requests
2026-03-04 21:16:00,932 - INFO - Fetching URL: https://www.foodforfitness.co.uk/recipes/moroccan-beef-tagine/
2026-03-04 21:16:00,984 - ERROR - HTTP Error for https://www.foodforfitness.co.uk/recipes/moroccan-beef-tagine/: 429 - Too Many Requests
2026-03-04 21:16:00,987 - INFO - Fetching URL: https://www.foodforfitness.co.uk/recipes/slow-cooker-pulled-beef/
2026-03-04 21:16:01,043 - ERROR - HTTP Error for https://www.foodforfitness.co.uk/recipes/slow-cooker-pulled-beef/: 429 - Too Many Requests
2026-03-04 21:16:01,046 - INFO - Fetching URL: https://www.foodforfitness.co.uk/recipes/meatza-recipe/
2026-03-04 21:16:01,104 - ERROR - HTTP Error for https://www.foodforfitness.co.uk/recipes/meatza-recipe/: 429 - Too Many Requests
2026-03-04 21:16:01,107 - INFO - Fetching URL: https://www.foodforfitness.co.uk/recipes/protein-pancakes-recipe/
2026-03-04 21:16:01,206 - ERROR - Unexpected error fetching https://www.foodforfitness.co.uk/recipes/protein-pancakes-recipe/: UnicodeDecodeError - 'utf-8' codec can't decode byte 0x83 in position 0: invalid start byte
2026-03-04 21:16:01,209 - INFO - Fetching URL: https://www.foodforfitness.co.uk/recipes/italian-lemon-chicken/
2026-03-04 21:16:01,259 - ERROR - HTTP Error for https://www.foodforfitness.co.uk/recipes/italian-lemon-chicken/: 429 - Too Many Requests
2026-03-04 21:16:01,262 - INFO - Fetching URL: https://www.foodforfitness.co.uk/recipes/sweet-potato-chorizo-soup/
2026-03-04 21:16:01,339 - ERROR - HTTP Error for https://www.foodforfitness.co.uk/recipes/sweet-potato-chorizo-soup/: 429 - Too Many Requests
2026-03-04 21:16:01,342 - INFO - Fetching URL: https://www.foodforfitness.co.uk/recipes/greek-chicken-tray-bake/
2026-03-04 21:16:01,390 - ERROR - HTTP Error for https://www.foodforfitness.co.uk/recipes/greek-chicken-tray-bake/: 429 - Too Many Requests
2026-03-04 21:16:01,393 - INFO - Writing 116 recipes to high_protein.csv...
2026-03-04 21:16:01,395 - INFO - Successfully saved 116 recipes to high_protein.csv
